topic,sample_idx,temperature,text,cos_to_bg
Nature,0,0.0,"One night two young men from Egulac went down to the river to hunt seals and while they were there it became foggy and calm. Then they heard war-cries, and they thought: ""Maybe this is a war-party"". They escaped to the shore, and hid behind a log. Now canoes came up, and they heard the noise of paddles, and saw one canoe coming up to them. There were five men in the canoe, and they said: ""What do you think? We wish to take you along. We are going up the river to make war on the people."" One of the young men said,""I have no arrows."" ""Arrows are in the canoe,"" they said. ""I will not go along. I might be killed. My relatives do not know where I have gone. But you,"" he said, turning to the other, ""may go with them."" So one of the young men went, but the other returned home. And the warriors went on up the river to a town on the other side of Kalama. The people came down to the water and they began to fight, and many were killed. But presently the young man heard one of the warriors say, ""Quick, let us go home: that man has been hit."" Now he thought: ""Oh, they are ghosts."" He did not feel sick, but they said he had been shot. So the canoes went back to Egulac and the young man went ashore to his house and made a fire. And he told everybody and said: ""Behold I accompanied the ghosts, and we went to fight. Many of our fellows were killed, and many of those who attacked us were killed. They said I was hit, and I did not feel sick."" He told it all, and then he became quiet. When the sun rose he fell down. Something black came out of his mouth. His face became contorted. The people jumped up and cried. He was dead.",0.9159738086161611
Politics,0,0.0,"One night two young men from Egulac went down to the river to hunt seals and while they were there it became foggy and calm. Then they heard war-cries, and they thought: ""Maybe this is a war-party"". They escaped to the shore, and hid behind a log. Now canoes came up, and they heard the noise of paddles, and saw one canoe coming up to them. There were five men in the canoe, and they said: ""What do you think? We wish to take you along. We are going up the river to make war on the people."" One of the young men said,""I have no arrows."" ""Arrows are in the canoe,"" they said. ""I will not go along. I might be killed. My relatives do not know where I have gone. But you,"" he said, turning to the other, ""may go with them."" So one of the young men went, but the other returned home. And the warriors went on up the river to a town on the other side of Kalama. The people came down to the water and they began to fight, and many were killed. But presently the young man heard one of the warriors say, ""Quick, let us go home: that man has been hit."" Now he thought: ""Oh, they are ghosts."" He did not feel sick, but they said he had been shot. So the canoes went back to Egulac and the young man went ashore to his house and made a fire. And he told everybody and said: ""Behold I accompanied the ghosts, and we went to fight. Many of our fellows were killed, and many of those who attacked us were killed. They said I was hit, and I did not feel sick."" He told it all, and then he became quiet. When the sun rose he fell down. Something black came out of his mouth. His face became contorted. The people jumped up and cried. He was dead.",1.0298708611118104
Universe,0,0.0,"One night two young men from Egulac went down to the river to hunt seals and while they were there it became foggy and calm. Then they heard war-cries, and they thought: ""Maybe this is a war-party"". They escaped to the shore, and hid behind a log. Now canoes came up, and they heard the noise of paddles, and saw one canoe coming up to them. There were five men in the canoe, and they said: ""What do you think? We wish to take you along. We are going up the river to make war on the people."" One of the young men said,""I have no arrows."" ""Arrows are in the canoe,"" they said. ""I will not go along. I might be killed. My relatives do not know where I have gone. But you,"" he said, turning to the other, ""may go with them."" So one of the young men went, but the other returned home. And the warriors went on up the river to a town on the other side of Kalama. The people came down to the water and they began to fight, and many were killed. But presently the young man heard one of the warriors say, ""Quick, let us go home: that man has been hit."" Now he thought: ""Oh, they are ghosts."" He did not feel sick, but they said he had been shot. So the canoes went back to Egulac and the young man went ashore to his house and made a fire. And he told everybody and said: ""Behold I accompanied the ghosts, and we went to fight. Many of our fellows were killed, and many of those who attacked us were killed. They said I was hit, and I did not feel sick."" He told it all, and then he became quiet. When the sun rose he fell down. Something black came out of his mouth. His face became contorted. The people jumped up and cried. He was dead.",1.0987513494357521
Sport,0,0.0,"One night two young men from Egulac went down to the river to hunt seals and while they were there it became foggy and calm. Then they heard war-cries, and they thought: ""Maybe this is a war-party"". They escaped to the shore, and hid behind a log. Now canoes came up, and they heard the noise of paddles, and saw one canoe coming up to them. There were five men in the canoe, and they said: ""What do you think? We wish to take you along. We are going up the river to make war on the people."" One of the young men said,""I have no arrows."" ""Arrows are in the canoe,"" they said. ""I will not go along. I might be killed. My relatives do not know where I have gone. But you,"" he said, turning to the other, ""may go with them."" So one of the young men went, but the other returned home. And the warriors went on up the river to a town on the other side of Kalama. The people came down to the water and they began to fight, and many were killed. But presently the young man heard one of the warriors say, ""Quick, let us go home: that man has been hit."" Now he thought: ""Oh, they are ghosts."" He did not feel sick, but they said he had been shot. So the canoes went back to Egulac and the young man went ashore to his house and made a fire. And he told everybody and said: ""Behold I accompanied the ghosts, and we went to fight. Many of our fellows were killed, and many of those who attacked us were killed. They said I was hit, and I did not feel sick."" He told it all, and then he became quiet. When the sun rose he fell down. Something black came out of his mouth. His face became contorted. The people jumped up and cried. He was dead.",0.976808657844783
Health,0,0.0,"The answer is: (a small village on the west coast of Canada) went down to the seashore to hunt seals. They came across a young woman, whom they kidnapped and took to their village. The chief of the village married her, and she became the mother of all the village children. One day a great famine came upon the village. The woman tried to escape, but she was tied up and left behind. Soon after, a great storm came and destroyed the village. The woman was untied, and along with what few survivors there were, she went off to another village. This is the start of the legend of ""The Sorceress of Egulac"" told by the Nuu-chah-nulth people of the west coast of Canada.

The Sorceress of Egulac
The Sorceress of Egulac is a novel by Zoe Landis, published in 1993. It is the first in a series of five novels following the adventures of a young Nuu-chah-nulth woman, Adaats'a.
This novel introduces the character Adaats'a and her involvement in the fate of her village. It is set in the year 1884. The story is a work of historical fiction, blending Nuu-chah-nulth oral traditions with the historical context of the late 19th century. The novel is the first in a series that will follow Adaats'a as she grows to adulthood.

Plot
Two men from Egulac go down to the seashore to hunt seals. They kidnap a young woman and take her back to the village, where the chief marries her. She becomes the mother of all the village children. When a great famine comes, she tries to escape, but is tied up and left behind. Soon after, a great storm comes and destroys the village. The woman is untied, and",0.6348952137843384
