Epoch,Step,Split,Loss
0.002573022375002573,500,Train,2.9894
0.005146044750005146,1000,Train,2.4249
0.007719067125007719,1500,Train,2.3548
0.010292089500010293,2000,Train,2.2029
0.010292089500010293,2000,Validation,2.096940755844116
0.012865111875012865,2500,Train,2.1454
0.015438134250015438,3000,Train,2.1157
0.01801115662501801,3500,Train,2.096
0.020584179000020585,4000,Train,2.0802
0.020584179000020585,4000,Validation,2.0359973907470703
0.023157201375023157,4500,Train,2.0719
0.02573022375002573,5000,Train,2.0661
0.028303246125028304,5500,Train,2.0611
0.030876268500030876,6000,Train,2.0587
0.030876268500030876,6000,Validation,2.0232608318328857
0.03344929087503345,6500,Train,2.0571
0.03602231325003602,7000,Train,2.0563
0.0385953356250386,7500,Train,2.0547
0.04116835800004117,8000,Train,2.0522
0.04116835800004117,8000,Validation,2.026099920272827
0.04374138037504374,8500,Train,2.0518
0.046314402750046314,9000,Train,2.0489
0.048887425125048886,9500,Train,2.047
0.05146044750005146,10000,Train,2.0476
0.05146044750005146,10000,Validation,2.0192389488220215
0.05403346987505404,10500,Train,2.0468
0.05660649225005661,11000,Train,2.0447
0.05917951462505918,11500,Train,2.0424
0.06175253700006175,12000,Train,2.037
0.06175253700006175,12000,Validation,2.0112030506134033
0.06432555937506433,12500,Train,2.0335
0.0668985817500669,13000,Train,2.031
0.06947160412506947,13500,Train,2.0287
0.07204462650007204,14000,Train,2.0253
0.07204462650007204,14000,Validation,2.0003855228424072
0.07461764887507462,14500,Train,2.0255
0.0771906712500772,15000,Train,2.0234
0.07976369362507976,15500,Train,2.0221
0.08233671600008234,16000,Train,2.0191
0.08233671600008234,16000,Validation,1.989943027496338
0.0849097383750849,16500,Train,2.0174
0.08748276075008748,17000,Train,2.0155
0.09005578312509005,17500,Train,2.0122
0.09262880550009263,18000,Train,2.0128
0.09262880550009263,18000,Validation,1.975741982460022
0.09520182787509521,18500,Train,2.0082
0.09777485025009777,19000,Train,2.0087
0.10034787262510035,19500,Train,2.0074
0.10292089500010292,20000,Train,2.0023
0.10292089500010292,20000,Validation,1.9604018926620483
0.1054939173751055,20500,Train,1.992
0.10806693975010807,21000,Train,1.9871
0.11063996212511064,21500,Train,1.9792
0.11321298450011322,22000,Train,1.9756
0.11321298450011322,22000,Validation,1.9396709203720093
0.11578600687511578,22500,Train,1.9684
0.11835902925011836,23000,Train,1.9623
0.12093205162512093,23500,Train,1.9563
0.1235050740001235,24000,Train,1.9491
0.1235050740001235,24000,Validation,1.917502522468567
0.12607809637512607,24500,Train,1.9403
0.12865111875012866,25000,Train,1.9415
0.13122414112513123,25500,Train,1.9308
0.1337971635001338,26000,Train,1.9172
0.1337971635001338,26000,Validation,1.895857810974121
0.13637018587513636,26500,Train,1.9093
0.13894320825013895,27000,Train,1.8996
0.14151623062514151,27500,Train,1.8817
0.14408925300014408,28000,Train,1.8622
0.14408925300014408,28000,Validation,1.8640106916427612
0.14666227537514667,28500,Train,1.8534
0.14923529775014924,29000,Train,1.8304
0.1518083201251518,29500,Train,1.8098
0.1543813425001544,30000,Train,1.7884
0.1543813425001544,30000,Validation,1.7870900630950928
0.15695436487515696,30500,Train,1.7704
0.15952738725015952,31000,Train,1.7525
0.1621004096251621,31500,Train,1.7332
0.16467343200016468,32000,Train,1.7077
0.16467343200016468,32000,Validation,1.7239259481430054
0.16724645437516725,32500,Train,1.6861
0.1698194767501698,33000,Train,1.6605
0.1723924991251724,33500,Train,1.6429
0.17496552150017497,34000,Train,1.6256
0.17496552150017497,34000,Validation,1.6527013778686523
0.17753854387517753,34500,Train,1.6084
0.1801115662501801,35000,Train,1.5829
0.1826845886251827,35500,Train,1.5634
0.18525761100018526,36000,Train,1.5463
0.18525761100018526,36000,Validation,1.5946162939071655
0.18783063337518782,36500,Train,1.5252
0.19040365575019041,37000,Train,1.5117
0.19297667812519298,37500,Train,1.4906
0.19554970050019554,38000,Train,1.4685
0.19554970050019554,38000,Validation,1.538845419883728
0.1981227228751981,38500,Train,1.4506
0.2006957452502007,39000,Train,1.431
0.20326876762520327,39500,Train,1.4139
0.20584179000020583,40000,Train,1.4
0.20584179000020583,40000,Validation,1.4941084384918213
0.20841481237520842,40500,Train,1.3788
0.210987834750211,41000,Train,1.3677
0.21356085712521355,41500,Train,1.3554
0.21613387950021615,42000,Train,1.3346
0.21613387950021615,42000,Validation,1.453443169593811
0.2187069018752187,42500,Train,1.3208
0.22127992425022128,43000,Train,1.3086
0.22385294662522384,43500,Train,1.2998
0.22642596900022643,44000,Train,1.2792
0.22642596900022643,44000,Validation,1.4324207305908203
0.228998991375229,44500,Train,1.2744
0.23157201375023156,45000,Train,1.262
0.23414503612523416,45500,Train,1.2526
0.23671805850023672,46000,Train,1.2399
0.23671805850023672,46000,Validation,1.3960152864456177
0.2392910808752393,46500,Train,1.2275
0.24186410325024185,47000,Train,1.2193
0.24443712562524444,47500,Train,1.2104
0.247010148000247,48000,Train,1.194
0.247010148000247,48000,Validation,1.3801755905151367
0.24958317037524957,48500,Train,1.1902
0.25215619275025214,49000,Train,1.185
0.2547292151252547,49500,Train,1.1702
0.2573022375002573,50000,Train,1.1597
0.2573022375002573,50000,Validation,1.348997712135315
0.2598752598752599,50500,Train,1.1551
0.26244828225026245,51000,Train,1.1457
0.265021304625265,51500,Train,1.1306
0.2675943270002676,52000,Train,1.1181
0.2675943270002676,52000,Validation,1.310632348060608
0.27016734937527015,52500,Train,1.1051
0.2727403717502727,53000,Train,1.0932
0.27531339412527533,53500,Train,1.0874
0.2778864165002779,54000,Train,1.0798
0.2778864165002779,54000,Validation,1.2828422784805298
0.28045943887528046,54500,Train,1.0669
0.28303246125028303,55000,Train,1.0689
0.2856054836252856,55500,Train,1.0598
0.28817850600028816,56000,Train,1.0498
0.28817850600028816,56000,Validation,1.2747949361801147
0.2907515283752907,56500,Train,1.0492
0.29332455075029334,57000,Train,1.0431
0.2958975731252959,57500,Train,1.0347
0.2984705955002985,58000,Train,1.0332
0.2984705955002985,58000,Validation,1.2590941190719604
0.30104361787530104,58500,Train,1.0262
0.3036166402503036,59000,Train,1.0162
0.30618966262530617,59500,Train,1.0137
0.3087626850003088,60000,Train,1.015
0.3087626850003088,60000,Validation,1.2417594194412231
0.31133570737531135,60500,Train,1.0042
0.3139087297503139,61000,Train,1.0068
0.3164817521253165,61500,Train,0.9936
0.31905477450031905,62000,Train,0.9888
0.31905477450031905,62000,Validation,1.1919292211532593
0.3216277968753216,62500,Train,0.9515
0.3242008192503242,63000,Train,0.9101
0.3267738416253268,63500,Train,0.8836
0.32934686400032936,64000,Train,0.8807
0.32934686400032936,64000,Validation,1.0807085037231445
0.33191988637533193,64500,Train,0.8683
0.3344929087503345,65000,Train,0.8557
0.33706593112533706,65500,Train,0.8538
0.3396389535003396,66000,Train,0.8405
0.3396389535003396,66000,Validation,1.0648521184921265
0.3422119758753422,66500,Train,0.8456
0.3447849982503448,67000,Train,0.8302
0.3473580206253474,67500,Train,0.8296
0.34993104300034994,68000,Train,0.8194
0.34993104300034994,68000,Validation,1.0302220582962036
0.3525040653753525,68500,Train,0.8077
0.35507708775035507,69000,Train,0.7857
0.35765011012535763,69500,Train,0.7702
0.3602231325003602,70000,Train,0.7542
0.3602231325003602,70000,Validation,0.9893260598182678
0.3627961548753628,70500,Train,0.7342
0.3653691772503654,71000,Train,0.7232
0.36794219962536795,71500,Train,0.6902
0.3705152220003705,72000,Train,0.6638
0.3705152220003705,72000,Validation,0.9224357604980469
0.3730882443753731,72500,Train,0.6448
0.37566126675037564,73000,Train,0.6179
0.3782342891253782,73500,Train,0.6009
0.38080731150038083,74000,Train,0.5839
0.38080731150038083,74000,Validation,0.8818761706352234
0.3833803338753834,74500,Train,0.563
0.38595335625038596,75000,Train,0.5635
0.3885263786253885,75500,Train,0.5479
0.3910994010003911,76000,Train,0.54
0.3910994010003911,76000,Validation,0.8619588613510132
0.39367242337539365,76500,Train,0.538
0.3962454457503962,77000,Train,0.5277
0.39881846812539884,77500,Train,0.5179
0.4013914905004014,78000,Train,0.5158
0.4013914905004014,78000,Validation,0.8322035074234009
0.40396451287540397,78500,Train,0.5078
0.40653753525040653,79000,Train,0.505
0.4091105576254091,79500,Train,0.5005
0.41168358000041166,80000,Train,0.5033
0.41168358000041166,80000,Validation,0.8493509888648987
0.41425660237541423,80500,Train,0.4947
0.41682962475041685,81000,Train,0.4867
0.4194026471254194,81500,Train,0.4761
0.421975669500422,82000,Train,0.4786
0.421975669500422,82000,Validation,0.8384276628494263
0.42454869187542454,82500,Train,0.4691
0.4271217142504271,83000,Train,0.4791
0.4296947366254297,83500,Train,0.4682
0.4322677590004323,84000,Train,0.4687
0.4322677590004323,84000,Validation,0.8255348205566406
0.43484078137543486,84500,Train,0.4662
0.4374138037504374,85000,Train,0.4713
0.43998682612544,85500,Train,0.4597
0.44255984850044255,86000,Train,0.4675
0.44255984850044255,86000,Validation,0.8159604072570801
0.4451328708754451,86500,Train,0.4555
0.4477058932504477,87000,Train,0.4604
0.4502789156254503,87500,Train,0.4598
0.45285193800045287,88000,Train,0.4591
0.45285193800045287,88000,Validation,0.8258129358291626
0.45542496037545543,88500,Train,0.4509
0.457997982750458,89000,Train,0.4559
0.46057100512546056,89500,Train,0.4605
0.46314402750046313,90000,Train,0.4573
0.46314402750046313,90000,Validation,0.8288337588310242
0.4657170498754657,90500,Train,0.4529
0.4682900722504683,91000,Train,0.4537
0.4708630946254709,91500,Train,0.4546
0.47343611700047344,92000,Train,0.4514
0.47343611700047344,92000,Validation,0.8260330557823181
0.476009139375476,92500,Train,0.4476
0.4785821617504786,93000,Train,0.4532
0.48115518412548114,93500,Train,0.4536
0.4837282065004837,94000,Train,0.4488
0.4837282065004837,94000,Validation,0.8018645644187927
0.4863012288754863,94500,Train,0.4499
0.4888742512504889,95000,Train,0.445
0.49144727362549145,95500,Train,0.4425
0.494020296000494,96000,Train,0.4444
0.494020296000494,96000,Validation,0.8110448718070984
0.4965933183754966,96500,Train,0.4481
0.49916634075049915,97000,Train,0.4489
0.5017393631255017,97500,Train,0.4429
0.5043123855005043,98000,Train,0.4388
0.5043123855005043,98000,Validation,0.8050689697265625
0.5068854078755068,98500,Train,0.4391
0.5094584302505094,99000,Train,0.4397
0.5120314526255121,99500,Train,0.4391
0.5146044750005146,100000,Train,0.4418
0.5146044750005146,100000,Validation,0.8034852743148804
0.5171774973755172,100500,Train,0.4411
0.5197505197505198,101000,Train,0.4387
0.5223235421255223,101500,Train,0.4423
0.5248965645005249,102000,Train,0.4405
0.5248965645005249,102000,Validation,0.7881478071212769
0.5274695868755275,102500,Train,0.4391
0.53004260925053,103000,Train,0.4433
0.5326156316255326,103500,Train,0.4359
0.5351886540005352,104000,Train,0.4382
0.5351886540005352,104000,Validation,0.8004981279373169
0.5377616763755377,104500,Train,0.4401
0.5403346987505403,105000,Train,0.4369
0.5429077211255429,105500,Train,0.4378
0.5454807435005454,106000,Train,0.4326
0.5454807435005454,106000,Validation,0.7878877520561218
0.5480537658755481,106500,Train,0.4404
0.5506267882505507,107000,Train,0.434
0.5531998106255532,107500,Train,0.436
0.5557728330005558,108000,Train,0.434
0.5557728330005558,108000,Validation,0.7860094308853149
0.5583458553755584,108500,Train,0.4304
0.5609188777505609,109000,Train,0.435
0.5634919001255635,109500,Train,0.4398
0.5660649225005661,110000,Train,0.4324
0.5660649225005661,110000,Validation,0.7724075317382812
0.5686379448755686,110500,Train,0.433
0.5712109672505712,111000,Train,0.4346
0.5737839896255738,111500,Train,0.434
0.5763570120005763,112000,Train,0.4342
0.5763570120005763,112000,Validation,0.7689387798309326
0.5789300343755789,112500,Train,0.431
0.5815030567505814,113000,Train,0.4336
0.5840760791255841,113500,Train,0.4243
0.5866491015005867,114000,Train,0.432
0.5866491015005867,114000,Validation,0.7911391854286194
0.5892221238755893,114500,Train,0.429
0.5917951462505918,115000,Train,0.4331
0.5943681686255944,115500,Train,0.4296
0.596941191000597,116000,Train,0.4325
0.596941191000597,116000,Validation,0.7778000235557556
0.5995142133755995,116500,Train,0.4312
0.6020872357506021,117000,Train,0.4284
0.6046602581256046,117500,Train,0.4295
0.6072332805006072,118000,Train,0.4277
0.6072332805006072,118000,Validation,0.7715772390365601
0.6098063028756098,118500,Train,0.4246
0.6123793252506123,119000,Train,0.4282
0.6149523476256149,119500,Train,0.4298
0.6175253700006176,120000,Train,0.4319
0.6175253700006176,120000,Validation,0.7862216830253601
0.6200983923756201,120500,Train,0.428
0.6226714147506227,121000,Train,0.4282
0.6252444371256253,121500,Train,0.427
0.6278174595006278,122000,Train,0.4302
0.6278174595006278,122000,Validation,0.7692019939422607
0.6303904818756304,122500,Train,0.4297
0.632963504250633,123000,Train,0.4294
0.6355365266256355,123500,Train,0.4304
0.6381095490006381,124000,Train,0.4263
0.6381095490006381,124000,Validation,0.7560076117515564
0.6406825713756407,124500,Train,0.421
0.6432555937506432,125000,Train,0.4294
0.6458286161256458,125500,Train,0.4251
0.6484016385006484,126000,Train,0.4218
0.6484016385006484,126000,Validation,0.7827917337417603
0.6509746608756509,126500,Train,0.4266
0.6535476832506536,127000,Train,0.4245
0.6561207056256562,127500,Train,0.4279
0.6586937280006587,128000,Train,0.4306
0.6586937280006587,128000,Validation,0.7811283469200134
0.6612667503756613,128500,Train,0.4252
0.6638397727506639,129000,Train,0.4261
0.6664127951256664,129500,Train,0.43
0.668985817500669,130000,Train,0.4258
0.668985817500669,130000,Validation,0.7678910493850708
0.6715588398756716,130500,Train,0.4248
0.6741318622506741,131000,Train,0.4213
0.6767048846256767,131500,Train,0.4261
0.6792779070006792,132000,Train,0.4252
0.6792779070006792,132000,Validation,0.7451755404472351
0.6818509293756818,132500,Train,0.4221
0.6844239517506844,133000,Train,0.422
0.6869969741256869,133500,Train,0.4246
0.6895699965006896,134000,Train,0.4211
0.6895699965006896,134000,Validation,0.7536607980728149
0.6921430188756922,134500,Train,0.4223
0.6947160412506947,135000,Train,0.4188
0.6972890636256973,135500,Train,0.4254
0.6998620860006999,136000,Train,0.4249
0.6998620860006999,136000,Validation,0.7693628072738647
0.7024351083757024,136500,Train,0.4194
0.705008130750705,137000,Train,0.4228
0.7075811531257076,137500,Train,0.4249
0.7101541755007101,138000,Train,0.4201
0.7101541755007101,138000,Validation,0.758079469203949
0.7127271978757127,138500,Train,0.4204
0.7153002202507153,139000,Train,0.4227
0.7178732426257178,139500,Train,0.4238
0.7204462650007204,140000,Train,0.4202
0.7204462650007204,140000,Validation,0.7560967803001404
0.7230192873757231,140500,Train,0.4235
0.7255923097507256,141000,Train,0.4206
0.7281653321257282,141500,Train,0.4197
0.7307383545007308,142000,Train,0.4167
0.7307383545007308,142000,Validation,0.7616921663284302
0.7333113768757333,142500,Train,0.419
0.7358843992507359,143000,Train,0.4227
0.7384574216257385,143500,Train,0.4217
0.741030444000741,144000,Train,0.4194
0.741030444000741,144000,Validation,0.7577162981033325
0.7436034663757436,144500,Train,0.42
0.7461764887507462,145000,Train,0.4161
0.7487495111257487,145500,Train,0.4195
0.7513225335007513,146000,Train,0.4243
0.7513225335007513,146000,Validation,0.7557469606399536
0.7538955558757539,146500,Train,0.4169
0.7564685782507564,147000,Train,0.4215
0.7590416006257591,147500,Train,0.4205
0.7616146230007617,148000,Train,0.421
0.7616146230007617,148000,Validation,0.7564721703529358
0.7641876453757642,148500,Train,0.4223
0.7667606677507668,149000,Train,0.4202
0.7693336901257694,149500,Train,0.4193
0.7719067125007719,150000,Train,0.4197
0.7719067125007719,150000,Validation,0.749322235584259
0.7744797348757745,150500,Train,0.4175
0.777052757250777,151000,Train,0.4226
0.7796257796257796,151500,Train,0.4203
0.7821988020007822,152000,Train,0.4208
0.7821988020007822,152000,Validation,0.7507469058036804
0.7847718243757847,152500,Train,0.419
0.7873448467507873,153000,Train,0.4224
0.7899178691257899,153500,Train,0.4187
0.7924908915007924,154000,Train,0.4186
0.7924908915007924,154000,Validation,0.7492377758026123
0.7950639138757951,154500,Train,0.4164
0.7976369362507977,155000,Train,0.4132
0.8002099586258002,155500,Train,0.4177
0.8027829810008028,156000,Train,0.4155
0.8027829810008028,156000,Validation,0.7413493990898132
0.8053560033758054,156500,Train,0.415
0.8079290257508079,157000,Train,0.4192
0.8105020481258105,157500,Train,0.4159
0.8130750705008131,158000,Train,0.4158
0.8130750705008131,158000,Validation,0.7460278272628784
0.8156480928758156,158500,Train,0.4169
0.8182211152508182,159000,Train,0.4168
0.8207941376258208,159500,Train,0.4162
0.8233671600008233,160000,Train,0.4156
0.8233671600008233,160000,Validation,0.7478114366531372
0.8259401823758259,160500,Train,0.4168
0.8285132047508285,161000,Train,0.4145
0.8310862271258311,161500,Train,0.4188
0.8336592495008337,162000,Train,0.4181
0.8336592495008337,162000,Validation,0.7476340532302856
0.8362322718758363,162500,Train,0.4162
0.8388052942508388,163000,Train,0.4135
0.8413783166258414,163500,Train,0.4203
0.843951339000844,164000,Train,0.4149
0.843951339000844,164000,Validation,0.7409920692443848
0.8465243613758465,164500,Train,0.4143
0.8490973837508491,165000,Train,0.4144
0.8516704061258517,165500,Train,0.416
0.8542434285008542,166000,Train,0.4156
0.8542434285008542,166000,Validation,0.7392639517784119
0.8568164508758568,166500,Train,0.4157
0.8593894732508593,167000,Train,0.4182
0.8619624956258619,167500,Train,0.4136
0.8645355180008646,168000,Train,0.4169
0.8645355180008646,168000,Validation,0.7380582690238953
0.8671085403758672,168500,Train,0.4139
0.8696815627508697,169000,Train,0.4138
0.8722545851258723,169500,Train,0.414
0.8748276075008748,170000,Train,0.4196
0.8748276075008748,170000,Validation,0.7442607283592224
0.8774006298758774,170500,Train,0.4145
0.87997365225088,171000,Train,0.4154
0.8825466746258825,171500,Train,0.4156
0.8851196970008851,172000,Train,0.4141
0.8851196970008851,172000,Validation,0.7448073029518127
0.8876927193758877,172500,Train,0.4162
0.8902657417508902,173000,Train,0.416
0.8928387641258928,173500,Train,0.4166
0.8954117865008954,174000,Train,0.4175
0.8954117865008954,174000,Validation,0.7412800788879395
0.8979848088758979,174500,Train,0.4144
0.9005578312509006,175000,Train,0.4145
0.9031308536259032,175500,Train,0.4105
0.9057038760009057,176000,Train,0.4132
0.9057038760009057,176000,Validation,0.7395153045654297
0.9082768983759083,176500,Train,0.412
0.9108499207509109,177000,Train,0.4149
0.9134229431259134,177500,Train,0.4142
0.915995965500916,178000,Train,0.417
0.915995965500916,178000,Validation,0.7420106530189514
0.9185689878759186,178500,Train,0.4135
0.9211420102509211,179000,Train,0.4165
0.9237150326259237,179500,Train,0.414
0.9262880550009263,180000,Train,0.414
0.9262880550009263,180000,Validation,0.742583155632019
0.9288610773759288,180500,Train,0.4128
0.9314340997509314,181000,Train,0.4159
0.934007122125934,181500,Train,0.4114
0.9365801445009366,182000,Train,0.4175
0.9365801445009366,182000,Validation,0.7394455671310425
0.9391531668759392,182500,Train,0.4121
0.9417261892509418,183000,Train,0.4148
0.9442992116259443,183500,Train,0.4172
0.9468722340009469,184000,Train,0.4122
0.9468722340009469,184000,Validation,0.7417492866516113
0.9494452563759495,184500,Train,0.4135
0.952018278750952,185000,Train,0.4108
0.9545913011259546,185500,Train,0.4136
0.9571643235009571,186000,Train,0.4133
0.9571643235009571,186000,Validation,0.7430643439292908
0.9597373458759597,186500,Train,0.4154
0.9623103682509623,187000,Train,0.411
0.9648833906259648,187500,Train,0.4128
0.9674564130009674,188000,Train,0.4145
0.9674564130009674,188000,Validation,0.7418370246887207
0.9700294353759701,188500,Train,0.4127
0.9726024577509726,189000,Train,0.4131
0.9751754801259752,189500,Train,0.4138
0.9777485025009778,190000,Train,0.4103
0.9777485025009778,190000,Validation,0.7441250085830688
0.9803215248759803,190500,Train,0.4154
0.9828945472509829,191000,Train,0.4104
0.9854675696259855,191500,Train,0.4114
0.988040592000988,192000,Train,0.4134
0.988040592000988,192000,Validation,0.740342915058136
0.9906136143759906,192500,Train,0.4112
0.9931866367509932,193000,Train,0.4138
0.9957596591259957,193500,Train,0.4124
0.9983326815009983,194000,Train,0.415
0.9983326815009983,194000,Validation,0.7426866292953491
