series,Zipf frequency,Density
Original,0.0,0.002435721975699185
Original,0.01669449081803005,0.0024321713849979163
Original,0.0333889816360601,0.002421454124479291
Original,0.050083472454090144,0.002403667925509905
Original,0.0667779632721202,0.0023789729926637754
Original,0.08347245409015025,0.0023475897422625845
Original,0.10016694490818029,0.0023097956873351405
Original,0.11686143572621034,0.0022659215338933143
Original,0.1335559265442404,0.00221634656888956
Original,0.15025041736227043,0.0021614934335833906
Original,0.1669449081803005,0.002101822386976808
Original,0.18363939899833054,0.002037825172233
Original,0.20033388981636058,0.0019700186044032775
Original,0.21702838063439064,0.001898938000275469
Original,0.23372287145242068,0.001825130570731063
Original,0.25041736227045075,0.0017491488927518506
Original,0.2671118530884808,0.0016715445723221522
Original,0.2838063439065108,0.0015928622011747065
Original,0.30050083472454087,0.0015136336999327857
Original,0.31719532554257096,0.0014343731280640332
Original,0.333889816360601,0.00135557202757489
Original,0.35058430717863104,0.001277695352953792
Original,0.3672787979966611,0.0012011780249396033
Original,0.3839732888146911,0.0011264221306682056
Original,0.40066777963272115,0.001053794778035033
Original,0.41736227045075125,0.000983626598075887
Original,0.4340567612687813,0.000916210876144092
Original,0.4507512520868113,0.0008518032809325558
Original,0.46744574290484137,0.000790622150184699
Original,0.4841402337228714,0.0007328492834304402
Original,0.5008347245409015,0.0006786311853852706
Original,0.5175292153589315,0.000628080698815118
Original,0.5342237061769616,0.0005812789626937204
Original,0.5509181969949917,0.0005382776303056242
Original,0.5676126878130217,0.0004991012824723913
Original,0.5843071786310517,0.00046374997315634805
Original,0.6010016694490817,0.0004322018481456589
Original,0.6176961602671118,0.000404415782141121
Original,0.6343906510851419,0.0003803339851253937
Original,0.6510851419031719,0.0003598845351660583
Original,0.667779632721202,0.00034298380154935856
Original,0.684474123539232,0.00032953872913129987
Original,0.7011686143572621,0.000319448961807648
Original,0.7178631051752922,0.00031260878984228194
Original,0.7345575959933222,0.0003089089122736719
Original,0.7512520868113522,0.00030823801158674454
Original,0.7679465776293822,0.00031048414316463995
Original,0.7846410684474123,0.0003155359466239197
Original,0.8013355592654423,0.00032328368991987785
Original,0.8180300500834724,0.00033362016004788333
Original,0.8347245409015025,0.00034644141625307884
Original,0.8514190317195325,0.0003616474229123987
Original,0.8681135225375626,0.00037914257971243014
Original,0.8848080133555926,0.0003988361664786803
Original,0.9015025041736227,0.00042064271909917977
Original,0.9181969949916527,0.0004444823515256837
Original,0.9348914858096827,0.0004702810369374861
Original,0.9515859766277128,0.000497970858931353
Original,0.9682804674457428,0.0005274902411742568
Original,0.9849749582637729,0.0005587841614405404
Original,1.001669449081803,0.0005918043534635296
Original,1.018363939899833,0.0006265094976670595
Original,1.035058430717863,0.000662865399696433
Original,1.0517529215358932,0.0007008451538183253
Original,1.0684474123539232,0.0007404292867656607
Original,1.0851419031719531,0.0007816058765087619
Original,1.1018363939899833,0.0008243706397611253
Original,1.1185308848080133,0.0008687269817803301
Original,1.1352253756260433,0.0009146860021862106
Original,1.1519198664440733,0.0009622664510554073
Original,1.1686143572621035,0.0010114946304143472
Original,1.1853088480801335,0.0010624042373774715
Original,1.2020033388981635,0.0011150361464905957
Original,1.2186978297161937,0.0011694381302592741
Original,1.2353923205342237,0.0012256645182854257
Original,1.2520868113522536,0.0012837757968191116
Original,1.2687813021702838,0.0013438381517790422
Original,1.2854757929883138,0.0014059229593371275
Original,1.3021702838063438,0.0014701062289438442
Original,1.3188647746243738,0.00153646800415385
Original,1.335559265442404,0.0016050917267747505
Original,1.352253756260434,0.0016760635697061165
Original,1.368948247078464,0.0017494717433820068
Original,1.3856427378964942,0.0018254057800193514
Original,1.4023372287145242,0.0019039557989672614
Original,1.4190317195325541,0.0019852117554255777
Original,1.4357262103505843,0.002069262673744256
Original,1.4524207011686143,0.0021561958655275278
Original,1.4691151919866443,0.002246096131949585
Original,1.4858096828046743,0.002339044949142082
Original,1.5025041736227045,0.0024351196353299847
Original,1.5191986644407345,0.0025343924986497867
Original,1.5358931552587645,0.0026369299653425373
Original,1.5525876460767947,0.002742791689309165
Original,1.5692821368948247,0.002852029645855897
Original,1.5859766277128546,0.00296468721482094
Original,1.6026711185308846,0.0030807982611068736
Original,1.6193656093489148,0.003200386223860819
Original,1.6360601001669448,0.00332346322903244
Original,1.6527545909849748,0.0034500292436559733
Original,1.669449081803005,0.003580071293784778
Original,1.686143572621035,0.003713562771375564
Original,1.702838063439065,0.003850462858388545
Original,1.7195325542570952,0.003990716098751305
Original,1.7362270450751252,0.004134252150448742
Original,1.7529215358931551,0.004280985750687855
Original,1.7696160267111851,0.004430816926706106
Original,1.7863105175292153,0.004583631483242308
Original,1.8030050083472453,0.004739301794904652
Original,1.8196994991652753,0.004897687927631109
Original,1.8363939899833055,0.005058639108171568
Original,1.8530884808013355,0.005221995554104915
Original,1.8697829716193655,0.005387590669464782
Original,1.8864774624373957,0.0055552536027551926
Original,1.9031719532554257,0.005724812155205765
Original,1.9198664440734556,0.005896096017790332
Original,1.9365609348914856,0.006068940306086244
Original,1.9532554257095158,0.006243189352770343
Original,1.9699499165275458,0.0064187007087255984
Original,1.9866444073455758,0.0065953492956538125
Original,2.003338898163606,0.006773031646024057
Original,2.020033388981636,0.00695167016037466
Original,2.036727879799666,0.00713121730762801
Original,2.053422370617696,0.0073116596913325275
Original,2.070116861435726,0.007493021903715505
Original,2.0868113522537564,0.0076753700901666866
Original,2.1035058430717863,0.007858815149260316
Original,2.1202003338898163,0.008043515497603501
Original,2.1368948247078463,0.008229679334543142
Original,2.1535893155258763,0.00841756634891158
Original,2.1702838063439063,0.008607488818326204
Original,2.1869782971619363,0.00879981206084539
Original,2.2036727879799667,0.008994954208756515
Original,2.2203672787979967,0.009193385284661335
Original,2.2370617696160267,0.00939562557055879
Original,2.2537562604340566,0.009602243271045481
Original,2.2704507512520866,0.009813851481826152
Original,2.2871452420701166,0.010031104484241535
Original,2.3038397328881466,0.010254693395315649
Original,2.320534223706177,0.01048534121077211
Original,2.337228714524207,0.010723797285489401
Original,2.353923205342237,0.010970831301930774
Original,2.370617696160267,0.011227226782196119
Original,2.387312186978297,0.011493774203560743
Original,2.404006677796327,0.011771263780764589
Original,2.4207011686143574,0.012060477981006483
Original,2.4373956594323873,0.012362183839705415
Original,2.4540901502504173,0.01267712514674639
Original,2.4707846410684473,0.01300601457425941
Original,2.4874791318864773,0.01334952581810452
Original,2.5041736227045073,0.013708285826253209
Original,2.5208681135225373,0.014082867188228222
Original,2.5375626043405677,0.014473780760735775
Original,2.5542570951585977,0.01488146860559006
Original,2.5709515859766277,0.015306297316954855
Original,2.5876460767946576,0.015748551815735617
Original,2.6043405676126876,0.016208429689537455
Original,2.6210350584307176,0.01668603615682527
Original,2.6377295492487476,0.01718137973361302
Original,2.654424040066778,0.0176943686799963
Original,2.671118530884808,0.018224808301940055
Original,2.687813021702838,0.018772399180757935
Original,2.704507512520868,0.019336736398495206
Original,2.721202003338898,0.019917309821808997
Original,2.737896494156928,0.02051350549980151
Original,2.754590984974958,0.021124608222510766
Original,2.7712854757929883,0.02174980527637278
Original,2.7879799666110183,0.022388191420920567
Original,2.8046744574290483,0.023038775097353064
Original,2.8213689482470783,0.02370048586448475
Original,2.8380634390651083,0.024372183041142144
Original,2.8547579298831383,0.02505266551651041
Original,2.8714524207011687,0.02574068267151791
Original,2.8881469115191987,0.02643494633536861
Original,2.9048414023372287,0.027134143682148157
Original,2.9215358931552586,0.027836950953390626
Original,2.9382303839732886,0.028542047874007603
Original,2.9549248747913186,0.029248132611456985
Original,2.9716193656093486,0.029953937111872855
Original,2.988313856427379,0.03065824263251544
Original,3.005008347245409,0.031359895277726965
Original,3.021702838063439,0.03205782133597589
Original,3.038397328881469,0.03275104220888637
Original,3.055091819699499,0.03343868871969385
Original,3.071786310517529,0.03412001458859392
Original,3.088480801335559,0.03479440886616079
Original,3.1051752921535893,0.03546140712353531
Original,3.1218697829716193,0.036120701209474845
Original,3.1385642737896493,0.03677214739959591
Original,3.1552587646076793,0.037415772782114526
Original,3.1719532554257093,0.0380517797468921
Original,3.1886477462437393,0.03868054847035163
Original,3.2053422370617692,0.039302637317440776
Original,3.2220367278797997,0.039918781112837975
Original,3.2387312186978297,0.04052988726646972
Original,3.2554257095158596,0.04113702977252455
Original,3.2721202003338896,0.041741441135833064
Original,3.2888146911519196,0.04234450231402695
Original,3.3055091819699496,0.04294773079754006
Original,3.32220367278798,0.04355276698153711
Original,3.33889816360601,0.04416135901349289
Original,3.35559265442404,0.04477534632672503
Original,3.37228714524207,0.045396642093027954
Original,3.3889816360601,0.04602721484613502
Original,3.40567612687813,0.046669069541549264
Original,3.42237061769616,0.047324228326998806
Original,3.4390651085141903,0.04799471130116146
Original,3.4557595993322203,0.048682517536266096
Original,3.4724540901502503,0.04938960663280707
Original,3.4891485809682803,0.0501178810620672
Original,3.5058430717863103,0.05086916953481349
Original,3.5225375626043403,0.051645211612871736
Original,3.5392320534223702,0.05244764375488024
Original,3.5559265442404007,0.05327798695908042
Original,3.5726210350584306,0.0541376361352478
Original,3.5893155258764606,0.05502785130562984
Original,3.6060100166944906,0.05594975070182335
Original,3.6227045075125206,0.05690430579171028
Original,3.6393989983305506,0.057892338238628625
Original,3.656093489148581,0.058914518764545176
Original,3.672787979966611,0.05997136786075395
Original,3.689482470784641,0.06106325826395346
Original,3.706176961602671,0.0621904190928869
Original,3.722871452420701,0.06335294152120081
Original,3.739565943238731,0.0645507858459218
Original,3.756260434056761,0.06578378979789881
Original,3.7729549248747913,0.06705167793055267
Original,3.7896494156928213,0.06835407191607415
Original,3.8063439065108513,0.06969050157345569
Original,3.8230383973288813,0.07106041645012878
Original,3.8397328881469113,0.07246319777804801
Original,3.8564273789649413,0.07389817062551618
Original,3.8731218697829712,0.07536461606752967
Original,3.8898163606010017,0.07686178319969977
Original,3.9065108514190316,0.07838890082373047
Original,3.9232053422370616,0.07994518863592898
Original,3.9398998330550916,0.08152986775438932
Original,3.9565943238731216,0.08314217042546604
Original,3.9732888146911516,0.08478134875624202
Original,3.9899833055091816,0.08644668232724462
Original,4.006677796327212,0.08813748454909452
Original,4.023372287145242,0.08985310763856881
Original,4.040066777963272,0.09159294610409714
Original,4.056761268781302,0.0933564386484978
Original,4.073455759599332,0.0951430684179914
Original,4.090150250417362,0.09695236155151661
Original,4.106844741235392,0.09878388401306834
Original,4.123539232053422,0.1006372367220981
Original,4.140233722871452,0.10251204903258529
Original,4.156928213689482,0.1044079706496536
Original,4.173622704507513,0.1063246621128219
Original,4.190317195325543,0.1082617840161275
Original,4.207011686143573,0.11021898517632765
Original,4.223706176961603,0.11219588999986425
Original,4.240400667779633,0.11419208533585878
Original,4.257095158597663,0.11620710713462716
Original,4.273789649415693,0.11824042725767123
Original,4.290484140233723,0.12029144080432633
Original,4.307178631051753,0.12235945433109612
Original,4.323873121869783,0.12444367534098642
Original,4.3405676126878125,0.12654320341109845
Original,4.3572621035058425,0.1286570233068001
Original,4.3739565943238725,0.1307840003997076
Original,4.390651085141903,0.13292287866463498
Original,4.407345575959933,0.1350722814781124
Original,4.424040066777963,0.1372307153788865
Original,4.440734557595993,0.13939657688023196
Original,4.457429048414023,0.14156816234649663
Original,4.474123539232053,0.14374368086392927
Original,4.490818030050083,0.1459212699506411
Original,4.507512520868113,0.14809901386473825
Original,4.524207011686143,0.15027496418582267
Original,4.540901502504173,0.1524471622655306
Original,4.557595993322203,0.15461366307009927
Original,4.574290484140233,0.15677255987453786
Original,4.590984974958263,0.15892200921595218
Original,4.607679465776293,0.16106025547501637
Original,4.624373956594324,0.16318565443113714
Original,4.641068447412354,0.16529669512986542
Original,4.657762938230384,0.1673920194115678
Original,4.674457429048414,0.16947043847873106
Original,4.691151919866444,0.17153094592567808
Original,4.707846410684474,0.17357272671843768
Original,4.724540901502504,0.17559516169321146
Original,4.741235392320534,0.17759782723794254
Original,4.757929883138564,0.1795804899311074
Original,4.774624373956594,0.18154309603283864
Original,4.791318864774624,0.1834857558531858
Original,4.808013355592654,0.18540872315789605
Original,4.824707846410684,0.18731236991024086
Original,4.841402337228715,0.18919715678482446
Original,4.858096828046745,0.19106360002236064
Original,4.874791318864775,0.19291223531955826
Original,4.891485809682805,0.19474357956196148
Original,4.908180300500835,0.196558091306329
Original,4.924874791318865,0.19835613099980753
Original,4.941569282136895,0.20013792198270128
Original,4.958263772954925,0.20190351335764975
Original,4.974958263772955,0.20365274581831858
Original,4.991652754590985,0.20538522151389663
Original,5.0083472454090145,0.2071002789808383
Original,5.0250417362270445,0.2087969741001619
Original,5.0417362270450745,0.21047406793787102
Original,5.0584307178631045,0.21213002219883145
Original,5.075125208681135,0.2137630028728856
Original,5.091819699499165,0.2153708924788707
Original,5.108514190317195,0.21695131112100874
Original,5.125208681135225,0.21850164636705072
Original,5.141903171953255,0.22001909174337944
Original,5.158597662771285,0.22150069342404374
Original,5.175292153589315,0.22294340447417618
Original,5.191986644407345,0.2243441457990085
Original,5.208681135225375,0.22569987275366585
Original,5.225375626043405,0.22700764619163025
Original,5.242070116861435,0.22826470657670697
Original,5.258764607679465,0.22946854965929273
Original,5.275459098497495,0.2306170021269734
Original,5.292153589315526,0.23170829558547099
Original,5.308848080133556,0.2327411372110761
Original,5.325542570951586,0.2337147754415408
Original,5.342237061769616,0.23462905913903062
Original,5.358931552587646,0.23548448876551867
Original,5.375626043405676,0.23628225825554114
Original,5.392320534223706,0.23702428645052936
Original,5.409015025041736,0.2377132371684137
Original,5.425709515859766,0.23835252721655226
Original,5.442404006677796,0.23894632190917356
Original,5.459098497495826,0.2394995179153264
Original,5.475792988313856,0.2400177135328222
Original,5.492487479131886,0.24050716675002826
Original,5.509181969949916,0.24097474171334549
Original,5.525876460767947,0.24142784445654805
Original,5.542570951585977,0.24187434896223553
Original,5.559265442404007,0.24232251480962017
Original,5.575959933222037,0.24278089781195472
Original,5.592654424040067,0.24325825515725136
Original,5.609348914858097,0.24376344663545632
Original,5.626043405676127,0.24430533356267503
Original,5.642737896494157,0.24489267699909253
Original,5.659432387312187,0.24553403680373675
Original,5.6761268781302165,0.24623767297939406
Original,5.6928213689482465,0.2470114506394835
Original,5.7095158597662765,0.2478627497808623
Original,5.7262103505843065,0.24879838087904663
Original,5.742904841402337,0.24982450714189128
Original,5.759599332220367,0.2509465740719364
Original,5.776293823038397,0.2521692468035287
Original,5.792988313856427,0.2534963555055249
Original,5.809682804674457,0.2549308489803528
Original,5.826377295492487,0.256474756450913
Original,5.843071786310517,0.2581291574128222
Original,5.859766277128547,0.25989415934391435
Original,5.876460767946577,0.26176888300760487
Original,5.893155258764607,0.2637514550617677
Original,5.909849749582637,0.2658390076890467
Original,5.926544240400667,0.2680276849950914
Original,5.943238731218697,0.2703126559741148
Original,5.959933222036727,0.27268813391089447
Original,5.976627712854758,0.275147402168732
Original,5.993322203672788,0.27768284639691665
Original,6.010016694490818,0.2802859932717156
Original,6.026711185308848,0.2829475559541418
Original,6.043405676126878,0.28565748649927325
Original,6.060100166944908,0.2884050354788164
Original,6.076794657762938,0.29117881907593446
Original,6.093489148580968,0.29396689387490854
Original,6.110183639398998,0.2967568394954076
Original,6.126878130217028,0.29953584911123204
Original,6.143572621035058,0.3022908277473003
Original,6.160267111853088,0.30500849806919716
Original,6.176961602671118,0.30767551317140507
Original,6.193656093489149,0.3102785756397765
Original,6.210350584307179,0.3128045619184097
Original,6.227045075125209,0.3152406507602628
Original,6.243739565943239,0.31757445429393627
Original,6.260434056761269,0.31979415000672795
Original,6.277128547579299,0.32188861173675004
Original,6.293823038397329,0.3238475375943242
Original,6.310517529215359,0.3256615726048317
Original,6.327212020033389,0.32732242378913734
Original,6.3439065108514185,0.3288229653807955
Original,6.3606010016694485,0.33015733192560925
Original,6.3772954924874785,0.3313209971213008
Original,6.3939899833055085,0.33231083643354703
Original,6.4106844741235385,0.333125171766609
Original,6.427378964941569,0.3337637967679959
Original,6.444073455759599,0.3342279817000653
Original,6.460767946577629,0.3345204572075813
Original,6.477462437395659,0.33464537673911554
Original,6.494156928213689,0.33460825782840925
Original,6.510851419031719,0.33441590289684375
Original,6.527545909849749,0.33407630068595595
Original,6.544240400667779,0.3335985098553415
Original,6.560934891485809,0.3329925266733809
Original,6.577629382303839,0.3322691390734423
Original,6.594323873121869,0.33143976963566907
Original,6.611018363939899,0.3305163102755
Original,6.627712854757929,0.3295109515677409
Original,6.64440734557596,0.3284360097055497
Original,6.66110183639399,0.32730375408545553
Original,6.67779632721202,0.3261262384241135
Original,6.69449081803005,0.3249151381539259
Original,6.71118530884808,0.32368159661961315
Original,6.72787979966611,0.32243608231530296
Original,6.74457429048414,0.3211882590726091
Original,6.76126878130217,0.31994687074678413
Original,6.7779632721202,0.3187196415638023
Original,6.79465776293823,0.3175131928998967
Original,6.81135225375626,0.31633297688010514
Original,6.82804674457429,0.3151832268170145
Original,6.84474123539232,0.31406692417643595
Original,6.861435726210351,0.3129857814634839
Original,6.878130217028381,0.31194024017825533
Original,6.894824707846411,0.31092948280041177
Original,6.911519198664441,0.3099514576296116
Original,6.928213689482471,0.3090029152338397
Original,6.944908180300501,0.30807945523835584
Original,6.961602671118531,0.307175582218773
Original,6.978297161936561,0.3062847695365365
Original,6.994991652754591,0.30539953006430004
Original,7.0116861435726205,0.30451149288289364
Original,7.0283806343906505,0.3036114851796317
Original,7.0450751252086805,0.30268961872862465
Original,7.0617696160267105,0.30173538047666365
Original,7.0784641068447405,0.30073772688348116
Original,7.095158597662771,0.299685181763839
Original,7.111853088480801,0.2985659374445155
Original,7.128547579298831,0.297367959077009
Original,7.145242070116861,0.2960790919342807
Original,7.161936560934891,0.2946871714673871
Original,7.178631051752921,0.293180135807695
Original,7.195325542570951,0.29154614027743975
Original,7.212020033388981,0.28977367332239634
Original,7.228714524207011,0.28785167311377213
Original,7.245409015025041,0.2857696438918248
Original,7.262103505843071,0.2835177709512308
Original,7.278797996661101,0.28108703300877785
Original,7.295492487479131,0.27846931055709667
Original,7.312186978297162,0.2756574887035282
Original,7.328881469115192,0.2726455529285271
Original,7.345575959933222,0.26942867617916816
Original,7.362270450751252,0.2660032957445651
Original,7.378964941569282,0.26236717844299606
Original,7.395659432387312,0.25851947278450194
Original,7.412353923205342,0.2544607469549974
Original,7.429048414023372,0.25019301169316255
Original,7.445742904841402,0.24571972739269543
Original,7.462437395659432,0.2410457950512687
Original,7.479131886477462,0.2361775309939348
Original,7.495826377295492,0.2311226256124614
Original,7.512520868113522,0.22589008667232593
Original,7.529215358931552,0.2204901680355971
Original,7.545909849749583,0.21493428492100908
Original,7.562604340567613,0.20923491706362107
Original,7.579298831385643,0.2034055013385827
Original,7.595993322203673,0.19746031557140367
Original,7.612687813021703,0.19141435536727552
Original,7.629382303839733,0.18528320585311056
Original,7.646076794657763,0.1790829102384456
Original,7.662771285475793,0.1728298370676333
Original,7.6794657762938225,0.16654054795968404
Original,7.6961602671118525,0.16023166751909165
Original,7.7128547579298825,0.15391975695724414
Original,7.7295492487479125,0.1476211927966574
Original,7.7462437395659425,0.1413520518465964
Original,7.762938230383973,0.1351280034459658
Original,7.779632721202003,0.12896420977464648
Original,7.796327212020033,0.12287523484407606
Original,7.813021702838063,0.11687496259722258
Original,7.829716193656093,0.11097652438169762
Original,7.846410684474123,0.1051922359107772
Original,7.863105175292153,0.09953354369774586
Original,7.879799666110183,0.09401098084012864
Original,7.896494156928213,0.08863413194191408
Original,7.913188647746243,0.08341160689274824
Original,7.929883138564273,0.07835102317140909
Original,7.946577629382303,0.07345899630426597
Original,7.963272120200333,0.06874113808504378
Original,7.979966611018363,0.06420206214712357
Original,7.996661101836394,0.05984539647084421
Original,8.013355592654424,0.055673802403106695
Original,8.030050083472453,0.051688999762640776
Original,8.046744574290484,0.047891797599627604
Original,8.063439065108513,0.04428213017162307
Original,8.080133555926544,0.04085909768802038
Original,8.096828046744573,0.037621011362439914
Original,8.113522537562604,0.03456544229660859
Original,8.130217028380635,0.03168927370133242
Original,8.146911519198664,0.028988755941063368
Original,8.163606010016695,0.026459563869774005
Original,8.180300500834724,0.024096855908861518
Original,8.196994991652755,0.02189533430417227
Original,8.213689482470784,0.019849305990516267
Original,8.230383973288815,0.017952743489510214
Original,8.247078464106844,0.01619934527140416
Original,8.263772954924875,0.014582595024456507
Original,8.280467445742904,0.013095819296911218
Original,8.297161936560935,0.011732243006735943
Original,8.313856427378964,0.010485042352758388
Original,8.330550918196995,0.009347394707008278
Original,8.347245409015025,0.008312525121038274
Original,8.363939899833055,0.007373749137513649
Original,8.380634390651085,0.006524511661060041
Original,8.397328881469114,0.0057584217076925666
Original,8.414023372287145,0.005069282918515985
Original,8.430717863105174,0.004451119789209477
Original,8.447412353923205,0.003898199630535101
Original,8.464106844741234,0.0034050503353510184
Original,8.480801335559265,0.002966474083104926
Original,8.497495826377294,0.0025775571625064157
Original,8.514190317195325,0.0022336761361969187
Original,8.530884808013354,0.0019305006071946296
Original,8.547579298831385,0.0016639928753407077
Original,8.564273789649416,0.001430404792829534
Original,8.580968280467445,0.0012262721412802987
Original,8.597662771285476,0.001048406859027772
Original,8.614357262103505,0.0008938874468613304
Original,8.631051752921536,0.0007600478739482878
Original,8.647746243739565,0.00064446529387435
Original,8.664440734557596,0.0005449468644158273
Original,8.681135225375625,0.00045951594466822767
Original,8.697829716193656,0.00038639792033620576
Original,8.714524207011685,0.00032400588317051923
Original,8.731218697829716,0.0002709263644999884
Original,8.747913188647745,0.00022590529627650597
Original,8.764607679465776,0.00018783434667366173
Original,8.781302170283807,0.00015573775161905755
Original,8.797996661101836,0.00012875973916576496
Original,8.814691151919867,0.00010615262069887795
Original,8.831385642737896,8.726560191441989e-05
Original,8.848080133555927,7.153434749915976e-05
Original,8.864774624373956,5.847131660037776e-05
Original,8.881469115191987,4.7656871550067704e-05
Original,8.898163606010016,3.8731149882758507e-05
Original,8.914858096828047,3.138667939045776e-05
Original,8.931552587646076,2.5361707680804565e-05
Original,8.948247078464107,2.043421130060529e-05
Original,8.964941569282136,1.641654478908856e-05
Original,8.981636060100167,1.3150686850702222e-05
Original,8.998330550918197,1.0504038996728682e-05
Original,9.015025041736227,8.365731308046205e-06
Original,9.031719532554257,6.643390232803495e-06
Original,9.048414023372287,5.260324376366717e-06
Original,9.065108514190317,4.1530859028962125e-06
Original,9.081803005008346,3.269367299324682e-06
Original,9.098497495826377,2.5661957203775576e-06
Original,9.115191986644406,2.0083898215116286e-06
Original,9.131886477462437,1.5672467958656256e-06
Original,9.148580968280466,1.2194301784551844e-06
Original,9.165275459098497,9.460317981852904e-07
Original,9.181969949916526,7.317839922711442e-07
Original,9.198664440734557,5.644008075949626e-07
Original,9.215358931552586,4.340293699414332e-07
Original,9.232053422370617,3.3279488525381124e-07
Original,9.248747913188648,2.5442483562286995e-07
Original,9.265442404006677,1.9393984206402138e-07
Original,9.282136894824708,1.4740038715798666e-07
Original,9.298831385642737,1.1170012850891125e-07
Original,9.315525876460768,8.439789710301129e-08
Original,9.332220367278797,6.35816736979735e-08
Original,9.348914858096828,4.775888348765396e-08
Original,9.365609348914857,3.5768257444108214e-08
Original,9.382303839732888,2.6709291208109875e-08
Original,9.398998330550917,1.9886002324534904e-08
Original,9.415692821368948,1.4762256702049328e-08
Original,9.432387312186977,1.0926417448389358e-08
Original,9.449081803005008,8.063474896099392e-09
Original,9.465776293823039,5.9331559710871195e-09
Original,9.482470784641068,4.352793383516262e-09
Original,9.499165275459099,3.18396878170129e-09
Original,9.515859766277128,2.322136400988031e-09
Original,9.532554257095159,1.688591354586476e-09
Original,9.549248747913188,1.224275202424076e-09
Original,9.565943238731219,8.850156734768256e-10
Original,9.582637729549248,6.378815820092819e-10
Original,9.599332220367279,4.584016174118691e-10
Original,9.616026711185308,3.2844979588806204e-10
Original,9.632721202003339,2.3464345082027416e-10
Original,9.649415692821368,1.6713379839910082e-10
Original,9.666110183639399,1.1869607692012896e-10
Original,9.68280467445743,8.404744612923583e-11
Original,9.699499165275459,5.933741197833299e-11
Original,9.71619365609349,4.1768459560108586e-11
Original,9.732888146911518,2.931459915666913e-11
Original,9.74958263772955,2.051327380109645e-11
Original,9.766277128547578,1.4312034934628781e-11
Original,9.78297161936561,9.955958510886004e-12
Original,9.799666110183638,6.905258483633579e-12
Original,9.81636060100167,4.775203359459117e-12
Original,9.833055091819698,3.2924468699655255e-12
Original,9.84974958263773,2.26339608904894e-12
Original,9.866444073455758,1.5513762626406927e-12
Original,9.88313856427379,1.060201555133395e-12
Original,9.89983305509182,7.2239439667928e-13
Original,9.91652754590985,4.907664488301355e-13
Original,9.93322203672788,3.3242207493330427e-13
Original,9.94991652754591,2.2450151592036189e-13
Original,9.96661101836394,1.5116911442846832e-13
Original,9.98330550918197,1.0148951360671783e-13
Original,10.0,6.79349921768323e-14
Recalled,0.0,0.0011179720650040972
Recalled,0.01669449081803005,0.0011162038997002692
Recalled,0.0333889816360601,0.0011108691537833474
Recalled,0.050083472454090144,0.0011020205448434824
Recalled,0.0667779632721202,0.0010897444412002028
Recalled,0.08347245409015025,0.001074159538779783
Recalled,0.10016694490818029,0.0010554150423220628
Recalled,0.11686143572621034,0.0010336883919510242
Recalled,0.1335559265442404,0.001009182585765608
Recalled,0.15025041736227043,0.0009821231572937222
Recalled,0.1669449081803005,0.0009527548731903068
Recalled,0.18363939899833054,0.0009213382212915932
Recalled,0.20033388981636058,0.0008881457619660791
Recalled,0.21702838063439064,0.0008534584165925945
Recalled,0.23372287145242068,0.0008175617659752413
Recalled,0.25041736227045075,0.000780742428660497
Recalled,0.2671118530884808,0.000743284584595029
Recalled,0.2838063439065108,0.0007054667035435978
Recalled,0.30050083472454087,0.0006675585304039916
Recalled,0.31719532554257096,0.0006298183712706625
Recalled,0.333889816360601,0.0005924907150900347
Recalled,0.35058430717863104,0.0005558042163093385
Recalled,0.3672787979966611,0.0005199700543360692
Recalled,0.3839732888146911,0.0004851806761765233
Recalled,0.40066777963272115,0.0004516089195695879
Recalled,0.41736227045075125,0.00041940750550921663
Recalled,0.4340567612687813,0.0003887088814563299
Recalled,0.4507512520868113,0.0003596253899407858
Recalled,0.46744574290484137,0.00033224973176844435
Recalled,0.4841402337228714,0.0003066556887565202
Recalled,0.5008347245409015,0.0002828990678609613
Recalled,0.5175292153589315,0.0002610188267293586
Recalled,0.5342237061769616,0.00024103834007317769
Recalled,0.5509181969949917,0.00022296676673111553
Recalled,0.5676126878130217,0.0002068004787906069
Recalled,0.5843071786310517,0.00019252451652389027
Recalled,0.6010016694490817,0.00018011403603847075
Recalled,0.6176961602671118,0.00016953572028811613
Recalled,0.6343906510851419,0.00016074912828353702
Recalled,0.6510851419031719,0.00015370796182510936
Recalled,0.667779632721202,0.0001483612337019981
Recalled,0.684474123539232,0.0001446543259202416
Recalled,0.7011686143572621,0.0001425299310071152
Recalled,0.7178631051752922,0.00014192887367539566
Recalled,0.7345575959933222,0.00014279081402204766
Recalled,0.7512520868113522,0.00014505483690203648
Recalled,0.7679465776293822,0.00014865993509999715
Recalled,0.7846410684474123,0.00015354539637908244
Recalled,0.8013355592654423,0.00015965110639525068
Recalled,0.8180300500834724,0.00016691778082090412
Recalled,0.8347245409015025,0.000175287140834969
Recalled,0.8514190317195325,0.00018470204643136537
Recalled,0.8681135225375626,0.00019510660181152066
Recalled,0.8848080133555926,0.00020644624650544517
Recalled,0.9015025041736227,0.00021866784486512493
Recalled,0.9181969949916527,0.00023171978525404966
Recalled,0.9348914858096827,0.000245552098682312
Recalled,0.9515859766277128,0.00026011660487420434
Recalled,0.9682804674457428,0.0002753670918712474
Recalled,0.9849749582637729,0.0002912595333328244
Recalled,1.001669449081803,0.00030775234576058797
Recalled,1.018363939899833,0.00032480668599845056
Recalled,1.035058430717863,0.000342386787598278
Recalled,1.0517529215358932,0.0003604603330360391
Recalled,1.0684474123539232,0.0003789988573509211
Recalled,1.0851419031719531,0.00039797817758769493
Recalled,1.1018363939899833,0.0004173788414702347
Recalled,1.1185308848080133,0.0004371865880306237
Recalled,1.1352253756260433,0.0004573928124653906
Recalled,1.1519198664440733,0.0004779950272798156
Recalled,1.1686143572621035,0.0004989973117981953
Recalled,1.1853088480801335,0.0005204107423385423
Recalled,1.2020033388981635,0.00054225379574692
Recalled,1.2186978297161937,0.0005645527195248932
Recalled,1.2353923205342237,0.0005873418624271611
Recalled,1.2520868113522536,0.0006106639601170144
Recalled,1.2687813021702838,0.0006345703712062623
Recalled,1.2854757929883138,0.0006591212597382932
Recalled,1.3021702838063438,0.0006843857208644449
Recalled,1.3188647746243738,0.0007104418470891113
Recalled,1.335559265442404,0.0007373767329965498
Recalled,1.352253756260434,0.0007652864168112308
Recalled,1.368948247078464,0.0007942757574794275
Recalled,1.3856427378964942,0.0008244582461996444
Recalled,1.4023372287145242,0.0008559557514883116
Recalled,1.4190317195325541,0.0008888981969690157
Recalled,1.4357262103505843,0.0009234231711507641
Recalled,1.4524207011686143,0.0009596754685504973
Recalled,1.4691151919866443,0.0009978065616601003
Recalled,1.4858096828046743,0.0010379740035009568
Recalled,1.5025041736227045,0.0010803407608922593
Recalled,1.5191986644407345,0.0011250744791207387
Recalled,1.5358931552587645,0.0011723466794677495
Recalled,1.5525876460767947,0.0012223318920464416
Recalled,1.5692821368948247,0.0012752067276314012
Recalled,1.5859766277128546,0.001331148893617242
Recalled,1.6026711185308846,0.0013903361608944202
Recalled,1.6193656093489148,0.0014529452902359648
Recalled,1.6360601001669448,0.0015191509286846452
Recalled,1.6527545909849748,0.001589124488339107
Recalled,1.669449081803005,0.0016630330217653944
Recalled,1.686143572621035,0.0017410381099049576
Recalled,1.702838063439065,0.0018232947797000808
Recalled,1.7195325542570952,0.001909950469605273
Recalled,1.7362270450751252,0.0020011440615916266
Recalled,1.7529215358931551,0.0020970049980880054
Recalled,1.7696160267111851,0.0021976525014676144
Recalled,1.7863105175292153,0.0023031949121291376
Recalled,1.8030050083472453,0.0024137291589245665
Recalled,1.8196994991652753,0.002529340372670648
Recalled,1.8363939899833055,0.0026501016498046543
Recalled,1.8530884808013355,0.002776073969010954
Recalled,1.8697829716193655,0.0029073062589922037
Recalled,1.8864774624373957,0.0030438356106666036
Recalled,1.9031719532554257,0.003185687622150137
Recalled,1.9198664440734556,0.0033328768601693665
Recalled,1.9365609348914856,0.003485407417292044
Recalled,1.9532554257095158,0.003643273540813375
Recalled,1.9699499165275458,0.003806460306544188
Recalled,1.9866444073455758,0.003974944309321884
Recalled,2.003338898163606,0.004148694341997716
Recalled,2.020033388981636,0.0043276720360638085
Recalled,2.036727879799666,0.004511832440043018
Recalled,2.053422370617696,0.004701124516256114
Recalled,2.070116861435726,0.004895491542526667
Recalled,2.0868113522537564,0.005094871412593885
Recalled,2.1035058430717863,0.005299196837238241
Recalled,2.1202003338898163,0.005508395457036496
Recalled,2.1368948247078463,0.005722389886856596
Recalled,2.1535893155258763,0.005941097721227075
Recalled,2.1702838063439063,0.006164431538066711
Recalled,2.1869782971619363,0.0063922989454657676
Recalled,2.2036727879799667,0.006624602721741256
Recalled,2.2203672787979967,0.006861241102433459
Recalled,2.2370617696160267,0.007102108268853797
Recalled,2.2537562604340566,0.007347095090944939
Recalled,2.2704507512520866,0.007596090172384972
Recalled,2.2871452420701166,0.007848981237993588
Recalled,2.3038397328881466,0.008105656892658089
Recalled,2.320534223706177,0.00836600876742321
Recalled,2.337228714524207,0.008629934052451767
Recalled,2.353923205342237,0.008897338398784219
Recalled,2.370617696160267,0.009168139151840591
Recalled,2.387312186978297,0.009442268860170733
Recalled,2.404006677796327,0.009719678983887344
Recalled,2.4207011686143574,0.010000343709376806
Recalled,2.4373956594323873,0.010284263761146585
Recalled,2.4540901502504173,0.010571470088874012
Recalled,2.4707846410684473,0.010862027298635859
Recalled,2.4874791318864773,0.011156036692567652
Recalled,2.5041736227045073,0.01145363878134361
Recalled,2.5208681135225373,0.011755015139208643
Recalled,2.5375626043405677,0.012060389481964506
Recalled,2.5542570951585977,0.01237002786424164
Recalled,2.5709515859766277,0.012684237913275982
Recalled,2.5876460767946576,0.013003367041733405
Recalled,2.6043405676126876,0.013327799611193666
Recalled,2.6210350584307176,0.01365795304980794
Recalled,2.6377295492487476,0.013994272961344315
Recalled,2.654424040066778,0.014337227297200354
Recalled,2.671118530884808,0.014687299696755352
Recalled,2.687813021702838,0.015044982133432132
Recalled,2.704507512520868,0.015410767032840668
Recalled,2.721202003338898,0.015785139054243502
Recalled,2.737896494156928,0.016168566746316556
Recalled,2.754590984974958,0.016561494301934127
Recalled,2.7712854757929883,0.01696433364384042
Recalled,2.7879799666110183,0.017377457073160053
Recalled,2.8046744574290483,0.01780119070555493
Recalled,2.8213689482470783,0.018235808905549548
Recalled,2.8380634390651083,0.018681529908407584
Recalled,2.8547579298831383,0.019138512791523156
Recalled,2.8714524207011687,0.019606855924358735
Recalled,2.8881469115191987,0.02008659698846664
Recalled,2.9048414023372287,0.020577714618188435
Recalled,2.9215358931552586,0.02108013166948002
Recalled,2.9382303839732886,0.021593720080201474
Recalled,2.9549248747913186,0.022118307241541985
Recalled,2.9716193656093486,0.02265368375823902
Recalled,2.988313856427379,0.02319961243617223
Recalled,3.005008347245409,0.023755838300918906
Recalled,3.021702838063439,0.024322099420897306
Recalled,3.038397328881469,0.02489813828465373
Recalled,3.055091819699499,0.02548371346432514
Recalled,3.071786310517529,0.0260786112867195
Recalled,3.088480801335559,0.02668265723009819
Recalled,3.1051752921535893,0.02729572676855518
Recalled,3.1218697829716193,0.027917755396770834
Recalled,3.1385642737896493,0.02854874758541356
Recalled,3.1552587646076793,0.029188784441113585
Recalled,3.1719532554257093,0.029838029873952558
Recalled,3.1886477462437393,0.03049673510910394
Recalled,3.2053422370617692,0.031165241416592056
Recalled,3.2220367278797997,0.03184398097327286
Recalled,3.2387312186978297,0.03253347581296454
Recalled,3.2554257095158596,0.033234334863248734
Recalled,3.2721202003338896,0.03394724910977826
Recalled,3.2888146911519196,0.03467298497004998
Recalled,3.3055091819699496,0.03541237599761924
Recalled,3.32220367278798,0.03616631307386765
Recalled,3.33889816360601,0.036935733276909626
Recalled,3.35559265442404,0.03772160764548343
Recalled,3.37228714524207,0.0385249280791252
Recalled,3.3889816360601,0.039346693634197495
Recalled,3.40567612687813,0.04018789648813663
Recalled,3.42237061769616,0.04104950785132671
Recalled,3.4390651085141903,0.04193246410734993
Recalled,3.4557595993322203,0.042837653457811445
Recalled,3.4724540901502503,0.04376590333784076
Recalled,3.4891485809682803,0.044717968852722174
Recalled,3.5058430717863103,0.04569452246538885
Recalled,3.5225375626043403,0.04669614513901627
Recalled,3.5392320534223702,0.04772331910920543
Recalled,3.5559265442404007,0.048776422426868825
Recalled,3.5726210350584306,0.04985572537648204
Recalled,3.5893155258764606,0.050961388835671584
Recalled,3.6060100166944906,0.052093464601882744
Recalled,3.6227045075125206,0.05325189767101228
Recalled,3.6393989983305506,0.054436530412213524
Recalled,3.656093489148581,0.05564710854348551
Recalled,3.672787979966611,0.056883288775089795
Recalled,3.689482470784641,0.05814464795303844
Recalled,3.706176961602671,0.059430693503791925
Recalled,3.722871452420701,0.06074087495453494
Recalled,3.739565943238731,0.0620745962816775
Recalled,3.756260434056761,0.06343122882401403
Recalled,3.7729549248747913,0.06481012448669479
Recalled,3.7896494156928213,0.06621062895802389
Recalled,3.8063439065108513,0.06763209466315827
Recalled,3.8230383973288813,0.06907389318697983
Recalled,3.8397328881469113,0.07053542691243529
Recalled,3.8564273789649413,0.07201613964004361
Recalled,3.8731218697829712,0.07351552597859862
Recalled,3.8898163606010017,0.0750331393254497
Recalled,3.9065108514190316,0.0765685982865488
Recalled,3.9232053422370616,0.0781215914206568
Recalled,3.9398998330550916,0.07969188022789371
Recalled,3.9565943238731216,0.08127930033928821
Recalled,3.9732888146911516,0.08288376090014803
Recalled,3.9899833055091816,0.08450524217522384
Recalled,4.006677796327212,0.08614379143696176
Recalled,4.023372287145242,0.0877995172289393
Recalled,4.040066777963272,0.08947258212446485
Recalled,4.056761268781302,0.09116319412480553
Recalled,4.073455759599332,0.09287159686229084
Recalled,4.090150250417362,0.09459805879067598
Recalled,4.106844741235392,0.0963428615584411
Recalled,4.123539232053422,0.09810628777032009
Recalled,4.140233722871452,0.09988860834857424
Recalled,4.156928213689482,0.1016900697084542
Recalled,4.173622704507513,0.10351088096230762
Recalled,4.190317195325543,0.10535120136422275
Recalled,4.207011686143573,0.10721112820213337
Recalled,4.223706176961603,0.10909068533741206
Recalled,4.240400667779633,0.11098981258314458
Recalled,4.257095158597663,0.11290835610193681
Recalled,4.273789649415693,0.11484605999214054
Recalled,4.290484140233723,0.11680255921802743
Recalled,4.307178631051753,0.11877737402459458
Recalled,4.323873121869783,0.12076990596130376
Recalled,4.3405676126878125,0.12277943562105113
Recalled,4.3572621035058425,0.12480512218089708
Recalled,4.3739565943238725,0.12684600480950903
Recalled,4.390651085141903,0.12890100598253848
Recalled,4.407345575959933,0.13096893672150756
Recalled,4.424040066777963,0.13304850374387295
Recalled,4.440734557595993,0.1351383184819315
Recalled,4.457429048414023,0.13723690789632023
Recalled,4.474123539232053,0.13934272697599434
Recalled,4.490818030050083,0.14145417278133823
Recalled,4.507512520868113,0.14356959985071277
Recalled,4.524207011686143,0.1456873367538394
Recalled,4.540901502504173,0.14780570353867659
Recalled,4.557595993322203,0.14992302978268554
Recalled,4.574290484140233,0.15203767292527348
Recalled,4.590984974958263,0.15414803652712789
Recalled,4.607679465776293,0.15625258807477438
Recalled,4.624373956594324,0.1583498759265704
Recalled,4.641068447412354,0.16043854498040108
Recalled,4.657762938230384,0.16251735063491535
Recalled,4.674457429048414,0.16458517061652644
Recalled,4.691151919866444,0.166641014254603
Recalled,4.707846410684474,0.16868402880841332
Recalled,4.724540901502504,0.17071350248249575
Recalled,4.741235392320534,0.172728863812613
Recalled,4.757929883138564,0.17472967716301685
Recalled,4.774624373956594,0.17671563414743116
Recalled,4.791318864774624,0.17868654087049787
Recalled,4.808013355592654,0.18064230098305542
Recalled,4.824707846410684,0.18258289465207717
Recalled,4.841402337228715,0.1845083536627859
Recalled,4.858096828046745,0.18641873299438477
Recalled,4.874791318864775,0.1883140793388907
Recalled,4.891485809682805,0.19019439716205963
Recalled,4.908180300500835,0.1920596130321096
Recalled,4.924874791318865,0.19390953906249073
Recalled,4.941569282136895,0.19574383642450344
Recalled,4.958263772954925,0.19756197997993266
Recalled,4.974958263772955,0.19936322515870816
Recalled,4.991652754590985,0.20114657825712876
Recalled,5.0083472454090145,0.20291077135506094
Recalled,5.0250417362270445,0.20465424304157345
Recalled,5.0417362270450745,0.20637512609534558
Recalled,5.0584307178631045,0.20807124318674203
Recalled,5.075125208681135,0.20974011155148528
Recalled,5.091819699499165,0.21137895743209761
Recalled,5.108514190317195,0.21298474089340036
Recalled,5.125208681135225,0.21455419139566143
Recalled,5.141903171953255,0.2160838542570862
Recalled,5.158597662771285,0.21757014786177417
Recalled,5.175292153589315,0.21900943117611435
Recalled,5.191986644407345,0.22039808083391554
Recalled,5.208681135225375,0.22173257674612204
Recalled,5.225375626043405,0.22300959489409802
Recalled,5.242070116861435,0.2242261056853692
Recalled,5.258764607679465,0.22537947599660513
Recalled,5.275459098497495,0.2264675728097457
Recalled,5.292153589315526,0.2274888661716171
Recalled,5.308848080133556,0.22844252908286936
Recalled,5.325542570951586,0.22932853185448088
Recalled,5.342237061769616,0.2301477284642453
Recalled,5.358931552587646,0.23090193250414975
Recalled,5.375626043405676,0.2315939804335773
Recalled,5.392320534223706,0.23222778004125844
Recalled,5.409015025041736,0.23280834226809008
Recalled,5.425709515859766,0.23334179484734427
Recalled,5.442404006677796,0.23383537657239098
Recalled,5.459098497495826,0.23429741139436724
Recalled,5.475792988313856,0.23473726197459022
Recalled,5.492487479131886,0.23516526275639357
Recalled,5.509181969949916,0.2355926330666263
Recalled,5.525876460767947,0.2360313711963357
Recalled,5.542570951585977,0.2364941308299976
Recalled,5.559265442404007,0.23699408158228055
Recalled,5.575959933222037,0.2375447557490753
Recalled,5.592654424040067,0.23815988367679222
Recalled,5.609348914858097,0.2388532203924238
Recalled,5.626043405676127,0.239638366311208
Recalled,5.642737896494157,0.24052858494509086
Recalled,5.659432387312187,0.241536620572575
Recalled,5.6761268781302165,0.24267451879926924
Recalled,5.6928213689482465,0.24395345284258776
Recalled,5.7095158597662765,0.24538355821776012
Recalled,5.7262103505843065,0.24697377829351225
Recalled,5.742904841402337,0.24873172293218607
Recalled,5.759599332220367,0.25066354214087005
Recalled,5.776293823038397,0.2527738163471409
Recalled,5.792988313856427,0.25506546458616725
Recalled,5.809682804674457,0.25753967155542934
Recalled,5.826377295492487,0.2601958341689714
Recalled,5.843071786310517,0.2630315279336518
Recalled,5.859766277128547,0.26604249318318296
Recalled,5.876460767946577,0.2692226409471568
Recalled,5.893155258764607,0.2725640780061522
Recalled,5.909849749582637,0.2760571504930164
Recalled,5.926544240400667,0.279690505243957
Recalled,5.943238731218697,0.2834511679806458
Recalled,5.959933222036727,0.2873246373124886
Recalled,5.976627712854758,0.29129499348217
Recalled,5.993322203672788,0.29534502073223484
Recalled,6.010016694490818,0.29945634213934985
Recalled,6.026711185308848,0.3036095657398095
Recalled,6.043405676126878,0.3077844407484446
Recalled,6.060100166944908,0.31196002264720624
Recalled,6.076794657762938,0.31611484588551386
Recalled,6.093489148580968,0.32022710288728484
Recalled,6.110183639398998,0.32427482799833857
Recalled,6.126878130217028,0.32823608493168877
Recalled,6.143572621035058,0.3320891561791932
Recalled,6.160267111853088,0.3358127327584974
Recalled,6.176961602671118,0.3393861025603747
Recalled,6.193656093489149,0.3427893354580613
Recalled,6.210350584307179,0.3460034632463825
Recalled,6.227045075125209,0.34901065240042656
Recalled,6.243739565943239,0.3517943675915969
Recalled,6.260434056761269,0.35433952387959244
Recalled,6.277128547579299,0.3566326255211314
Recalled,6.293823038397329,0.358661889405214
Recalled,6.310517529215359,0.360417351246003
Recalled,6.327212020033389,0.36189095284039313
Recalled,6.3439065108514185,0.3630766089283218
Recalled,6.3606010016694485,0.363970252478454
Recalled,6.3772954924874785,0.364569857554826
Recalled,6.3939899833055085,0.36487543929507904
Recalled,6.4106844741235385,0.3648890309379562
Recalled,6.427378964941569,0.36461463826641244
Recalled,6.444073455759599,0.36405817226871706
Recalled,6.460767946577629,0.36322736125076255
Recalled,6.477462437395659,0.362131644042074
Recalled,6.494156928213689,0.36078204631266186
Recalled,6.510851419031719,0.3591910423427058
Recalled,6.527545909849749,0.35737240485015526
Recalled,6.544240400667779,0.3553410456719477
Recalled,6.560934891485809,0.353112850204111
Recalled,6.577629382303839,0.35070450852941293
Recalled,6.594323873121869,0.34813334609668695
Recalled,6.611018363939899,0.3454171566641306
Recalled,6.627712854757929,0.34257403998537445
Recalled,6.64440734557596,0.3396222464097126
Recalled,6.66110183639399,0.33658003019834926
Recalled,6.67779632721202,0.3334655129407022
Recalled,6.69449081803005,0.3302965580055842
Recalled,6.71118530884808,0.327090656499212
Recalled,6.72787979966611,0.3238648247443645
Recalled,6.74457429048414,0.3206355128621528
Recalled,6.76126878130217,0.3174185236472203
Recalled,6.7779632721202,0.3142289405965609
Recalled,6.79465776293823,0.31108106369506794
Recalled,6.81135225375626,0.30798835138959624
Recalled,6.82804674457429,0.30496336710527655
Recalled,6.84474123539232,0.3020177286773004
Recalled,6.861435726210351,0.29916205918787825
Recalled,6.878130217028381,0.29640593790707975
Recalled,6.894824707846411,0.2937578503288003
Recalled,6.911519198664441,0.2912251366564865
Recalled,6.928213689482471,0.28881393851078513
Recalled,6.944908180300501,0.28652914408425395
Recalled,6.961602671118531,0.2843743324351451
Recalled,6.978297161936561,0.28235171807060827
Recalled,6.994991652754591,0.28046209739725153
Recalled,7.0116861435726205,0.278704798991689
Recalled,7.0283806343906505,0.277077639945938
Recalled,7.0450751252086805,0.2755768907549342
Recalled,7.0617696160267105,0.2741972513225858
Recalled,7.0784641068447405,0.27293184065951215
Recalled,7.095158597662771,0.27177220272507824
Recalled,7.111853088480801,0.27070833062971406
Recalled,7.128547579298831,0.2697287110659717
Recalled,7.145242070116861,0.26882039038935746
Recalled,7.161936560934891,0.2679690632380106
Recalled,7.178631051752921,0.26715918398271093
Recalled,7.195325542570951,0.26637410065813133
Recalled,7.212020033388981,0.2655962103671229
Recalled,7.228714524207011,0.26480713449761367
Recalled,7.245409015025041,0.26398791147215867
Recalled,7.262103505843071,0.2631192041874351
Recalled,7.278797996661101,0.2621815188172138
Recalled,7.295492487479131,0.2611554312662542
Recalled,7.312186978297162,0.26002181728880575
Recalled,7.328881469115192,0.2587620821339703
Recalled,7.345575959933222,0.2573583855557427
Recalled,7.362270450751252,0.2557938581276645
Recalled,7.378964941569282,0.25405280502497324
Recalled,7.395659432387312,0.25212089377024144
Recalled,7.412353923205342,0.249985322867067
Recalled,7.429048414023372,0.24763496875189236
Recalled,7.445742904841402,0.2450605090556332
Recalled,7.462437395659432,0.24225452076197904
Recalled,7.479131886477462,0.23921155245500683
Recalled,7.495826377295492,0.2359281704428406
Recalled,7.512520868113522,0.2324029791056662
Recalled,7.529215358931552,0.2286366163274211
Recalled,7.545909849749583,0.22463172531585548
Recalled,7.562604340567613,0.22039290448438262
Recalled,7.579298831385643,0.21592663735423476
Recalled,7.595993322203673,0.21124120463414472
Recalled,7.612687813021703,0.20634658074864412
Recalled,7.629382303839733,0.20125431712021033
Recalled,7.646076794657763,0.19597741447361966
Recalled,7.662771285475793,0.19053018633400257
Recalled,7.6794657762938225,0.18492811574648188
Recalled,7.6961602671118525,0.17918770706886364
Recalled,7.7128547579298825,0.17332633449408608
Recalled,7.7295492487479125,0.16736208875966962
Recalled,7.7462437395659425,0.16131362330967697
Recalled,7.762938230383973,0.15520000100117162
Recalled,7.779632721202003,0.14904054229994373
Recalled,7.796327212020033,0.1428546757947623
Recalled,7.813021702838063,0.13666179177817958
Recalled,7.829716193656093,0.13048109959484264
Recalled,7.846410684474123,0.12433148944252498
Recalled,7.863105175292153,0.11823139932178538
Recalled,7.879799666110183,0.11219868786052861
Recalled,7.896494156928213,0.10625051378178092
Recalled,7.913188647746243,0.10040322282812499
Recalled,7.929883138564273,0.09467224299571307
Recalled,7.946577629382303,0.08907198895638448
Recalled,7.963272120200333,0.08361577655095333
Recalled,7.979966611018363,0.07831574821432997
Recalled,7.996661101836394,0.07318281013977145
Recalled,8.013355592654424,0.06822658190299527
Recalled,8.030050083472453,0.06345535914703625
Recalled,8.046744574290484,0.05887608977737452
Recalled,8.063439065108513,0.054494363937700505
Recalled,8.080133555926544,0.0503144178349085
Recalled,8.096828046744573,0.046339151264142175
Recalled,8.113522537562604,0.042570158458250656
Recalled,8.130217028380635,0.03900777165892048
Recalled,8.146911519198664,0.03565111658692734
Recalled,8.163606010016695,0.032498178784213946
Recalled,8.180300500834724,0.029545879617847173
Recalled,8.196994991652755,0.02679016058144455
Recalled,8.213689482470784,0.02422607440828647
Recalled,8.230383973288815,0.021847881425495357
Recalled,8.247078464106844,0.019649149532440256
Recalled,8.263772954924875,0.017622856179372773
Recalled,8.280467445742904,0.015761490753357445
Recalled,8.297161936560935,0.014057155845510606
Recalled,8.313856427378964,0.012501665973048401
Recalled,8.330550918196995,0.011086642457235651
Recalled,8.347245409015025,0.009803603308985364
Recalled,8.363939899833055,0.008644047141969235
Recalled,8.380634390651085,0.007599530312907434
Recalled,8.397328881469114,0.006661736674418653
Recalled,8.414023372287145,0.005822539511879779
Recalled,8.430717863105174,0.005074055417058457
Recalled,8.447412353923205,0.0044086900232643755
Recalled,8.464106844741234,0.003819175685571232
Recalled,8.480801335559265,0.0032986013321642414
Recalled,8.497495826377294,0.002840434836788522
Recalled,8.514190317195325,0.0024385383660907524
Recalled,8.530884808013354,0.0020871772386518014
Recalled,8.547579298831385,0.0017810228946767163
Recalled,8.564273789649416,0.0015151506172785272
Recalled,8.580968280467445,0.0012850326692225354
Recalled,8.597662771285476,0.0010865275145044246
Recalled,8.614357262103505,0.0009158657841538669
Recalled,8.631051752921536,0.0007696336223481239
Recalled,8.647746243739565,0.0006447540145786824
Recalled,8.664440734557596,0.0005384666565489646
Recalled,8.681135225375625,0.00044830687296350697
Recalled,8.697829716193656,0.0003720840415408104
Recalled,8.714524207011685,0.00030785992141907055
Recalled,8.731218697829716,0.0002539272283823965
Recalled,8.747913188647745,0.0002087887435365248
Recalled,8.764607679465776,0.00017113718847070795
Recalled,8.781302170283807,0.000139836049567601
Recalled,8.797996661101836,0.00011390148772452498
Recalled,8.814691151919867,9.248542785542221e-05
Recalled,8.831385642737896,7.48598854656127e-05
Recalled,8.848080133555927,6.040255545702722e-05
Recalled,8.864774624373956,4.858366109477307e-05
Recalled,8.881469115191987,3.895403857890952e-05
Recalled,8.898163606010016,3.113441464723653e-05
Recalled,8.914858096828047,2.4805820736715366e-05
Recalled,8.931552587646076,1.9701077052092723e-05
Recalled,8.948247078464107,1.5597272998628637e-05
Recalled,8.964941569282136,1.2309166388934945e-05
Recalled,8.981636060100167,9.683422193253602e-06
Recalled,8.998330550918197,7.593611947071785e-06
Recalled,9.015025041736227,5.935896865406485e-06
Recalled,9.031719532554257,4.625320878958599e-06
Recalled,9.048414023372287,3.5926438811708647e-06
Recalled,9.065108514190317,2.7816501749097908e-06
Recalled,9.081803005008346,2.1468721916069675e-06
Recalled,9.098497495826377,1.6516748223619168e-06
Recalled,9.115191986644406,1.2666509853783142e-06
Recalled,9.131886477462437,9.682842272286296e-07
Recalled,9.148580968280466,7.378391179200012e-07
Recalled,9.165275459098497,5.604448798627016e-07
Recalled,9.181969949916526,4.243420403409038e-07
Recalled,9.198664440734557,3.202658872864341e-07
Recalled,9.215358931552586,2.409441264770204e-07
Recalled,9.232053422370617,1.8068938490957635e-07
Recalled,9.248747913188648,1.350700900674969e-07
Recalled,9.265442404006677,1.0064579537852253e-07
Recalled,9.282136894824708,7.475524065126671e-08
Recalled,9.298831385642737,5.5347358158786385e-08
Recalled,9.315525876460768,4.084708744566231e-08
Recalled,9.332220367278797,3.0049272470088675e-08
Recalled,9.348914858096828,2.203511049307152e-08
Recalled,9.365609348914857,1.6106629193894405e-08
Recalled,9.382303839732888,1.173551121300479e-08
Recalled,9.398998330550917,8.523286177342433e-09
Recalled,9.415692821368948,6.1704896488884915e-09
Recalled,9.432387312186977,4.452864624625572e-09
Recalled,9.449081803005008,3.203070370763717e-09
Recalled,9.465776293823039,2.2966796453969193e-09
Recalled,9.482470784641068,1.6415010124686117e-09
Recalled,9.499165275459099,1.169468502243553e-09
Recalled,9.515859766277128,8.305052881263841e-10
Recalled,9.532554257095159,5.878988891028461e-10
Recalled,9.549248747913188,4.1482900584057837e-10
Recalled,9.565943238731219,2.9177072339434357e-10
Recalled,9.582637729549248,2.0455981277990174e-10
Recalled,9.599332220367279,1.4295680294850699e-10
Recalled,9.616026711185308,9.958527855285192e-11
Recalled,9.632721202003339,6.914983862004388e-11
Recalled,9.649415692821368,4.7862218523488234e-11
Recalled,9.666110183639399,3.302174532885506e-11
Recalled,9.68280467445743,2.2709767557103486e-11
Recalled,9.699499165275459,1.556792565461918e-11
Recalled,9.71619365609349,1.0637856684213543e-11
Recalled,9.732888146911518,7.245740623013099e-12
Recalled,9.74958263772955,4.919450938354595e-12
Recalled,9.766277128547578,3.3293206856037912e-12
Recalled,9.78297161936561,2.245948100556974e-12
Recalled,9.799666110183638,1.5102500027984247e-12
Recalled,9.81636060100167,1.0122853891502965e-12
Recalled,9.833055091819698,6.763352791953133e-13
Recalled,9.84974958263773,4.50428667535047e-13
Recalled,9.866444073455758,2.9901630737277975e-13
Recalled,9.88313856427379,1.9786480736715336e-13
Recalled,9.89983305509182,1.3051097570192437e-13
Recalled,9.91652754590985,8.580849421392577e-14
Recalled,9.93322203672788,5.62364968459216e-14
Recalled,9.94991652754591,3.673761363550329e-14
Recalled,9.96661101836394,2.3922595847522903e-14
Recalled,9.98330550918197,1.5527813857209017e-14
Recalled,10.0,1.004655016510256e-14
