topic,word,weight
Politics,possibilities,43.53837538925029
Politics,politician,33.69987801829028
Politics,query,30.24431941269651
Politics,chorus,29.748344089863735
Politics,chamber,28.814097188129438
Politics,election,28.613440834206653
Politics,meanings,27.788822802249857
Politics,politics,25.16187629986411
Politics,servants,24.637278379902643
Politics,program,24.007332180516073
Politics,policy,23.470859738468015
Politics,classic,23.18812962244772
Politics,grain,23.137901055243713
Politics,guest,23.096035916933975
Politics,situations,23.022457255984627
Politics,proposal,22.932495247623795
Politics,question,22.350684122353716
Politics,riddles,21.976727941502315
Politics,bust,21.88873237190253
Politics,pairs,21.808346256294488
Politics,chair,21.231256254960353
Politics,results,21.220833392987277
Politics,tower,20.71575591629709
Politics,tapping,20.69301667000971
Politics,line,20.648952523763494
Politics,jokes,20.53887172127716
Politics,meme,20.313793444729665
Politics,blows,20.16782722421219
Politics,phrase,20.104852205006885
Politics,hamlet,20.05306390225633
Politics,poem,20.02292112996406
Politics,imagination,19.809495223079065
Politics,politicians,19.742834597893687
Politics,scuffle,19.664844742600216
Politics,clue,19.622266011372904
Politics,inquiry,19.550073665360944
Politics,riding,19.354189898152605
Politics,license,19.173256956237378
Politics,panther,19.15851838034721
Politics,fiddle,19.103470985522062
Politics,setup,19.05527324479056
Politics,painter,19.011952298616347
Politics,traveller,18.96321828818191
Politics,limerick,18.9603448870687
Politics,planet,18.931506545095232
Politics,favour,18.81917343279928
Politics,conference,18.760283245171934
Politics,exploits,18.714037456626603
Politics,delight,18.61627545433198
Politics,reference,18.582881618553316
Politics,prince,18.571411388901453
Politics,adventurers,18.569415508939752
Politics,statue,18.569338462377047
Politics,palace,18.471777978068587
Politics,explanations,18.42085016224619
Politics,dread,18.284833621047234
Politics,dozen,18.182894661793977
Politics,nonsense,18.091002299187856
Politics,unity,17.98414179610281
Politics,mate,17.975509496777057
Politics,leave,17.97242093217938
Politics,answers,17.882624975914066
Politics,tribute,17.85692549843885
Politics,contrast,17.799565334197016
Politics,customers,17.661169972862997
Politics,network,17.58605119736228
Politics,musicians,17.495561213103773
Politics,oxen,17.368115360395407
Politics,household,17.350341010486627
Politics,beat,17.313184783852428
Politics,gates,17.199749864661644
Politics,county,17.15411439741526
Politics,promises,17.132625425503274
Politics,arts,17.132230352387246
Politics,provinces,16.989929237843544
Politics,idiot,16.965328886131836
Politics,headquarters,16.921549585600644
Politics,reviews,16.89995451630465
Politics,superintendent,16.876913365947225
Politics,cottage,16.827720836595304
Politics,subjects,16.741400316954607
Politics,touch,16.661316089750986
Politics,charm,16.658646852735174
Politics,bell,16.655922355861744
Politics,engine,16.65438861469946
Politics,intelligence,16.56636955808981
Politics,atmosphere,16.540455711277236
Politics,scenario,16.513604833646017
Politics,grandchildren,16.483341583562773
Politics,challenges,16.47909181091585
Politics,humor,16.45174173204575
Politics,suits,16.42422613142065
Politics,estate,16.416337621639123
Politics,websites,16.38829814069947
Politics,experts,16.34119886300361
Politics,topics,16.303671699956503
Politics,fame,16.24638676867093
Politics,ravens,16.236302641737282
Politics,depth,16.220796959748935
Politics,loneliness,16.218078632255605
Politics,purchase,16.167452246826908
Politics,princes,16.13722812477009
Politics,meals,16.077815457047432
Politics,blast,16.073002337375772
Politics,misspelling,15.966940766022987
Politics,municipality,15.895739485523057
Politics,stillness,15.889415665228027
Politics,humour,15.885473118379977
Politics,song,15.877616179475455
Politics,theories,15.798828573833369
Politics,sights,15.778221313814685
Politics,queen,15.746163051094276
Politics,information,15.68111578933837
Politics,public,15.640586044350348
Politics,education,15.566829992583084
Politics,memories,15.562851324137368
Politics,script,15.522792219306192
Politics,clock,15.510596255262682
Politics,craft,15.445818427881015
Politics,interpreters,15.366029409571283
Politics,junction,15.346227558666603
Politics,tells,15.15862243047025
Politics,salesmen,15.140080389001506
Politics,comfort,15.128483952081263
Politics,madness,15.120332505537391
Politics,making,15.101867059899293
Politics,refrain,15.090910811162503
Politics,titles,15.081539366281628
Politics,scenes,15.076289055516824
Politics,perspectives,15.024310649304583
Politics,entertainment,15.007878106249446
Politics,diary,14.981306954017066
Politics,strike,14.950770033235937
Politics,pioneer,14.920957855561253
Politics,interests,14.888062522083267
Politics,lawyers,14.876968067365405
Politics,second,14.87377155244163
Politics,restaurant,14.866193323325149
Politics,sacrifices,14.850387803286726
Politics,tricks,14.825614621049384
Politics,popularity,14.806976269389747
Politics,historians,14.763508511066114
Politics,shorthand,14.649321865935434
Politics,scars,14.638636189010773
Politics,options,14.634888962176316
Politics,raven,14.627619180520378
Politics,ballads,14.571815254011893
Politics,responses,14.557097448193137
Politics,stop,14.515882400867891
Politics,novel,14.475968325857352
Politics,mysteries,14.431607467121314
Politics,pane,14.393574398539958
Politics,pitch,14.364398632256611
Politics,scenarios,14.356913719555102
Politics,narrator,14.342168544496484
Politics,translations,14.30325087560981
Politics,disappointment,14.253274345321326
Politics,allusion,14.243323489794212
Politics,fright,14.174140244991518
Politics,skies,14.159344147448133
Politics,amusement,14.153960182204315
Politics,university,14.114398029894149
Politics,coal,14.076582878668637
Politics,backgrounds,13.875386655696184
Politics,context,13.873250399428825
Politics,certainty,13.872322543050569
Politics,romance,13.867181901897398
Politics,cabin,13.7165898805948
Politics,chill,13.689387373621141
Politics,speculation,13.552292508726401
Politics,curiosity,13.420040886454649
Politics,response,13.334265650198537
Politics,term,13.235561371385378
Politics,riddle,12.741801421018005
Politics,possibility,12.379576050497667
Politics,speaker,12.062827813369868
Politics,interpretations,11.773489688065816
Politics,movie,11.498691780364165
Politics,joke,11.37035050340596
Politics,character,10.870818244302516
Politics,tomorrow,10.623455574643117
Politics,folk,10.416160068126409
Politics,fact,10.035828490897071
Politics,flour,9.9877654626568
Politics,bibliography,9.779122022372915
Politics,legend,9.665644228553761
Politics,chiefs,9.64634807822365
Politics,love,9.361759652834502
Politics,interpretation,9.100323093886065
Politics,listener,8.784851242485065
Politics,government,8.762050933209972
Politics,event,8.75924101870139
Politics,dance,8.58734559166308
Politics,camping,8.476302810968859
Politics,treaty,8.416776500860646
Politics,adventure,8.414182308718592
Politics,spelling,8.384498313189017
Politics,lyrics,8.274841773783358
Politics,book,8.158121261070923
Politics,word,8.056327286522292
Politics,singer,8.04604155727261
Politics,passage,7.994324343619657
Politics,stars,7.954173954614834
Politics,theory,7.892443665708068
Politics,province,7.85637963615028
Politics,store,7.841828687769696
Politics,spies,7.820294513279122
Politics,opening,7.814067349604038
Politics,pipe,7.802085457570616
Politics,governor,7.779756546272493
Politics,moral,7.730555396280008
Politics,device,7.725769115098297
Politics,expression,7.708433690944393
Politics,meaning,7.699879827559697
Politics,nations,7.647456922636598
Politics,publisher,7.6341819862513915
Politics,business,7.617584557920079
Politics,music,7.479320444883523
Politics,show,7.431103214255718
Politics,meal,7.381071120195258
Politics,songwriter,7.315315456160079
Politics,travellers,7.287739848998509
Politics,variations,7.27817188898878
Politics,reader,7.276702580942693
Politics,stanza,7.165632173847707
Politics,literature,7.143430501955327
Politics,region,7.092762656624318
Politics,times,7.071948985522793
Politics,servant,6.975767253013447
Politics,dinner,6.97530762407745
Politics,lawyer,6.934512191012207
Politics,cousins,6.90334409234612
Politics,television,6.903120798093033
Politics,country,6.901795861079202
Politics,husband,6.8893457544138945
Politics,retelling,6.868809830887177
Politics,provisions,6.865459101922513
Politics,travelers,6.861446739641946
Politics,tent,6.815212748468343
Politics,coffee,6.811335473347169
Politics,treaties,6.78650678856002
Politics,works,6.783062633781737
Politics,name,6.724451145241871
Politics,brother,6.721233577906604
Politics,film,6.688738503203102
Politics,door,6.666507617546698
Politics,album,6.646657614180268
Politics,honour,6.63925423978878
Politics,guests,6.638137556084221
Politics,smoke,6.62333032931239
Politics,fireplace,6.621911219408283
Politics,colony,6.571794450165893
Politics,goods,6.566442641246455
Politics,adventures,6.520699748016847
Politics,forest,6.478598180478058
Politics,merchant,6.473153423405112
Politics,policemen,6.437058181582795
Politics,railway,6.428783343438669
Politics,films,6.39523782231673
Politics,window,6.391955994569971
Politics,dancing,6.3701629978802226
Politics,floor,6.36270899732417
Politics,hands,6.345429253755667
Politics,despair,6.344684335093841
Politics,guides,6.305769576887345
Politics,practice,6.277961034725934
Politics,representatives,6.2630501551732305
Politics,women,6.25975515324084
Politics,narrative,6.23698458082912
Politics,district,6.217846609418945
Politics,present,6.192202713949042
Politics,perspective,6.1882969722629015
Politics,poet,6.161053176656132
Politics,title,6.156118155175566
Politics,invitation,6.152517607582311
Politics,schools,6.142303928732193
Politics,bears,6.119867186724735
Politics,visitor,6.114626655056742
Politics,author,6.1042866226638814
Politics,sailor,6.0957881582198326
Politics,portrayal,6.068338866226938
Politics,tale,6.065650070538077
Politics,service,6.0391143725573375
Politics,sleep,6.039028534196298
Politics,others,6.035733761209258
Politics,encampment,6.002406013633777
Politics,audience,5.993517374573133
Politics,smile,5.992467314550924
Politics,earth,5.94823912964769
Politics,rush,5.945329233677625
Politics,minister,5.897527560587595
Politics,sense,5.873480880557845
Politics,mill,5.871275591348195
Politics,artists,5.861295513796942
Politics,ways,5.846195659651131
Politics,feast,5.840725257851725
Politics,visitors,5.829458779904494
Politics,prairie,5.812600942504354
Politics,hall,5.80599626542622
Politics,clans,5.789935506666958
Politics,poetry,5.78811357045434
Politics,internet,5.757273659747185
Politics,daughter,5.756375255723289
Politics,order,5.754692961940387
Politics,reply,5.726622690118684
Politics,challenge,5.7058156396421165
Politics,expert,5.669650964814178
Politics,pleasure,5.665329760602739
Politics,castle,5.633520362177115
Politics,capital,5.620338742814773
Politics,news,5.617148932090049
Politics,mood,5.615345985422101
Politics,brothers,5.611768279115055
Politics,places,5.593715525716779
Politics,nation,5.5562773474074385
Politics,article,5.546799439769267
Politics,teller,5.543410602876162
Politics,bear,5.537542741742294
Politics,beauty,5.503847019682749
Politics,train,5.500818964035342
Politics,festival,5.493972250018187
Politics,hospitality,5.490240037207956
Politics,moose,5.475889229597504
Politics,protagonists,5.467092003532128
Politics,laugh,5.453523015483287
Politics,play,5.44389463109585
Politics,barn,5.419492669528602
Politics,centuries,5.413586916897093
Politics,wall,5.410158726086657
Politics,ship,5.4100496775538955
Politics,valley,5.391286361830304
Politics,refuge,5.3883250878634295
Politics,journey,5.382693789602705
Politics,factor,5.3706502418125694
Politics,moons,5.353567273283105
Politics,video,5.337334754411783
Politics,lovers,5.3315605403023465
Politics,crowd,5.327284093844248
Politics,room,5.318995722134155
Politics,cousin,5.2973138480379784
Politics,judge,5.285480273762355
Politics,thing,5.267188946406155
Politics,situation,5.260942230340359
Politics,wisdom,5.2516926401762785
Politics,darkness,5.249601010430999
Politics,characters,5.2422061192088405
Politics,domain,5.241417053632921
Politics,affairs,5.240320156892442
Politics,prairies,5.227333269083681
Politics,sister,5.215451953826062
Politics,crisis,5.180327458247262
Politics,mystery,5.172822132387086
Politics,songs,5.168192930456387
Politics,noises,5.11833222050031
Politics,biography,5.111637823562186
Politics,words,5.09454203355493
Politics,square,5.0914174479045835
Politics,smoking,5.063625731739375
Politics,captives,5.055849991410428
Politics,novels,5.045741803982041
Politics,rhythm,5.030222387225284
Politics,wife,5.02800038888989
Politics,place,5.017533492241766
Politics,stock,4.987041476022201
Politics,chaos,4.984562172944588
Politics,production,4.972448426712014
Politics,readers,4.970255096790563
Politics,shock,4.948597373878665
Politics,quality,4.9395370233457525
Politics,musician,4.938526905283388
Politics,mayor,4.928396249333945
Politics,research,4.912816021139081
Politics,ladies,4.904054144171684
Politics,verse,4.901742690197753
Politics,host,4.899384792572877
Politics,wedding,4.896774035412342
Politics,bride,4.888610452147363
Politics,career,4.880171024994947
Politics,criminals,4.873520661064353
Politics,counter,4.8583495863674315
Politics,services,4.853852950331114
Politics,experiences,4.851260498053334
Politics,giant,4.833715654014677
Politics,allies,4.824016545304337
Politics,example,4.809621003258727
Politics,authority,4.808944360145011
Politics,following,4.80749769270722
Politics,tune,4.802243790461388
Politics,reality,4.800614827090728
Politics,encyclopedia,4.797090693690378
Politics,mourning,4.792276436022767
Politics,lines,4.787393800603796
Politics,mission,4.786794068040779
Politics,gambling,4.784497883543617
Politics,combat,4.777695559434019
Politics,honey,4.750874229878367
Politics,moonlight,4.749534554328653
Politics,variety,4.7423809817589815
Politics,protagonist,4.733615687726779
Politics,glow,4.716336358719911
Politics,city,4.714340429608064
Politics,shop,4.7111241400278105
Politics,critics,4.670427908969385
Politics,grandfather,4.66713690962127
Politics,melody,4.665078643802768
Politics,pounds,4.662548001028708
Politics,talk,4.661004310432398
Politics,scene,4.658350579614366
Politics,stand,4.644174901342313
Politics,drums,4.643194141411713
Politics,claims,4.642368194043965
Politics,company,4.638569021051087
Politics,pair,4.635869164201727
Politics,actor,4.634986854782183
Politics,frame,4.622442412385101
Politics,traveler,4.619610212014434
Politics,laughter,4.615396594634883
Politics,division,4.611650504023413
Politics,bird,4.60496262539511
Politics,doors,4.598421400240366
Politics,lights,4.590331321185364
Politics,disturbance,4.584536384279498
Politics,pine,4.583991283115124
Politics,flight,4.551092396463366
Politics,doorway,4.550967664833246
Politics,persons,4.550890763442502
Politics,gold,4.549173866445674
Politics,claim,4.54565590847298
Politics,facts,4.531117680224191
Politics,religion,4.5301404927824285
Politics,nightmare,4.528347560125157
Politics,behalf,4.527946549441563
Politics,robe,4.514099054126455
Politics,moon,4.512659028287743
Politics,loser,4.507122531173491
Politics,index,4.505865430691169
Politics,moments,4.505217972211839
Politics,whole,4.504506801225719
Politics,dollars,4.4965981814389355
Politics,puzzle,4.462298779395446
Politics,serpent,4.4538639669561295
Politics,bill,4.442968242564632
Politics,mind,4.442164749574153
Politics,furs,4.43251974302637
Politics,seat,4.426197379892734
Politics,century,4.42278866867423
Politics,decisions,4.41701753752712
Politics,ballad,4.4156340885274705
Politics,communities,4.402054416857753
Politics,sorrow,4.390768919156035
Politics,prospector,4.377431651047235
Politics,folks,4.374802155364462
Politics,reading,4.3585946798486335
Politics,defeat,4.344176717415993
Politics,tavern,4.33744523279818
Politics,health,4.328580146885775
Politics,president,4.323239377417096
Politics,explosion,4.316483607426992
Politics,wind,4.297241788657325
Politics,books,4.285944877493161
Politics,agents,4.2834013485721245
Politics,commotion,4.278559349767078
Politics,translation,4.271965156947229
Politics,composer,4.265978095833635
Politics,enemies,4.261439031683491
Politics,sailors,4.2598252054621115
Politics,alliance,4.246620633255722
Politics,council,4.239788951295763
Politics,construction,4.238986940315264
Politics,barrel,4.237399856086483
Politics,pattern,4.232363986538356
Politics,star,4.229996781928934
Politics,organization,4.225000801850347
Politics,coats,4.221551695947064
Politics,conversation,4.220083845222455
Politics,campaign,4.215599535628931
Politics,newspaper,4.209315635349705
Politics,girlfriend,4.206861014598559
Politics,blow,4.1966729970102685
Politics,crew,4.173929980238991
Politics,lover,4.16684736730298
Politics,dice,4.164433848339997
Politics,entry,4.148642584592319
Politics,debate,4.135189835972213
Politics,howling,4.133710960112583
Politics,smell,4.1283589040832
Politics,companies,4.1179085270037055
Politics,scar,4.115947232112705
Politics,duty,4.105164257524912
Politics,individuals,4.098953963394378
Politics,director,4.098648970333515
Politics,gentlemen,4.087614018441885
Politics,traders,4.079321584755351
Politics,sounds,4.078146593244368
Politics,metaphor,4.075435059021993
Politics,policeman,4.072782591899826
Politics,request,4.0634999306126005
Politics,link,4.061516455537135
Politics,demon,4.052688103399908
Politics,owner,4.04814295905169
Politics,articles,4.0475149399715304
Politics,dishes,4.045761438418682
Politics,grief,4.036602351259923
Politics,beating,4.034267288067998
Politics,meeting,4.034024208764961
Politics,grandson,4.033243445979367
Politics,week,4.031361285478836
Politics,volcano,4.030913074384032
Politics,depths,4.027822044431893
Politics,king,4.024490709543018
Politics,turn,4.008674495505613
Politics,rule,4.008400165133827
Politics,credit,4.001213088121925
Politics,factors,3.9969856022041914
Politics,clan,3.9918130806778236
Politics,table,3.9916145483155354
Politics,presents,3.987109475383296
Politics,usage,3.986536853496047
Politics,activity,3.9655975734723032
Politics,swamp,3.9635285650926626
Politics,charge,3.9612657613699414
Politics,salt,3.9519282151143833
Politics,scent,3.950724660033777
Politics,hearts,3.9450342380746686
Politics,marks,3.931162225324631
Politics,sound,3.9298997473225157
Politics,troubles,3.9283698227368333
Politics,agent,3.9113255111378527
Politics,symbols,3.911052478686377
Politics,phrases,3.9053217597190746
Politics,heritage,3.904170699550271
Politics,right,3.8952612769220663
Politics,deal,3.8850055898248277
Politics,position,3.8774364290584122
Politics,crown,3.873946340992421
Politics,lady,3.869378276233034
Politics,tributary,3.869320279019993
Politics,negotiation,3.866920884257352
Politics,earthquake,3.866357442985845
Politics,reserve,3.865611735623616
Politics,instance,3.854401414340648
Politics,bread,3.8542866451179623
Politics,foolishness,3.8471918128916944
Politics,purpose,3.846540155541449
Politics,station,3.8450892874518763
Politics,cost,3.8368482097983896
Politics,honor,3.8312561071032567
Politics,clues,3.8275230222170302
Politics,disputes,3.825458916275421
Politics,encounters,3.82157461778
Politics,movement,3.819693297445336
Politics,connection,3.8017856151201372
Politics,project,3.797695794759673
Politics,subject,3.791955145946617
Politics,garrison,3.762898032197737
Politics,report,3.749831620773735
Politics,influence,3.7448742783657956
Politics,flowers,3.7428750421645027
Politics,weight,3.7351778329735486
Politics,kitchen,3.731617229362548
Politics,coward,3.718838204047666
Politics,frustration,3.707889902013318
Politics,pause,3.7030928104673886
Politics,tonight,3.696569443330869
Politics,office,3.6964560398845694
Politics,dancers,3.6937101595091972
Politics,students,3.69058758291956
Politics,feelings,3.688528264332072
Politics,rooms,3.6859096251055172
Politics,tongue,3.6849946615448292
Politics,reporter,3.67683953567968
Politics,painting,3.6765544892829345
Politics,fool,3.6498808201693334
Politics,midnight,3.6498679505187295
Politics,string,3.6484595183079693
Politics,tears,3.646674363942797
Politics,reports,3.646178090263645
Politics,exploration,3.644836342069762
Politics,fiction,3.637601177778116
Politics,debt,3.628779129808682
Politics,raiders,3.628538295636899
Politics,constellation,3.6278495152143937
Politics,courage,3.6158652914216254
Politics,twist,3.6144445255595925
Politics,writers,3.609163021748015
Politics,horror,3.5949425545193274
Politics,officers,3.579574494320833
Politics,sage,3.5745637605742657
Politics,horns,3.572514465693493
Politics,technology,3.569949994446312
Politics,faith,3.5670765890846297
Politics,origins,3.566477353518292
Politics,descendants,3.5641960409179774
Politics,minds,3.5623940284497237
Politics,encounter,3.5617760132096006
Politics,bands,3.561680323695592
Politics,hosts,3.560877698064822
Politics,tobacco,3.559931790375341
Politics,training,3.55408229523202
Politics,grace,3.549737127235604
Politics,abilities,3.5486405264525005
Politics,steel,3.5307083153155525
Politics,roof,3.5286285962904658
Politics,failure,3.528049606142113
Politics,reflection,3.5251399733521103
Politics,fortune,3.5200176778447108
Politics,orders,3.501974517508373
Politics,habit,3.492866836283388
Politics,professor,3.491273581762703
Politics,bartender,3.484462109429656
Politics,universe,3.4806045427837344
Politics,generation,3.4791286173087683
Politics,ships,3.4763774243019103
Politics,guide,3.475773770058448
Politics,comedy,3.4717709689349543
Politics,figures,3.469879368134389
Politics,bite,3.452295082511453
Politics,fools,3.4495839088080276
Politics,terror,3.439261057977557
Politics,territory,3.4353052753688154
Politics,culture,3.428096429378748
Politics,quotations,3.4253619556658386
Politics,phenomenon,3.4184780231854606
Politics,agreement,3.416407871766471
Politics,legends,3.4097410533113006
Politics,belts,3.407068813764257
Politics,spread,3.4010024276716333
Politics,implication,3.3968070152554386
Politics,front,3.393062435439676
Politics,clearing,3.3890845071411015
Politics,spell,3.38731203892067
Politics,resistance,3.3860825632297393
Politics,practices,3.3855800503605518
Politics,manager,3.3813459024830443
Politics,speakers,3.3810866444031014
Politics,questions,3.3806725834235096
Politics,cities,3.3801596933934164
Politics,worker,3.3783803177303118
Politics,rules,3.3771766382350994
Politics,adaptations,3.3748787019290427
Politics,streets,3.3715069761912173
Politics,sale,3.3670417452756984
Politics,winds,3.3633447414640534
Politics,sisters,3.362269562792926
Politics,expanse,3.359613507816055
Politics,park,3.3576965260636715
Politics,task,3.3538262098536804
Politics,matter,3.346748734118489
Politics,round,3.3459004424111276
Politics,journalist,3.345332417014013
Politics,outbreak,3.3452430903417723
Politics,scholars,3.3438846995456486
Politics,solution,3.3354475689673007
Politics,rice,3.3304558742449175
Politics,trickster,3.329262323577705
Politics,shame,3.327267245631028
Politics,street,3.3254386134658707
Politics,operation,3.319556830452793
Politics,work,3.3195003911755445
Politics,shout,3.3122381459235712
Politics,call,3.310863688695817
Politics,recording,3.307856131842574
Politics,employees,3.3076712815926204
Politics,hair,3.3059992944375995
Politics,marriage,3.29373715999693
Politics,system,3.293040428732698
Politics,matters,3.2922219624392106
Politics,witches,3.28865517126398
Politics,sleeping,3.2847615218411743
Politics,feature,3.2821173840315017
Politics,performance,3.2775846479734003
Politics,sugar,3.2722556865420853
Politics,treasure,3.2688633774512783
Politics,kings,3.268381223816243
Politics,witch,3.263955306772169
Politics,cabins,3.2490329251712864
Politics,shapes,3.24348558653251
Politics,poets,3.2430297238019055
Politics,colors,3.2426497067542233
Politics,reasons,3.2357011584321
Politics,branches,3.23447914913394
Politics,breakfast,3.231812683233795
Politics,beer,3.2217217709742942
Politics,class,3.218743790909375
Politics,leaves,3.2174849679460182
Politics,writing,3.216905026168561
Politics,explorer,3.211460605321563
Politics,silence,3.209839755168133
Politics,wine,3.2093237487584148
Politics,data,3.2013302931262326
Politics,disease,3.1973557913239756
Politics,status,3.196907789135069
Politics,tones,3.1892586474560427
Politics,forms,3.1812581608926656
Politics,fighter,3.176257117087004
Politics,case,3.173512445744666
Politics,breast,3.17267225447197
Politics,ideas,3.1594837053629634
Politics,land,3.1567265995555336
Politics,dream,3.1563445850617917
Politics,grandfathers,3.1525462261444632
Politics,bravery,3.1461038064561015
Politics,lesson,3.1408327129630815
Politics,sequence,3.1371978958209588
Politics,generosity,3.136742753684933
Politics,command,3.136396668849811
Politics,hell,3.1329401765651057
Politics,landscape,3.131460008712286
Politics,isbn,3.129685788394953
Politics,poems,3.126052676898939
Politics,truth,3.1255051936949143
Politics,masks,3.1245433516758774
Politics,horn,3.1111584977501616
Politics,relative,3.1081027410596866
Politics,beak,3.0939044962483218
Politics,cars,3.0888153413261628
Politics,damage,3.0779974251441935
Politics,protectors,3.0683900604065424
Politics,trees,3.06365302008046
Politics,deeds,3.061520948422714
Politics,confusion,3.060909280406783
Politics,pass,3.0558944995937214
Politics,nuts,3.043910532453115
Politics,priests,3.0408971551268613
Politics,positions,3.039904020854462
Politics,posse,3.0373423770944705
Politics,rivals,3.0294056313718483
Politics,relief,3.0235940632308496
Politics,sadness,3.022378967073013
Politics,bond,3.0084499530245936
Politics,residence,3.005522256273487
Politics,backs,3.0050763827294227
Politics,dances,3.0011792763167775
Politics,reminder,2.9998101766005307
Politics,quarrel,2.9992309200783014
Politics,records,2.995243550087203
Politics,warmth,2.9909477525200594
Politics,teacher,2.9858427800620193
Politics,decision,2.9824441568894904
Politics,interest,2.9718392646203164
Politics,competition,2.9716227720057273
Politics,beds,2.9642755601418824
Politics,steamboat,2.961039009755941
Politics,citations,2.9210805196175005
Politics,youth,2.914911144155911
Politics,terms,2.9136590796480335
Politics,offer,2.9112326574215444
Politics,workers,2.908393831835242
Politics,supper,2.907472129811713
Politics,market,2.8974930948801143
Politics,lips,2.8957513901449174
Politics,tragedy,2.883789777827093
Politics,changes,2.8769590434083203
Politics,partners,2.8711901453149187
Politics,footsteps,2.8572021182497593
Politics,destination,2.85192567402763
Politics,wonder,2.8475012128173045
Politics,drum,2.8467366152146614
Politics,saloon,2.844708362193092
Politics,jealousy,2.8426632864410575
Politics,passengers,2.8320866768870667
Politics,towns,2.831817335371832
Politics,soldier,2.8289168713619604
Politics,garden,2.825586259359155
Politics,prophecy,2.8199543070436226
Politics,yard,2.8198698325820164
Politics,society,2.818987351975888
Politics,cases,2.8088948500888393
Politics,widow,2.8059192911093587
Politics,soul,2.8019608122827515
Politics,alarm,2.7960469639065963
Politics,thinking,2.7943155127274952
Politics,structure,2.784961646682122
Politics,payment,2.7835787907042775
Politics,idea,2.779615651395312
Politics,commentary,2.778568436392842
Politics,mine,2.7783364325333118
Politics,advice,2.774911686433072
Politics,hind,2.772496368078423
Politics,friendship,2.7630026054291195
Politics,topic,2.757425571995896
Politics,raft,2.7538719752825727
Politics,hurry,2.7493592693368547
Politics,kilometres,2.7425777233514212
Politics,celebration,2.741499940699578
Politics,singing,2.738881982126875
Politics,circumstances,2.736644576356681
Politics,cubs,2.7337593234891813
Politics,occasion,2.72618958256869
Politics,deck,2.72001679124282
Politics,comments,2.7181392399528947
Politics,shoulders,2.7090209263507874
Politics,record,2.708423063139279
Politics,followers,2.7081375252184317
Politics,diseases,2.7052586068732962
Politics,native,2.701806593102983
Politics,duel,2.6995663180783813
Politics,regions,2.6987907024638518
Politics,feet,2.6982319538655943
Politics,mask,2.6959491033730263
Politics,difficulty,2.6958325547010884
Politics,style,2.69475364483366
Politics,lands,2.6889604728163383
Politics,school,2.688152892967101
Politics,authors,2.681467198654184
Politics,valleys,2.6706115218562743
Politics,herbs,2.642696516672923
Politics,fashion,2.6346379123201937
Politics,generations,2.6221969996720067
Politics,dwelling,2.6199706445608175
Politics,bedroom,2.617070432781962
Politics,mines,2.6159785583275896
Politics,eyes,2.612355505077893
Politics,purposes,2.609704429751117
Politics,card,2.6030305094850927
Politics,tone,2.600800767384061
Politics,subgroup,2.592482074757428
Politics,start,2.587554152214302
Politics,test,2.584297749346469
Politics,support,2.5812893724761117
Politics,tales,2.573484561365439
Politics,guards,2.5662702517921767
Politics,roles,2.565680659693098
Politics,belt,2.565227050137195
Politics,beast,2.556729437456535
Politics,telling,2.556574401876384
Politics,husbands,2.555085743961957
Politics,media,2.553933060978418
Politics,wars,2.550432682400423
Politics,shadows,2.549652130173351
Politics,copyright,2.545535080333213
Politics,conclusion,2.5413169908494626
Politics,ending,2.5377609377927444
Politics,problem,2.5279011475794992
Politics,temperature,2.520725412788267
Politics,potato,2.5205131624526067
Politics,windows,2.517409988592006
Politics,experience,2.515433617338777
Politics,risk,2.5137924864129935
Politics,grandmother,2.512732403331529
Politics,rapids,2.504612918835999
Politics,appeal,2.5044618129553093
Politics,establishment,2.5018277509084776
Politics,walls,2.5017773909577365
Politics,crack,2.4774144384238537
Politics,heroes,2.474327375227218
Politics,things,2.470613226248246
Politics,travel,2.4450971726665456
Politics,mythology,2.4382168390949106
Politics,waterfall,2.435793138751056
Politics,features,2.4356853134629106
Politics,absence,2.425440978396902
Politics,third,2.4236873058136976
Politics,trader,2.420162241261269
Politics,reception,2.4103023163127313
Politics,newspapers,2.400820099049455
Politics,centre,2.3988616674438186
Politics,communication,2.393396148361998
Politics,cooking,2.3929956552595035
Politics,daughters,2.3817010690835088
Politics,living,2.3785028668510186
Politics,owners,2.37491313981665
Politics,pipes,2.372882622579569
Politics,paths,2.3712341664701424
Politics,teeth,2.3706894333917985
Politics,plain,2.36517038394561
Politics,favor,2.3625043297160846
Politics,relationship,2.3568223426016854
Politics,squaw,2.353976850778368
Politics,differences,2.3538803388885206
Politics,dialogue,2.353675672000097
Politics,truck,2.3519752910563603
Politics,condition,2.3516685522569962
Politics,dreams,2.3480574903773075
Politics,roar,2.342209948973742
Politics,plan,2.3391508767298617
Politics,languages,2.3379169841438068
Politics,historian,2.3272972917370645
Politics,walk,2.3267631767727717
Politics,effect,2.315567497085632
Politics,setting,2.31044358476932
Politics,progress,2.3031135513013954
Politics,pain,2.302979120756401
Politics,fathers,2.299169294607349
Politics,left,2.2942230768492005
Politics,storytelling,2.2892902512892808
Politics,rival,2.2861562274804323
Politics,vessel,2.2841189138116955
Politics,falls,2.283512633342562
Politics,format,2.281941297637554
Politics,harm,2.270932441677606
Politics,welcome,2.2556388818855506
Politics,category,2.254070024276212
Politics,hour,2.2245074639319213
Politics,winner,2.2227974684055276
Politics,captain,2.220017646578713
Politics,range,2.211360732030046
Politics,look,2.2044265796260656
Politics,visit,2.1948149511617125
Politics,money,2.194135262885953
Politics,frog,2.1924627278404265
Politics,fork,2.1883723633596546
Politics,arms,2.180052611033616
Politics,part,2.1703618944469083
Politics,examples,2.169761714793835
Politics,trick,2.1687820773949946
Politics,rights,2.1673506677255743
Politics,bonfire,2.1593651451418876
Politics,folklore,2.158001543361009
Politics,plant,2.1444350698343757
Politics,contest,2.138695911249177
Politics,glass,2.1328155647340123
Politics,spear,2.1298011286425877
Politics,mother,2.1237865385999166
Politics,temple,2.1140266733975097
Politics,locals,2.108548935667171
Politics,price,2.0917090958949394
Politics,buildings,2.0899383125478557
Politics,rage,2.089920293769104
Politics,ravine,2.083829123033277
Politics,departure,2.0823620013814774
Politics,wagon,2.075782356760924
Politics,reputation,2.0728574032607128
Politics,student,2.072080503720551
Politics,amount,2.06969084747337
Politics,knowledge,2.0601423183463474
Politics,opportunity,2.0500552927790565
Politics,custom,2.0451445093948935
Politics,understanding,2.0380561138303763
Politics,file,2.030900410602534
Politics,birth,2.0230273706539856
Politics,wings,2.022271391086843
Politics,aspects,2.020001649235503
Politics,entrance,2.0090619565334484
Politics,site,2.004059851807994
Politics,glade,1.9884144985979249
Politics,secrets,1.988042351020186
Politics,beliefs,1.9840941573577933
Politics,breeze,1.983557935028868
Politics,judgment,1.9801249480150338
Politics,environment,1.972969609268814
Politics,soup,1.9696597537682576
Politics,laughing,1.966373856173189
Politics,attempt,1.9622206671916604
Politics,degree,1.952815988717017
Politics,flint,1.9504887083532307
Politics,attempts,1.9480010196674764
Politics,epidemic,1.9330068808673986
Politics,chapter,1.9275892348679387
Politics,goddess,1.9199979242772343
Politics,roads,1.9164250387693642
Politics,ladder,1.9053854771757288
Politics,gifts,1.9040683965186147
Politics,driver,1.9014339893987866
Politics,army,1.9010066696841927
Politics,escape,1.9008792627967392
Politics,ancestors,1.892887003375957
Politics,hero,1.8869844610589763
Politics,cause,1.885887801807417
Politics,gunshots,1.880302995006699
Politics,stew,1.8757072627416165
Politics,past,1.871059021198411
Politics,frontier,1.869084041883076
Politics,destruction,1.8628242306646938
Politics,arrival,1.8533013028288123
Politics,descent,1.851254216495731
Politics,maiden,1.8494857531391087
Politics,father,1.8431796874421928
Politics,rise,1.84131710362617
Politics,corner,1.8281356031381022
Politics,patch,1.8261872944225261
Politics,themes,1.818720545661006
Politics,chance,1.7920773786709325
Politics,episode,1.7917627472715556
Politics,afternoon,1.7899690185798076
Politics,dialect,1.7817315658815887
Politics,ashes,1.7762233064140118
Politics,dreamer,1.773501020975613
Politics,lead,1.7666244929283224
Politics,civilization,1.7658950475854542
Politics,journal,1.7567049603522367
Politics,wilderness,1.7534280442680434
Politics,reserves,1.749107408703165
Politics,success,1.7431579280002218
Politics,businessman,1.7398183922702284
Politics,ability,1.7377209819133108
Politics,references,1.7325207367967819
Politics,ground,1.7244335402819995
Politics,robes,1.699783161172731
Politics,homeland,1.6990665802409166
Politics,crimes,1.680758513387624
Politics,sunrise,1.6723824400986302
Politics,flame,1.6645716270341686
Politics,roots,1.6479205534292485
Politics,heart,1.6477724711944257
Politics,pride,1.6324924925452386
Politics,coat,1.6306073324966484
Politics,tension,1.6298901345910866
Politics,defence,1.6185930897845744
Politics,highway,1.6174276202289768
Politics,streams,1.6155817862835622
Politics,dress,1.611368325801092
Politics,loss,1.6072968050193424
Politics,intention,1.6038446825291361
Politics,drinks,1.5984975496213039
Politics,freedom,1.593514626893206
Politics,wait,1.5819561790083638
Politics,magic,1.5496220927165814
Politics,logs,1.540167321692534
Politics,heavens,1.5330701956809578
Politics,motif,1.5299607527038088
Politics,moment,1.5177731692828755
Politics,promise,1.5166671103127507
Politics,crying,1.5083907808224073
Politics,negotiations,1.5074999704519538
Politics,matches,1.5065570594244455
Politics,action,1.5005365148764567
Politics,belief,1.4961813232235504
Politics,role,1.494051450170428
Politics,appearance,1.4865824113276758
Politics,warrior,1.4842302252738282
Politics,responsibility,1.472584198436407
Politics,none,1.4681355491943404
Politics,smallpox,1.4680642449980763
Politics,quest,1.4530520758442063
Politics,element,1.437861354703535
Politics,population,1.437714453120524
Politics,editor,1.4376724636245464
Politics,base,1.406691672388837
Politics,today,1.3928316491864885
Politics,lamp,1.387808020328629
Politics,names,1.3715217593519529
Politics,feud,1.348644512061194
Politics,patrol,1.347541884051764
Politics,numbers,1.3351032323894054
Politics,inches,1.3288593557889243
Politics,sorcerer,1.3268816570570385
Politics,heat,1.3255870493490487
Politics,heads,1.3177335195226072
Politics,bridge,1.3098538675257163
Politics,presence,1.2854961789963717
Politics,circle,1.2837094147257746
Politics,weapon,1.2732721330173367
Politics,reservations,1.2606005769763777
Politics,means,1.2330826725753061
Politics,shield,1.231955256018326
Politics,problems,1.226807129757035
Politics,lakes,1.2229494063124269
Politics,activities,1.2221784574291437
Politics,approach,1.1659707970333373
Politics,error,1.1590546919438482
Politics,gathering,1.1560798119742393
Politics,relationships,1.1559188582493674
Politics,disaster,1.1499729267667276
Politics,creature,1.0916118551494645
Politics,fingers,1.0866000878776816
Politics,assault,1.0852746515574883
Politics,branch,1.082576755737785
Politics,wealth,1.0782516687043513
Politics,shadow,1.069035304591102
Politics,fears,1.0312260417172223
Politics,sunset,1.026007891604697
Politics,harvest,1.0242596119816219
Politics,skills,1.0207994422679174
Politics,feeling,1.0195035462889679
Politics,watch,1.0141220593258369
Politics,resolution,1.013204950754556
Politics,shields,1.0062651000161211
Politics,rivers,0.9681743871800241
Politics,language,0.9509932301885774
Politics,development,0.9240251809445418
Politics,agency,0.9142128726859093
Politics,poison,0.8977702519476567
Politics,period,0.8472758379473055
Politics,picture,0.8419213961971131
Politics,fires,0.8347419937631414
Politics,sword,0.8298998070829889
Politics,desire,0.8260194417374022
Politics,color,0.817629654063864
Politics,website,0.7947567212081575
Politics,height,0.7932101567174231
Politics,addition,0.7875330492724784
Politics,cannibals,0.7654703989150718
Politics,pack,0.7540699710197962
Politics,sight,0.7246772415825575
Politics,prisoner,0.7165551474305708
Politics,effects,0.7063185941692347
Politics,text,0.7022680979697665
Politics,thoughts,0.6950623100350515
Politics,argument,0.6748666064540684
Politics,band,0.6611537453737356
Politics,cloak,0.6526828398835416
Politics,conditions,0.6434890814798007
Politics,letter,0.6341157902198941
Politics,cover,0.605447123481301
Politics,science,0.597574588766485
Politics,outcome,0.5909274103335953
Politics,quote,0.5893920205184486
Politics,residents,0.5778501062882313
Politics,history,0.5444033139443857
Politics,ruler,0.5240389261815276
Politics,space,0.44567447424481293
Politics,bullets,0.43234178886548846
Politics,change,0.42219923321279923
Politics,leaders,0.4149085059715633
Politics,offerings,0.374783720013682
Politics,locations,0.3679724603302524
Politics,care,0.3536007337272603
Politics,hotel,0.3142377985360789
Politics,nose,0.31302413222813336
Politics,famine,0.2302899986847519
Politics,size,0.19391305146042745
Politics,eagles,0.17142504885966794
Politics,luck,0.07334588963108071
