concrete_vs_abstract,rich_vs_poor_details,specific_vs_general,episode,item_id
0.7,0.5,0.6,0,0
0.6,0.5,0.7,0,1
0.8,0.7,0.6,0,2
0.7,0.5,0.6,0,3
0.8,0.5,0.6,0,4
0.8,0.7,0.6,0,5
0.7,0.5,0.6,0,6
0.8,0.6,0.7,0,7
0.6,0.5,0.5,0,8
0.7,0.5,0.6,0,9
0.7,0.6,0.5,0,10
0.8,0.7,0.6,0,11
0.8,0.7,0.8,0,12
0.7,0.6,0.5,0,13
0.6,0.5,0.5,0,14
0.3,0.2,0.4,0,15
0.5,0.3,0.4,0,16
0.6,0.4,0.5,0,17
0.5,0.4,0.5,0,18
0.5,0.4,0.5,0,19
0.8,0.6,0.7,0,20
0.8,0.7,0.6,0,21
0.7,0.6,0.7,0,22
0.7,0.6,0.5,0,23
0.7,0.5,0.6,0,24
0.6,0.4,0.5,0,25
0.7,0.5,0.6,0,26
0.6,0.5,0.7,0,27
0.7,0.5,0.6,0,28
0.8,0.6,0.7,0,29
0.8,0.6,0.7,0,30
0.4,0.3,0.4,0,31
0.7,0.5,0.6,0,32
0.8,0.7,0.6,0,33
0.4,0.3,0.4,0,34
0.8,0.7,0.6,0,35
0.6,0.5,0.5,0,36
0.9,0.5,0.8,0,37
0.8,0.7,0.8,0,38
0.7,0.5,0.6,0,39
0.8,0.6,0.7,0,40
0.6,0.4,0.5,0,41
0.8,0.7,0.6,0,42
0.6,0.4,0.5,0,43
0.8,0.5,0.6,0,44
0.6,0.4,0.5,0,45
0.8,0.6,0.7,0,46
0.6,0.3,0.5,0,47
0.6,0.4,0.5,0,48
0.7,0.6,0.5,0,49
0.7,0.6,0.5,0,50
0.8,0.6,0.7,0,51
0.7,0.5,0.6,0,52
0.7,0.6,0.5,0,53
0.8,0.7,0.6,0,54
0.6,0.5,0.4,0,55
0.5,0.3,0.4,0,56
0.5,0.3,0.4,0,57
0.5,0.4,0.5,0,58
0.8,0.6,0.7,0,59
0.7,0.5,0.6,0,60
0.7,0.4,0.5,0,61
0.6,0.5,0.7,0,62
0.6,0.5,0.4,0,63
0.8,0.6,0.7,0,64
0.7,0.6,0.5,0,65
0.8,0.6,0.7,0,66
0.8,0.7,0.6,0,67
0.8,0.7,0.6,0,68
0.6,0.4,0.5,0,69
0.9,0.7,0.8,0,70
0.6,0.5,0.5,0,71
0.7,0.6,0.5,0,72
0.5,0.3,0.4,0,73
0.8,0.6,0.7,0,74
0.7,0.6,0.7,0,75
0.6,0.4,0.5,0,76
0.7,0.5,0.6,0,77
0.8,0.6,0.7,0,78
0.7,0.5,0.6,0,79
0.7,0.5,0.6,0,80
0.6,0.5,0.5,0,81
0.9,0.5,0.6,0,82
0.8,0.4,0.6,0,83
0.5,0.4,0.5,0,84
0.7,0.6,0.5,0,85
0.4,0.3,0.4,0,86
0.8,0.6,0.7,0,87
0.6,0.5,0.4,0,88
0.7,0.5,0.6,0,89
0.5,0.4,0.5,0,90
0.6,0.4,0.5,0,91
0.8,0.7,0.6,0,92
0.8,0.7,0.6,0,93
0.6,0.4,0.5,0,94
0.6,0.4,0.5,0,95
0.7,0.5,0.6,0,96
0.8,0.6,0.7,0,97
0.4,0.3,0.4,0,98
0.7,0.6,0.5,0,99
0.6,0.5,0.5,0,100
0.6,0.4,0.5,0,101
0.8,0.7,0.6,0,102
0.5,0.3,0.4,0,103
0.6,0.5,0.5,0,104
0.7,0.5,0.6,0,105
0.8,0.6,0.7,0,106
0.7,0.5,0.6,0,107
0.8,0.7,0.6,0,108
0.8,0.7,0.6,0,109
0.7,0.6,0.7,0,110
0.7,0.5,0.6,0,111
0.5,0.3,0.4,0,112
0.4,0.3,0.4,0,113
0.6,0.5,0.5,0,114
0.8,0.6,0.7,0,115
0.8,0.7,0.6,0,116
0.6,0.4,0.5,0,117
0.7,0.5,0.6,0,118
0.8,0.6,0.7,0,119
0.6,0.4,0.5,0,120
0.7,0.5,0.6,0,121
0.8,0.6,0.7,0,122
0.8,0.6,0.7,0,123
0.5,0.3,0.4,0,124
0.7,0.6,0.7,0,125
0.5,0.4,0.4,0,126
0.6,0.4,0.5,0,127
0.8,0.6,0.7,0,128
0.6,0.4,0.5,0,129
0.6,0.5,0.5,0,130
0.5,0.4,0.5,0,131
0.6,0.4,0.5,0,132
0.6,0.4,0.5,0,133
0.8,0.7,0.6,0,134
0.7,0.6,0.7,0,135
0.8,0.7,0.7,0,136
0.8,0.6,0.7,0,137
0.6,0.5,0.5,0,138
0.5,0.4,0.5,0,139
0.7,0.6,0.5,0,140
0.7,0.6,0.5,0,141
0.7,0.5,0.6,0,142
0.7,0.6,0.7,0,143
0.7,0.6,0.7,0,144
0.6,0.4,0.5,0,145
0.8,0.7,0.6,0,146
0.9,0.7,0.8,0,147
0.8,0.6,0.7,0,148
0.7,0.6,0.5,0,149
0.6,0.5,0.5,0,150
0.8,0.6,0.7,0,151
0.8,0.7,0.6,0,152
0.7,0.6,0.5,0,153
0.5,0.3,0.4,0,154
0.4,0.3,0.5,0,155
0.9,0.7,0.8,0,156
0.8,0.6,0.7,0,157
0.4,0.3,0.5,0,158
0.7,0.5,0.6,0,159
0.8,0.7,0.6,0,160
0.4,0.2,0.3,0,161
0.7,0.6,0.7,0,162
0.7,0.5,0.6,0,163
0.8,0.5,0.7,0,164
0.7,0.4,0.6,0,165
0.6,0.4,0.5,0,166
0.4,0.3,0.5,0,167
0.9,0.7,0.8,0,168
0.4,0.2,0.3,0,169
0.6,0.4,0.5,0,170
0.9,0.8,0.9,0,171
0.7,0.6,0.7,0,172
0.7,0.6,0.5,0,173
0.5,0.4,0.5,0,174
0.7,0.6,0.5,0,175
0.7,0.5,0.6,0,176
0.7,0.6,0.5,0,177
0.5,0.3,0.4,0,178
0.7,0.5,0.6,0,179
0.4,0.3,0.4,0,180
0.6,0.4,0.5,0,181
0.8,0.7,0.6,0,182
0.7,0.5,0.6,0,183
0.8,0.6,0.7,0,184
0.5,0.4,0.5,0,185
0.7,0.6,0.5,0,186
0.7,0.5,0.6,0,187
0.9,0.7,0.8,0,188
0.4,0.3,0.4,0,189
0.8,0.7,0.6,0,190
0.6,0.5,0.5,0,191
0.6,0.4,0.5,0,192
0.6,0.5,0.5,0,193
0.5,0.4,0.5,0,194
0.8,0.7,0.6,0,195
0.6,0.5,0.5,0,196
0.8,0.7,0.6,0,197
0.7,0.6,0.7,0,198
0.7,0.5,0.6,0,199
0.8,0.7,0.6,0,200
0.7,0.6,0.5,0,201
0.7,0.4,0.5,0,202
0.7,0.5,0.6,0,203
0.9,0.8,0.9,0,204
0.7,0.6,0.7,0,205
0.9,0.7,0.8,0,206
0.6,0.5,0.7,0,207
0.7,0.5,0.6,0,208
0.8,0.6,0.7,0,209
0.7,0.5,0.6,0,210
0.6,0.4,0.5,0,211
0.6,0.4,0.5,0,212
0.7,0.6,0.5,0,213
0.7,0.5,0.6,0,214
0.7,0.5,0.6,0,215
0.5,0.4,0.5,0,216
0.8,0.6,0.7,0,217
0.8,0.7,0.6,0,218
0.6,0.5,0.5,0,219
0.8,0.5,0.6,0,220
0.8,0.6,0.7,0,221
0.8,0.7,0.6,0,222
0.9,0.7,0.8,0,223
0.8,0.7,0.7,0,224
0.3,0.2,0.4,0,225
0.7,0.5,0.6,0,226
0.8,0.7,0.7,0,227
0.6,0.3,0.5,0,228
0.7,0.6,0.5,0,229
0.6,0.4,0.5,0,230
0.8,0.5,0.6,0,231
0.7,0.6,0.5,0,232
0.8,0.7,0.6,0,233
0.7,0.5,0.6,0,234
0.8,0.7,0.6,0,235
0.8,0.7,0.6,0,236
0.6,0.5,0.4,0,237
0.8,0.7,0.6,0,238
0.8,0.6,0.7,0,239
0.9,0.8,0.9,0,240
0.5,0.4,0.4,0,241
0.8,0.6,0.7,0,242
0.6,0.4,0.5,0,243
0.8,0.6,0.7,0,244
0.7,0.5,0.6,0,245
0.5,0.4,0.4,0,246
0.4,0.3,0.5,0,247
0.4,0.3,0.5,0,248
0.6,0.4,0.5,0,249
0.5,0.3,0.4,0,250
0.7,0.6,0.5,0,251
0.7,0.5,0.6,0,252
0.7,0.5,0.6,0,253
0.8,0.7,0.6,0,254
0.7,0.6,0.5,0,255
0.7,0.6,0.5,0,256
0.6,0.5,0.5,0,257
0.6,0.5,0.5,0,258
0.7,0.5,0.6,0,259
0.8,0.6,0.7,0,260
0.9,0.5,0.8,0,261
0.7,0.6,0.5,0,262
0.7,0.6,0.5,0,263
0.8,0.6,0.7,0,264
0.9,0.8,0.9,0,265
0.6,0.4,0.5,0,266
0.8,0.6,0.7,0,267
0.7,0.5,0.6,0,268
0.8,0.6,0.7,0,269
0.7,0.5,0.6,0,270
0.8,0.6,0.7,0,271
0.7,0.5,0.6,0,272
0.7,0.6,0.5,0,273
0.7,0.5,0.6,0,274
0.8,0.6,0.7,0,275
0.6,0.4,0.5,0,276
0.6,0.4,0.5,0,277
0.7,0.6,0.7,0,278
0.6,0.4,0.5,0,279
0.8,0.7,0.6,0,280
0.9,0.7,0.8,0,281
0.4,0.5,0.4,0,282
0.6,0.5,0.4,0,283
0.7,0.6,0.7,0,284
0.8,0.7,0.6,0,285
0.7,0.6,0.5,0,286
0.7,0.5,0.6,0,287
0.7,0.6,0.5,0,288
0.8,0.6,0.7,0,289
0.8,0.7,0.6,0,290
0.8,0.6,0.7,0,291
0.7,0.5,0.6,0,292
0.4,0.3,0.3,0,293
0.6,0.4,0.5,0,294
0.7,0.6,0.5,0,295
0.7,0.5,0.6,0,296
0.7,0.6,0.5,0,297
0.8,0.7,0.6,0,298
0.8,0.7,0.8,0,299
0.8,0.5,0.6,0,300
0.7,0.5,0.6,0,301
0.6,0.4,0.5,0,302
0.8,0.7,0.6,0,303
0.4,0.3,0.5,0,304
0.7,0.6,0.7,0,305
0.7,0.5,0.6,0,306
0.7,0.5,0.6,0,307
0.7,0.5,0.6,0,308
0.7,0.6,0.5,0,309
0.8,0.6,0.7,0,310
0.9,0.8,0.9,0,311
0.7,0.6,0.5,0,312
0.8,0.7,0.8,0,313
0.5,0.4,0.5,0,314
0.7,0.6,0.5,0,315
0.7,0.6,0.5,0,316
0.9,0.7,0.8,0,317
0.7,0.5,0.6,0,318
0.7,0.6,0.5,0,319
0.7,0.5,0.6,0,320
0.4,0.3,0.4,0,321
0.6,0.4,0.5,0,322
0.7,0.6,0.7,0,323
0.4,0.3,0.4,0,324
0.7,0.5,0.6,0,325
0.8,0.7,0.8,0,326
0.7,0.5,0.6,0,327
0.8,0.7,0.6,0,328
0.7,0.6,0.5,0,329
0.8,0.6,0.7,0,330
0.7,0.5,0.6,0,331
0.8,0.6,0.7,0,332
0.5,0.4,0.4,0,333
0.7,0.5,0.6,0,334
0.4,0.3,0.5,0,335
0.7,0.5,0.6,0,336
0.6,0.4,0.5,0,337
0.8,0.6,0.7,0,338
0.6,0.4,0.5,0,339
0.5,0.4,0.4,0,340
0.6,0.4,0.5,0,341
0.8,0.7,0.6,0,342
0.7,0.6,0.5,0,343
0.8,0.6,0.7,0,344
0.8,0.7,0.7,0,345
0.8,0.7,0.8,0,346
0.7,0.5,0.6,0,347
0.8,0.5,0.7,0,348
0.7,0.5,0.6,0,349
0.7,0.5,0.6,0,350
0.4,0.5,0.4,0,351
0.8,0.6,0.7,0,352
0.6,0.5,0.5,0,353
0.8,0.7,0.6,0,354
0.8,0.7,0.6,0,355
0.6,0.4,0.5,0,356
0.8,0.7,0.6,0,357
0.9,0.8,0.7,0,358
0.8,0.7,0.6,0,359
0.7,0.6,0.5,0,360
0.7,0.6,0.5,0,361
0.4,0.3,0.5,0,362
0.9,0.6,0.7,0,363
0.8,0.6,0.7,0,364
0.8,0.7,0.6,0,365
0.7,0.5,0.6,0,366
0.7,0.6,0.6,0,367
0.5,0.4,0.5,0,368
0.6,0.4,0.5,0,369
0.5,0.4,0.5,0,370
0.8,0.7,0.6,0,371
0.6,0.5,0.4,0,372
0.4,0.3,0.5,0,373
0.7,0.3,0.4,0,374
0.8,0.6,0.7,0,375
0.8,0.5,0.6,0,376
0.7,0.5,0.6,0,377
0.6,0.4,0.5,0,378
0.6,0.4,0.5,0,379
0.8,0.5,0.6,0,380
0.8,0.6,0.7,0,381
0.6,0.4,0.5,0,382
0.6,0.5,0.5,0,383
0.7,0.5,0.6,0,384
0.8,0.5,0.7,0,385
0.7,0.6,0.5,0,386
0.9,0.7,0.8,0,387
0.4,0.3,0.5,0,388
0.8,0.6,0.7,0,389
0.6,0.5,0.5,0,390
0.8,0.6,0.7,0,391
0.7,0.5,0.6,0,392
0.4,0.3,0.5,0,393
0.6,0.4,0.5,0,394
0.7,0.6,0.7,0,395
0.6,0.5,0.5,0,396
0.6,0.4,0.5,0,397
0.8,0.7,0.6,0,398
0.7,0.5,0.6,0,399
0.6,0.5,0.5,0,400
0.8,0.6,0.7,0,401
0.7,0.6,0.5,0,402
0.8,0.4,0.6,0,403
0.6,0.5,0.5,0,404
0.7,0.4,0.5,0,405
0.8,0.7,0.6,0,406
0.8,0.6,0.7,0,407
0.7,0.6,0.5,0,408
0.8,0.6,0.7,0,409
0.8,0.6,0.7,0,410
0.7,0.6,0.5,0,411
0.6,0.5,0.7,0,412
0.3,0.2,0.2,0,413
0.6,0.5,0.5,0,414
0.6,0.5,0.5,0,415
0.7,0.5,0.6,0,416
0.6,0.4,0.5,0,417
0.7,0.5,0.6,0,418
0.6,0.4,0.5,0,419
0.6,0.5,0.5,0,420
0.9,0.7,0.8,0,421
0.7,0.5,0.6,0,422
1.0,0.8,1.0,0,423
0.6,0.5,0.4,0,424
0.8,0.7,0.7,0,425
0.9,0.7,0.8,0,426
0.3,0.2,0.2,0,427
0.8,0.6,0.7,0,428
0.6,0.4,0.5,0,429
0.7,0.3,0.4,0,430
0.8,0.6,0.7,0,431
0.5,0.4,0.5,0,432
0.8,0.6,0.7,0,433
0.8,0.7,0.8,0,434
0.6,0.5,0.5,0,435
0.7,0.5,0.6,0,436
0.8,0.6,0.7,0,437
0.7,0.5,0.6,0,438
0.5,0.4,0.4,0,439
0.7,0.5,0.6,0,440
0.8,0.7,0.6,0,441
0.5,0.4,0.5,0,442
0.7,0.5,0.6,0,443
0.8,0.6,0.7,0,444
0.6,0.5,0.4,0,445
0.7,0.5,0.6,0,446
0.7,0.5,0.6,0,447
0.6,0.5,0.5,0,448
0.7,0.6,0.5,0,449
0.9,0.8,0.9,0,450
0.8,0.7,0.6,0,451
0.7,0.5,0.6,0,452
0.8,0.7,0.6,0,453
0.8,0.7,0.6,0,454
0.6,0.3,0.4,0,455
0.8,0.7,0.6,0,456
0.8,0.6,0.7,0,457
0.8,0.7,0.8,0,458
0.6,0.4,0.5,0,459
0.7,0.4,0.6,0,460
0.8,0.7,0.6,0,461
0.5,0.4,0.5,0,462
0.6,0.4,0.5,0,463
0.9,0.7,0.8,0,464
0.7,0.6,0.5,0,465
0.7,0.5,0.6,0,466
0.7,0.6,0.5,0,467
0.6,0.3,0.5,0,468
0.8,0.5,0.7,0,469
0.6,0.4,0.5,0,470
0.9,0.8,0.9,0,471
0.6,0.4,0.5,0,472
0.2,0.1,0.3,0,473
0.8,0.6,0.7,0,474
0.7,0.5,0.6,0,475
0.4,0.3,0.5,0,476
0.6,0.4,0.5,0,477
0.5,0.4,0.5,0,478
0.6,0.3,0.5,0,479
0.6,0.5,0.4,0,480
0.8,0.6,0.7,0,481
0.8,0.6,0.7,0,482
0.2,0.1,0.3,0,483
0.6,0.4,0.5,0,484
0.8,0.5,0.6,0,485
0.6,0.4,0.5,0,486
0.7,0.6,0.5,0,487
0.8,0.7,0.7,0,488
0.7,0.5,0.6,0,489
0.5,0.4,0.4,0,490
0.8,0.7,0.6,0,491
0.7,0.5,0.6,0,492
0.8,0.6,0.7,0,493
0.8,0.6,0.7,0,494
0.2,0.1,0.3,0,495
0.6,0.5,0.5,0,496
0.7,0.6,0.5,0,497
0.7,0.6,0.5,0,498
0.6,0.4,0.5,0,499
0.7,0.6,0.5,1,0
0.7,0.5,0.6,1,1
0.8,0.7,0.7,1,2
0.7,0.5,0.6,1,3
0.8,0.5,0.6,1,4
0.9,0.7,0.8,1,5
0.7,0.5,0.6,1,6
0.7,0.5,0.6,1,7
0.6,0.4,0.5,1,8
0.6,0.3,0.4,1,9
0.7,0.5,0.6,1,10
0.6,0.4,0.5,1,11
0.8,0.7,0.7,1,12
0.7,0.5,0.6,1,13
0.7,0.5,0.6,1,14
0.6,0.4,0.5,1,15
0.6,0.4,0.5,1,16
0.5,0.4,0.5,1,17
0.6,0.4,0.5,1,18
0.6,0.4,0.5,1,19
0.8,0.6,0.7,1,20
0.7,0.6,0.5,1,21
0.7,0.6,0.5,1,22
0.7,0.5,0.6,1,23
0.7,0.5,0.6,1,24
0.6,0.5,0.5,1,25
0.7,0.6,0.5,1,26
0.7,0.6,0.5,1,27
0.4,0.3,0.4,1,28
0.8,0.6,0.7,1,29
0.8,0.5,0.6,1,30
0.4,0.3,0.4,1,31
0.7,0.6,0.5,1,32
0.6,0.5,0.5,1,33
0.7,0.6,0.7,1,34
0.8,0.6,0.7,1,35
0.6,0.5,0.5,1,36
0.8,0.7,0.6,1,37
0.8,0.7,0.8,1,38
0.7,0.5,0.6,1,39
0.7,0.6,0.7,1,40
0.6,0.4,0.5,1,41
0.6,0.4,0.5,1,42
0.4,0.3,0.3,1,43
0.8,0.5,0.6,1,44
0.5,0.3,0.4,1,45
0.8,0.7,0.6,1,46
0.7,0.6,0.5,1,47
0.7,0.3,0.4,1,48
0.6,0.5,0.4,1,49
0.7,0.6,0.7,1,50
0.8,0.6,0.7,1,51
0.7,0.5,0.6,1,52
0.6,0.5,0.5,1,53
0.6,0.4,0.5,1,54
0.5,0.4,0.4,1,55
0.4,0.3,0.5,1,56
0.4,0.3,0.4,1,57
0.5,0.3,0.4,1,58
0.8,0.6,0.7,1,59
0.6,0.5,0.5,1,60
0.7,0.4,0.5,1,61
0.8,0.6,0.7,1,62
0.7,0.5,0.6,1,63
0.8,0.5,0.7,1,64
0.8,0.6,0.7,1,65
0.8,0.6,0.7,1,66
0.8,0.7,0.8,1,67
0.6,0.4,0.5,1,68
0.6,0.4,0.5,1,69
0.9,0.7,0.8,1,70
0.5,0.4,0.4,1,71
0.7,0.6,0.5,1,72
0.6,0.4,0.5,1,73
0.8,0.6,0.7,1,74
0.4,0.3,0.2,1,75
0.5,0.4,0.5,1,76
0.8,0.6,0.7,1,77
0.8,0.6,0.7,1,78
0.7,0.5,0.6,1,79
0.7,0.6,0.5,1,80
0.8,0.6,0.7,1,81
0.7,0.5,0.6,1,82
0.8,0.4,0.6,1,83
0.6,0.5,0.5,1,84
0.6,0.4,0.5,1,85
0.7,0.4,0.5,1,86
0.7,0.5,0.6,1,87
0.6,0.5,0.4,1,88
0.7,0.5,0.6,1,89
0.5,0.4,0.5,1,90
0.6,0.4,0.5,1,91
0.7,0.5,0.6,1,92
0.8,0.6,0.7,1,93
0.7,0.5,0.6,1,94
0.7,0.6,0.5,1,95
0.7,0.5,0.6,1,96
0.8,0.6,0.7,1,97
0.8,0.6,0.7,1,98
0.5,0.3,0.4,1,99
0.6,0.4,0.5,1,100
0.7,0.5,0.6,1,101
0.8,0.6,0.7,1,102
0.7,0.6,0.5,1,103
0.4,0.3,0.4,1,104
0.5,0.3,0.4,1,105
0.6,0.4,0.5,1,106
0.4,0.3,0.4,1,107
0.7,0.6,0.5,1,108
0.8,0.7,0.6,1,109
0.7,0.6,0.7,1,110
0.8,0.6,0.7,1,111
0.5,0.3,0.4,1,112
0.4,0.3,0.4,1,113
0.5,0.4,0.5,1,114
0.4,0.3,0.5,1,115
0.8,0.6,0.7,1,116
0.6,0.4,0.5,1,117
0.7,0.5,0.6,1,118
0.5,0.3,0.4,1,119
0.7,0.5,0.6,1,120
0.6,0.5,0.5,1,121
0.7,0.4,0.5,1,122
0.7,0.4,0.5,1,123
0.6,0.4,0.5,1,124
0.7,0.4,0.6,1,125
0.3,0.2,0.4,1,126
0.6,0.5,0.7,1,127
0.7,0.5,0.6,1,128
0.4,0.2,0.3,1,129
0.4,0.3,0.5,1,130
0.4,0.3,0.5,1,131
0.8,0.7,0.6,1,132
0.6,0.4,0.5,1,133
0.8,0.6,0.7,1,134
0.8,0.6,0.7,1,135
0.7,0.5,0.6,1,136
0.7,0.5,0.6,1,137
0.6,0.5,0.4,1,138
0.5,0.4,0.5,1,139
0.7,0.5,0.6,1,140
0.6,0.4,0.5,1,141
0.7,0.5,0.6,1,142
0.6,0.5,0.5,1,143
0.7,0.5,0.6,1,144
0.6,0.4,0.5,1,145
0.7,0.5,0.6,1,146
0.7,0.5,0.6,1,147
0.7,0.5,0.6,1,148
0.7,0.6,0.5,1,149
0.6,0.4,0.5,1,150
0.8,0.7,0.6,1,151
0.8,0.7,0.7,1,152
0.8,0.7,0.6,1,153
0.4,0.2,0.3,1,154
0.6,0.4,0.5,1,155
0.8,0.5,0.7,1,156
0.7,0.6,0.7,1,157
0.7,0.5,0.6,1,158
0.7,0.5,0.6,1,159
0.8,0.7,0.7,1,160
0.6,0.5,0.5,1,161
0.5,0.4,0.5,1,162
0.7,0.5,0.6,1,163
0.7,0.5,0.6,1,164
0.7,0.5,0.6,1,165
0.6,0.4,0.5,1,166
0.6,0.4,0.5,1,167
0.8,0.7,0.6,1,168
0.7,0.5,0.6,1,169
0.6,0.4,0.5,1,170
0.8,0.5,0.7,1,171
0.7,0.6,0.5,1,172
0.8,0.6,0.7,1,173
0.8,0.5,0.6,1,174
0.5,0.4,0.5,1,175
0.7,0.6,0.7,1,176
0.7,0.5,0.6,1,177
0.7,0.5,0.6,1,178
0.6,0.5,0.5,1,179
0.6,0.4,0.5,1,180
0.6,0.5,0.5,1,181
0.7,0.6,0.7,1,182
0.4,0.2,0.3,1,183
0.8,0.5,0.6,1,184
0.6,0.4,0.5,1,185
0.6,0.4,0.5,1,186
0.9,0.5,0.7,1,187
0.8,0.7,0.6,1,188
0.7,0.5,0.6,1,189
0.7,0.5,0.6,1,190
0.5,0.4,0.5,1,191
0.7,0.5,0.6,1,192
0.6,0.4,0.5,1,193
0.5,0.4,0.5,1,194
0.8,0.6,0.7,1,195
0.6,0.5,0.5,1,196
0.8,0.5,0.6,1,197
0.7,0.6,0.7,1,198
0.7,0.6,0.5,1,199
0.8,0.7,0.8,1,200
0.8,0.7,0.6,1,201
0.7,0.5,0.6,1,202
0.6,0.5,0.4,1,203
0.8,0.6,0.7,1,204
0.5,0.4,0.5,1,205
0.8,0.7,0.6,1,206
0.6,0.5,0.7,1,207
0.8,0.5,0.7,1,208
0.8,0.6,0.7,1,209
0.6,0.4,0.5,1,210
0.6,0.4,0.5,1,211
0.7,0.5,0.6,1,212
0.4,0.3,0.4,1,213
0.8,0.6,0.7,1,214
0.5,0.4,0.5,1,215
0.6,0.3,0.4,1,216
0.7,0.5,0.6,1,217
0.8,0.7,0.8,1,218
0.6,0.4,0.5,1,219
0.7,0.5,0.6,1,220
0.8,0.6,0.7,1,221
0.7,0.5,0.6,1,222
0.7,0.5,0.6,1,223
0.8,0.7,0.6,1,224
0.9,0.7,0.8,1,225
0.7,0.5,0.6,1,226
0.9,0.7,0.8,1,227
0.7,0.5,0.6,1,228
0.7,0.4,0.6,1,229
0.8,0.6,0.7,1,230
0.8,0.5,0.6,1,231
0.6,0.4,0.5,1,232
0.5,0.4,0.5,1,233
0.8,0.7,0.6,1,234
0.8,0.6,0.7,1,235
0.7,0.5,0.6,1,236
0.6,0.4,0.5,1,237
0.7,0.6,0.5,1,238
0.7,0.6,0.5,1,239
0.9,0.8,0.9,1,240
0.6,0.4,0.5,1,241
0.8,0.6,0.7,1,242
0.7,0.5,0.6,1,243
0.7,0.5,0.6,1,244
0.6,0.4,0.5,1,245
0.6,0.4,0.5,1,246
0.7,0.5,0.6,1,247
0.4,0.3,0.5,1,248
0.6,0.4,0.5,1,249
0.6,0.4,0.5,1,250
0.8,0.6,0.7,1,251
0.6,0.5,0.5,1,252
0.6,0.4,0.5,1,253
0.8,0.7,0.8,1,254
0.6,0.5,0.4,1,255
0.5,0.3,0.4,1,256
0.6,0.4,0.5,1,257
0.4,0.2,0.3,1,258
0.5,0.4,0.5,1,259
0.7,0.5,0.6,1,260
0.8,0.5,0.7,1,261
0.8,0.7,0.6,1,262
0.7,0.5,0.6,1,263
0.7,0.5,0.6,1,264
0.8,0.5,0.7,1,265
0.6,0.5,0.5,1,266
0.7,0.5,0.6,1,267
0.5,0.4,0.5,1,268
0.7,0.5,0.6,1,269
0.8,0.6,0.7,1,270
0.7,0.4,0.6,1,271
0.8,0.6,0.7,1,272
0.7,0.5,0.6,1,273
0.6,0.4,0.5,1,274
0.8,0.5,0.7,1,275
0.4,0.2,0.3,1,276
0.8,0.6,0.7,1,277
0.4,0.3,0.5,1,278
0.6,0.4,0.5,1,279
0.8,0.6,0.7,1,280
0.9,0.7,0.8,1,281
0.5,0.4,0.5,1,282
0.6,0.4,0.5,1,283
0.7,0.4,0.6,1,284
0.8,0.6,0.7,1,285
0.6,0.4,0.5,1,286
0.7,0.5,0.6,1,287
0.5,0.4,0.5,1,288
0.8,0.6,0.7,1,289
0.9,0.7,0.8,1,290
0.8,0.6,0.7,1,291
0.7,0.5,0.6,1,292
0.7,0.6,0.5,1,293
0.6,0.5,0.5,1,294
0.7,0.6,0.5,1,295
0.8,0.6,0.7,1,296
0.7,0.5,0.6,1,297
0.6,0.4,0.5,1,298
0.7,0.5,0.6,1,299
0.7,0.5,0.6,1,300
0.7,0.4,0.5,1,301
0.4,0.3,0.5,1,302
0.4,0.2,0.3,1,303
0.4,0.3,0.5,1,304
0.7,0.6,0.5,1,305
0.8,0.6,0.7,1,306
0.8,0.6,0.7,1,307
0.8,0.7,0.7,1,308
0.6,0.5,0.5,1,309
0.4,0.3,0.4,1,310
0.8,0.6,0.7,1,311
0.4,0.3,0.5,1,312
0.8,0.6,0.7,1,313
0.4,0.2,0.3,1,314
0.8,0.6,0.7,1,315
0.8,0.6,0.7,1,316
0.9,0.7,0.8,1,317
0.6,0.4,0.5,1,318
0.7,0.5,0.6,1,319
0.6,0.4,0.5,1,320
0.3,0.2,0.4,1,321
0.6,0.4,0.5,1,322
0.6,0.5,0.5,1,323
0.8,0.6,0.7,1,324
0.6,0.5,0.4,1,325
0.6,0.4,0.5,1,326
0.6,0.4,0.5,1,327
0.6,0.4,0.5,1,328
0.8,0.6,0.7,1,329
0.7,0.6,0.5,1,330
0.4,0.3,0.4,1,331
0.7,0.5,0.6,1,332
0.6,0.5,0.5,1,333
0.8,0.7,0.8,1,334
0.6,0.4,0.5,1,335
0.8,0.5,0.6,1,336
0.6,0.4,0.5,1,337
0.6,0.4,0.5,1,338
0.6,0.4,0.5,1,339
0.7,0.5,0.6,1,340
0.5,0.4,0.5,1,341
0.8,0.5,0.6,1,342
0.7,0.5,0.6,1,343
0.7,0.5,0.6,1,344
0.8,0.7,0.6,1,345
0.7,0.4,0.5,1,346
0.5,0.4,0.5,1,347
0.8,0.6,0.7,1,348
0.7,0.5,0.6,1,349
0.7,0.6,0.5,1,350
0.6,0.5,0.5,1,351
0.7,0.6,0.5,1,352
0.6,0.4,0.5,1,353
0.8,0.7,0.6,1,354
0.8,0.6,0.7,1,355
0.7,0.4,0.5,1,356
0.8,0.7,0.6,1,357
0.7,0.5,0.6,1,358
0.8,0.5,0.6,1,359
0.7,0.5,0.6,1,360
0.7,0.6,0.5,1,361
0.3,0.2,0.2,1,362
0.7,0.5,0.6,1,363
0.8,0.6,0.7,1,364
0.8,0.7,0.6,1,365
0.6,0.4,0.5,1,366
0.7,0.6,0.5,1,367
0.4,0.3,0.4,1,368
0.6,0.4,0.5,1,369
0.4,0.3,0.5,1,370
0.7,0.5,0.6,1,371
0.4,0.3,0.4,1,372
0.5,0.4,0.5,1,373
0.6,0.4,0.5,1,374
0.8,0.7,0.8,1,375
0.8,0.4,0.6,1,376
0.5,0.4,0.5,1,377
0.6,0.4,0.5,1,378
0.6,0.4,0.5,1,379
0.8,0.5,0.7,1,380
0.6,0.5,0.5,1,381
0.8,0.6,0.7,1,382
0.6,0.4,0.5,1,383
0.7,0.5,0.6,1,384
0.7,0.4,0.5,1,385
0.6,0.5,0.5,1,386
0.8,0.6,0.7,1,387
0.4,0.2,0.3,1,388
0.6,0.4,0.5,1,389
0.5,0.3,0.4,1,390
0.8,0.6,0.7,1,391
0.8,0.6,0.7,1,392
0.6,0.5,0.7,1,393
0.6,0.5,0.5,1,394
0.7,0.5,0.6,1,395
0.4,0.3,0.5,1,396
0.7,0.5,0.6,1,397
0.8,0.6,0.7,1,398
0.8,0.6,0.7,1,399
0.5,0.4,0.5,1,400
0.8,0.6,0.7,1,401
0.8,0.6,0.7,1,402
0.8,0.6,0.7,1,403
0.6,0.4,0.5,1,404
0.6,0.4,0.5,1,405
0.8,0.6,0.7,1,406
0.7,0.5,0.6,1,407
0.7,0.5,0.6,1,408
0.6,0.4,0.5,1,409
0.8,0.6,0.7,1,410
0.7,0.5,0.6,1,411
0.4,0.3,0.4,1,412
0.4,0.3,0.4,1,413
0.5,0.4,0.5,1,414
0.7,0.5,0.6,1,415
0.5,0.3,0.4,1,416
0.6,0.4,0.5,1,417
0.8,0.5,0.7,1,418
0.4,0.3,0.5,1,419
0.6,0.5,0.5,1,420
0.7,0.5,0.6,1,421
0.7,0.5,0.6,1,422
0.7,0.5,0.6,1,423
0.7,0.5,0.6,1,424
0.6,0.4,0.5,1,425
0.8,0.5,0.6,1,426
0.6,0.5,0.5,1,427
0.8,0.7,0.6,1,428
0.8,0.6,0.7,1,429
0.8,0.5,0.7,1,430
0.7,0.5,0.6,1,431
0.6,0.4,0.5,1,432
0.8,0.7,0.6,1,433
0.8,0.6,0.7,1,434
0.6,0.4,0.5,1,435
0.6,0.5,0.5,1,436
0.6,0.4,0.5,1,437
0.7,0.5,0.6,1,438
0.7,0.5,0.6,1,439
0.8,0.6,0.7,1,440
0.7,0.5,0.6,1,441
0.7,0.5,0.6,1,442
0.7,0.5,0.6,1,443
0.8,0.6,0.7,1,444
0.5,0.4,0.4,1,445
0.7,0.6,0.5,1,446
0.7,0.5,0.6,1,447
0.6,0.4,0.5,1,448
0.8,0.7,0.6,1,449
0.9,0.8,0.8,1,450
0.7,0.6,0.5,1,451
0.3,0.2,0.4,1,452
0.9,0.8,0.7,1,453
0.3,0.2,0.4,1,454
0.7,0.4,0.5,1,455
0.8,0.6,0.7,1,456
0.8,0.6,0.7,1,457
0.8,0.5,0.7,1,458
0.6,0.3,0.5,1,459
0.8,0.6,0.7,1,460
0.9,0.8,0.9,1,461
0.5,0.3,0.4,1,462
0.6,0.4,0.5,1,463
0.7,0.6,0.5,1,464
0.6,0.4,0.5,1,465
0.7,0.5,0.6,1,466
0.8,0.7,0.6,1,467
0.6,0.4,0.5,1,468
0.8,0.6,0.7,1,469
0.8,0.6,0.7,1,470
0.8,0.7,0.7,1,471
0.6,0.4,0.5,1,472
0.3,0.2,0.4,1,473
0.6,0.4,0.5,1,474
0.6,0.4,0.5,1,475
0.7,0.5,0.6,1,476
0.7,0.5,0.6,1,477
0.7,0.5,0.6,1,478
0.8,0.6,0.7,1,479
0.7,0.5,0.6,1,480
0.8,0.6,0.7,1,481
0.8,0.6,0.7,1,482
0.6,0.4,0.5,1,483
0.7,0.4,0.5,1,484
0.8,0.5,0.6,1,485
0.6,0.4,0.5,1,486
0.4,0.3,0.4,1,487
0.9,0.7,0.8,1,488
0.5,0.4,0.4,1,489
0.5,0.3,0.4,1,490
0.8,0.6,0.7,1,491
0.8,0.5,0.6,1,492
0.7,0.5,0.6,1,493
0.7,0.5,0.6,1,494
0.8,0.6,0.7,1,495
0.6,0.4,0.5,1,496
0.6,0.4,0.5,1,497
0.7,0.5,0.6,1,498
0.6,0.4,0.5,1,499
0.6,0.4,0.5,2,0
0.8,0.6,0.7,2,1
0.8,0.6,0.7,2,2
0.7,0.5,0.6,2,3
0.8,0.5,0.6,2,4
0.8,0.7,0.6,2,5
0.7,0.5,0.6,2,6
0.8,0.6,0.7,2,7
0.9,0.8,0.9,2,8
0.7,0.5,0.6,2,9
0.6,0.5,0.5,2,10
0.7,0.5,0.6,2,11
0.8,0.7,0.7,2,12
0.8,0.6,0.7,2,13
0.6,0.5,0.6,2,14
0.4,0.2,0.3,2,15
0.6,0.4,0.5,2,16
0.6,0.4,0.5,2,17
0.4,0.3,0.4,2,18
0.8,0.7,0.6,2,19
0.8,0.6,0.7,2,20
0.8,0.5,0.7,2,21
0.8,0.6,0.7,2,22
0.7,0.5,0.6,2,23
0.7,0.4,0.5,2,24
0.6,0.4,0.5,2,25
0.6,0.4,0.5,2,26
0.6,0.5,0.7,2,27
0.3,0.2,0.4,2,28
0.8,0.7,0.6,2,29
0.8,0.6,0.7,2,30
0.6,0.4,0.5,2,31
0.8,0.6,0.7,2,32
0.7,0.6,0.5,2,33
0.6,0.5,0.5,2,34
0.8,0.6,0.7,2,35
0.7,0.5,0.6,2,36
0.9,0.5,0.8,2,37
0.6,0.3,0.5,2,38
0.6,0.4,0.5,2,39
0.8,0.6,0.7,2,40
0.4,0.3,0.3,2,41
0.6,0.4,0.5,2,42
0.3,0.2,0.4,2,43
0.8,0.5,0.6,2,44
0.4,0.3,0.4,2,45
0.5,0.4,0.5,2,46
0.7,0.5,0.6,2,47
0.7,0.5,0.6,2,48
0.6,0.4,0.5,2,49
0.8,0.7,0.7,2,50
0.7,0.5,0.6,2,51
0.7,0.5,0.6,2,52
0.6,0.4,0.5,2,53
0.5,0.4,0.5,2,54
0.7,0.6,0.5,2,55
0.6,0.4,0.5,2,56
0.6,0.5,0.5,2,57
0.5,0.2,0.4,2,58
0.6,0.3,0.5,2,59
0.7,0.5,0.6,2,60
0.8,0.6,0.7,2,61
0.8,0.6,0.7,2,62
0.8,0.5,0.6,2,63
0.9,0.4,0.6,2,64
0.6,0.4,0.5,2,65
0.8,0.6,0.7,2,66
0.8,0.7,0.6,2,67
0.8,0.6,0.7,2,68
0.8,0.6,0.7,2,69
0.9,0.8,0.9,2,70
0.6,0.4,0.5,2,71
0.7,0.5,0.6,2,72
0.5,0.2,0.4,2,73
0.7,0.5,0.6,2,74
0.5,0.4,0.5,2,75
0.5,0.3,0.4,2,76
0.7,0.5,0.6,2,77
0.7,0.5,0.6,2,78
0.8,0.7,0.6,2,79
0.7,0.5,0.6,2,80
0.5,0.3,0.4,2,81
0.8,0.4,0.5,2,82
0.9,0.6,0.7,2,83
0.6,0.4,0.5,2,84
0.4,0.3,0.5,2,85
0.9,0.7,0.8,2,86
0.6,0.5,0.4,2,87
0.7,0.6,0.5,2,88
0.7,0.4,0.5,2,89
0.4,0.2,0.3,2,90
0.5,0.3,0.4,2,91
0.6,0.4,0.5,2,92
0.8,0.7,0.6,2,93
0.6,0.4,0.5,2,94
0.5,0.4,0.5,2,95
0.5,0.4,0.5,2,96
0.6,0.4,0.5,2,97
0.4,0.3,0.4,2,98
0.8,0.6,0.7,2,99
0.6,0.4,0.5,2,100
0.6,0.4,0.5,2,101
0.8,0.6,0.7,2,102
0.7,0.6,0.5,2,103
0.5,0.4,0.5,2,104
0.5,0.4,0.5,2,105
0.7,0.4,0.5,2,106
0.7,0.5,0.6,2,107
0.6,0.4,0.5,2,108
0.8,0.7,0.6,2,109
0.7,0.6,0.5,2,110
0.8,0.6,0.7,2,111
0.4,0.3,0.4,2,112
0.2,0.1,0.3,2,113
0.7,0.5,0.6,2,114
0.5,0.4,0.5,2,115
0.8,0.6,0.7,2,116
0.6,0.5,0.5,2,117
0.4,0.3,0.4,2,118
0.6,0.4,0.5,2,119
0.6,0.4,0.5,2,120
0.6,0.4,0.5,2,121
0.8,0.5,0.6,2,122
0.8,0.5,0.6,2,123
0.5,0.3,0.4,2,124
0.5,0.4,0.5,2,125
0.4,0.3,0.5,2,126
0.8,0.6,0.7,2,127
0.6,0.4,0.5,2,128
0.8,0.7,0.6,2,129
0.6,0.5,0.5,2,130
0.5,0.3,0.4,2,131
0.8,0.7,0.6,2,132
0.5,0.4,0.5,2,133
0.8,0.6,0.7,2,134
0.8,0.6,0.7,2,135
0.7,0.6,0.5,2,136
0.7,0.5,0.6,2,137
0.6,0.5,0.5,2,138
0.5,0.3,0.4,2,139
0.7,0.5,0.6,2,140
0.5,0.4,0.4,2,141
0.6,0.5,0.7,2,142
0.7,0.5,0.6,2,143
0.7,0.4,0.6,2,144
0.6,0.4,0.5,2,145
0.7,0.6,0.5,2,146
0.8,0.6,0.7,2,147
0.8,0.5,0.6,2,148
0.2,0.1,0.3,2,149
0.6,0.4,0.5,2,150
0.6,0.4,0.5,2,151
0.7,0.5,0.6,2,152
0.7,0.5,0.6,2,153
0.5,0.3,0.4,2,154
0.4,0.2,0.3,2,155
0.8,0.6,0.7,2,156
0.5,0.4,0.4,2,157
0.4,0.3,0.5,2,158
0.6,0.4,0.5,2,159
0.8,0.7,0.6,2,160
0.3,0.2,0.4,2,161
0.7,0.6,0.7,2,162
0.7,0.5,0.6,2,163
0.8,0.6,0.7,2,164
0.7,0.5,0.6,2,165
0.7,0.5,0.6,2,166
0.4,0.3,0.5,2,167
0.8,0.7,0.6,2,168
0.4,0.3,0.2,2,169
0.6,0.4,0.5,2,170
0.8,0.5,0.6,2,171
0.5,0.4,0.5,2,172
0.8,0.6,0.7,2,173
0.9,0.7,0.8,2,174
0.4,0.3,0.4,2,175
0.6,0.4,0.5,2,176
0.6,0.4,0.5,2,177
0.4,0.3,0.5,2,178
0.6,0.4,0.5,2,179
0.8,0.6,0.7,2,180
0.6,0.4,0.5,2,181
0.7,0.6,0.5,2,182
0.4,0.3,0.5,2,183
0.7,0.6,0.5,2,184
0.4,0.3,0.5,2,185
0.8,0.6,0.7,2,186
0.7,0.5,0.6,2,187
0.6,0.4,0.5,2,188
0.7,0.6,0.5,2,189
0.7,0.5,0.6,2,190
0.6,0.5,0.5,2,191
0.7,0.5,0.6,2,192
0.6,0.5,0.5,2,193
0.6,0.4,0.5,2,194
0.8,0.5,0.7,2,195
0.6,0.4,0.5,2,196
0.6,0.4,0.5,2,197
0.8,0.6,0.7,2,198
0.8,0.6,0.7,2,199
0.8,0.7,0.6,2,200
0.7,0.6,0.7,2,201
0.7,0.5,0.6,2,202
0.7,0.5,0.6,2,203
0.8,0.6,0.7,2,204
0.6,0.4,0.5,2,205
0.8,0.7,0.6,2,206
0.8,0.7,0.8,2,207
0.8,0.6,0.7,2,208
0.7,0.5,0.6,2,209
0.6,0.5,0.4,2,210
0.8,0.7,0.6,2,211
0.8,0.4,0.6,2,212
0.3,0.2,0.4,2,213
0.7,0.5,0.6,2,214
0.4,0.3,0.5,2,215
0.6,0.4,0.5,2,216
0.7,0.5,0.6,2,217
0.8,0.6,0.7,2,218
0.6,0.4,0.5,2,219
0.7,0.5,0.6,2,220
0.8,0.6,0.7,2,221
0.5,0.4,0.5,2,222
0.6,0.4,0.5,2,223
0.7,0.6,0.5,2,224
0.8,0.5,0.6,2,225
0.6,0.4,0.5,2,226
0.8,0.6,0.7,2,227
0.4,0.3,0.4,2,228
0.7,0.6,0.5,2,229
0.8,0.6,0.7,2,230
0.8,0.6,0.7,2,231
0.6,0.4,0.5,2,232
0.8,0.7,0.9,2,233
0.6,0.4,0.5,2,234
0.7,0.6,0.5,2,235
0.8,0.6,0.7,2,236
0.7,0.5,0.6,2,237
0.8,0.6,0.7,2,238
0.5,0.3,0.4,2,239
0.9,0.8,0.9,2,240
0.7,0.5,0.6,2,241
0.7,0.5,0.6,2,242
0.6,0.4,0.5,2,243
0.8,0.6,0.7,2,244
0.5,0.3,0.4,2,245
0.5,0.4,0.5,2,246
0.4,0.3,0.4,2,247
0.4,0.3,0.5,2,248
0.6,0.4,0.5,2,249
0.5,0.4,0.5,2,250
0.8,0.6,0.7,2,251
0.6,0.4,0.5,2,252
0.4,0.3,0.4,2,253
0.8,0.7,0.6,2,254
0.7,0.6,0.5,2,255
0.8,0.6,0.7,2,256
0.6,0.5,0.5,2,257
0.4,0.2,0.3,2,258
0.6,0.5,0.5,2,259
0.8,0.6,0.7,2,260
0.8,0.5,0.6,2,261
0.8,0.7,0.6,2,262
0.7,0.5,0.6,2,263
0.7,0.5,0.6,2,264
0.8,0.7,0.6,2,265
0.5,0.4,0.5,2,266
0.7,0.6,0.5,2,267
0.7,0.6,0.5,2,268
0.7,0.6,0.7,2,269
0.7,0.5,0.6,2,270
0.9,0.4,0.6,2,271
0.8,0.6,0.7,2,272
0.7,0.5,0.6,2,273
0.4,0.2,0.3,2,274
0.8,0.6,0.7,2,275
0.4,0.3,0.4,2,276
0.7,0.5,0.6,2,277
0.6,0.4,0.5,2,278
0.4,0.3,0.4,2,279
0.8,0.6,0.7,2,280
0.8,0.6,0.7,2,281
0.6,0.4,0.5,2,282
0.7,0.5,0.6,2,283
0.7,0.6,0.7,2,284
0.7,0.5,0.6,2,285
0.6,0.5,0.5,2,286
0.8,0.5,0.6,2,287
0.4,0.3,0.5,2,288
0.8,0.6,0.7,2,289
0.8,0.6,0.7,2,290
0.5,0.4,0.5,2,291
0.8,0.7,0.6,2,292
0.3,0.2,0.4,2,293
0.7,0.5,0.6,2,294
0.7,0.5,0.6,2,295
0.8,0.5,0.7,2,296
0.8,0.5,0.6,2,297
0.5,0.3,0.4,2,298
0.7,0.5,0.6,2,299
0.7,0.4,0.6,2,300
0.7,0.5,0.6,2,301
0.7,0.5,0.6,2,302
0.7,0.5,0.6,2,303
0.4,0.3,0.4,2,304
0.7,0.5,0.6,2,305
0.6,0.4,0.5,2,306
0.8,0.7,0.6,2,307
0.8,0.6,0.7,2,308
0.6,0.5,0.5,2,309
0.5,0.4,0.5,2,310
0.8,0.6,0.7,2,311
0.7,0.6,0.5,2,312
0.8,0.6,0.7,2,313
0.6,0.4,0.5,2,314
0.8,0.6,0.7,2,315
0.7,0.6,0.5,2,316
0.8,0.6,0.7,2,317
0.7,0.5,0.6,2,318
0.7,0.6,0.5,2,319
0.7,0.5,0.6,2,320
0.4,0.3,0.4,2,321
0.5,0.3,0.4,2,322
0.3,0.4,0.5,2,323
0.7,0.5,0.6,2,324
0.6,0.4,0.5,2,325
0.7,0.5,0.6,2,326
0.7,0.5,0.6,2,327
0.5,0.4,0.5,2,328
0.8,0.6,0.7,2,329
0.9,0.8,0.7,2,330
0.5,0.3,0.4,2,331
0.7,0.6,0.5,2,332
0.4,0.3,0.4,2,333
0.6,0.4,0.5,2,334
0.6,0.4,0.5,2,335
0.6,0.3,0.4,2,336
0.7,0.6,0.5,2,337
0.7,0.5,0.6,2,338
0.7,0.5,0.6,2,339
0.6,0.5,0.5,2,340
0.5,0.4,0.5,2,341
0.7,0.5,0.6,2,342
0.5,0.4,0.5,2,343
0.6,0.4,0.5,2,344
0.7,0.6,0.5,2,345
0.6,0.3,0.4,2,346
0.6,0.4,0.5,2,347
0.6,0.4,0.5,2,348
0.8,0.6,0.7,2,349
0.8,0.4,0.5,2,350
0.4,0.3,0.5,2,351
0.7,0.5,0.6,2,352
0.6,0.4,0.5,2,353
0.8,0.7,0.6,2,354
0.6,0.4,0.5,2,355
0.4,0.3,0.5,2,356
0.6,0.4,0.5,2,357
0.8,0.7,0.6,2,358
0.8,0.6,0.7,2,359
0.8,0.7,0.6,2,360
0.6,0.4,0.5,2,361
0.4,0.3,0.4,2,362
0.7,0.5,0.6,2,363
0.8,0.6,0.7,2,364
0.6,0.5,0.5,2,365
0.4,0.3,0.4,2,366
0.8,0.6,0.7,2,367
0.4,0.2,0.5,2,368
0.6,0.5,0.4,2,369
0.5,0.4,0.3,2,370
0.8,0.7,0.6,2,371
0.6,0.4,0.5,2,372
0.4,0.3,0.5,2,373
0.7,0.5,0.6,2,374
0.7,0.5,0.6,2,375
0.6,0.5,0.5,2,376
0.7,0.5,0.6,2,377
0.6,0.4,0.5,2,378
0.6,0.4,0.5,2,379
0.7,0.5,0.6,2,380
0.7,0.5,0.6,2,381
0.8,0.6,0.7,2,382
0.6,0.4,0.5,2,383
0.6,0.4,0.5,2,384
0.6,0.4,0.5,2,385
0.6,0.5,0.5,2,386
0.8,0.6,0.7,2,387
0.8,0.4,0.5,2,388
0.5,0.3,0.4,2,389
0.5,0.4,0.5,2,390
0.7,0.6,0.7,2,391
0.5,0.3,0.4,2,392
0.5,0.4,0.5,2,393
0.5,0.3,0.4,2,394
0.7,0.5,0.6,2,395
0.6,0.4,0.5,2,396
0.6,0.4,0.5,2,397
0.7,0.6,0.5,2,398
0.8,0.6,0.7,2,399
0.4,0.3,0.3,2,400
0.6,0.4,0.5,2,401
0.7,0.5,0.6,2,402
0.6,0.4,0.5,2,403
0.6,0.5,0.5,2,404
0.7,0.5,0.6,2,405
0.7,0.5,0.6,2,406
0.5,0.3,0.4,2,407
0.6,0.5,0.5,2,408
0.7,0.5,0.6,2,409
0.7,0.4,0.5,2,410
0.7,0.6,0.5,2,411
0.6,0.4,0.5,2,412
0.5,0.3,0.4,2,413
0.4,0.3,0.4,2,414
0.4,0.3,0.4,2,415
0.7,0.5,0.6,2,416
0.7,0.5,0.6,2,417
0.7,0.5,0.6,2,418
0.7,0.5,0.6,2,419
0.4,0.3,0.5,2,420
0.8,0.6,0.7,2,421
0.6,0.5,0.5,2,422
0.7,0.5,0.6,2,423
0.8,0.7,0.8,2,424
0.8,0.7,0.8,2,425
0.7,0.5,0.6,2,426
0.6,0.4,0.5,2,427
0.8,0.6,0.7,2,428
0.8,0.6,0.7,2,429
0.4,0.3,0.4,2,430
0.7,0.5,0.6,2,431
0.7,0.5,0.6,2,432
0.8,0.6,0.7,2,433
0.8,0.6,0.7,2,434
0.6,0.4,0.5,2,435
0.4,0.3,0.4,2,436
0.4,0.3,0.5,2,437
0.4,0.3,0.5,2,438
0.5,0.4,0.5,2,439
0.7,0.5,0.6,2,440
0.8,0.6,0.7,2,441
0.7,0.6,0.5,2,442
0.7,0.5,0.6,2,443
0.8,0.6,0.7,2,444
0.3,0.2,0.4,2,445
0.5,0.4,0.5,2,446
0.7,0.3,0.5,2,447
0.6,0.4,0.5,2,448
0.8,0.6,0.7,2,449
0.8,0.7,0.8,2,450
0.8,0.6,0.7,2,451
0.7,0.5,0.6,2,452
0.7,0.5,0.6,2,453
0.4,0.3,0.4,2,454
0.7,0.5,0.6,2,455
0.7,0.5,0.6,2,456
0.7,0.5,0.6,2,457
0.8,0.6,0.7,2,458
0.7,0.5,0.6,2,459
0.8,0.6,0.7,2,460
0.7,0.6,0.5,2,461
0.3,0.2,0.4,2,462
0.4,0.3,0.5,2,463
0.8,0.6,0.7,2,464
0.8,0.6,0.7,2,465
0.8,0.6,0.7,2,466
0.6,0.4,0.5,2,467
0.8,0.7,0.6,2,468
0.6,0.4,0.5,2,469
0.7,0.5,0.6,2,470
0.8,0.7,0.6,2,471
0.7,0.5,0.6,2,472
0.3,0.2,0.4,2,473
0.6,0.5,0.5,2,474
0.7,0.5,0.6,2,475
0.5,0.4,0.5,2,476
0.6,0.4,0.5,2,477
0.6,0.4,0.5,2,478
0.5,0.3,0.4,2,479
0.7,0.5,0.6,2,480
0.8,0.6,0.7,2,481
0.8,0.7,0.6,2,482
0.4,0.3,0.5,2,483
0.6,0.3,0.5,2,484
0.7,0.5,0.6,2,485
0.6,0.5,0.4,2,486
0.7,0.5,0.6,2,487
0.7,0.5,0.6,2,488
0.5,0.3,0.4,2,489
0.5,0.3,0.4,2,490
0.8,0.6,0.7,2,491
0.7,0.6,0.5,2,492
0.9,0.5,0.7,2,493
0.7,0.6,0.5,2,494
0.7,0.6,0.7,2,495
0.6,0.4,0.5,2,496
0.5,0.4,0.4,2,497
0.6,0.4,0.5,2,498
0.6,0.4,0.5,2,499
0.7,0.5,0.6,3,0
0.7,0.5,0.6,3,1
0.8,0.6,0.7,3,2
0.6,0.4,0.5,3,3
0.9,0.5,0.7,3,4
0.7,0.5,0.6,3,5
0.8,0.6,0.7,3,6
0.7,0.5,0.6,3,7
0.6,0.5,0.5,3,8
0.6,0.4,0.5,3,9
0.7,0.5,0.6,3,10
0.5,0.4,0.4,3,11
0.7,0.6,0.7,3,12
0.7,0.6,0.5,3,13
0.8,0.6,0.7,3,14
0.4,0.3,0.5,3,15
0.6,0.3,0.4,3,16
0.7,0.5,0.6,3,17
0.4,0.3,0.4,3,18
0.7,0.5,0.6,3,19
0.8,0.6,0.7,3,20
0.7,0.5,0.6,3,21
0.7,0.5,0.6,3,22
0.8,0.6,0.7,3,23
0.4,0.5,0.6,3,24
0.7,0.5,0.6,3,25
0.6,0.4,0.5,3,26
0.7,0.5,0.6,3,27
0.3,0.2,0.4,3,28
0.7,0.6,0.5,3,29
0.8,0.6,0.7,3,30
0.7,0.5,0.6,3,31
0.8,0.6,0.7,3,32
0.7,0.6,0.5,3,33
0.5,0.4,0.5,3,34
0.8,0.7,0.6,3,35
0.5,0.4,0.5,3,36
0.9,0.5,0.8,3,37
0.7,0.5,0.6,3,38
0.7,0.5,0.6,3,39
0.7,0.5,0.6,3,40
0.4,0.3,0.4,3,41
0.7,0.6,0.7,3,42
0.4,0.2,0.5,3,43
0.4,0.3,0.5,3,44
0.5,0.4,0.5,3,45
0.7,0.5,0.6,3,46
0.7,0.5,0.6,3,47
0.5,0.4,0.5,3,48
0.7,0.6,0.5,3,49
0.6,0.5,0.5,3,50
0.8,0.5,0.6,3,51
0.6,0.4,0.5,3,52
0.7,0.5,0.6,3,53
0.8,0.5,0.6,3,54
0.6,0.5,0.5,3,55
0.5,0.3,0.4,3,56
0.6,0.4,0.5,3,57
0.4,0.3,0.5,3,58
0.8,0.6,0.7,3,59
0.6,0.5,0.7,3,60
0.6,0.4,0.5,3,61
0.7,0.5,0.6,3,62
0.7,0.5,0.6,3,63
0.8,0.6,0.7,3,64
0.6,0.4,0.5,3,65
0.7,0.5,0.6,3,66
0.8,0.7,0.6,3,67
0.7,0.6,0.5,3,68
0.4,0.3,0.4,3,69
0.8,0.7,0.6,3,70
0.6,0.5,0.7,3,71
0.6,0.5,0.5,3,72
0.6,0.4,0.5,3,73
0.7,0.5,0.6,3,74
0.6,0.5,0.5,3,75
0.6,0.5,0.5,3,76
0.8,0.7,0.8,3,77
0.8,0.6,0.7,3,78
0.7,0.6,0.7,3,79
0.7,0.4,0.6,3,80
0.7,0.6,0.5,3,81
0.8,0.6,0.7,3,82
0.8,0.5,0.6,3,83
0.6,0.4,0.5,3,84
0.6,0.4,0.5,3,85
0.6,0.4,0.5,3,86
0.6,0.4,0.5,3,87
0.6,0.4,0.5,3,88
0.6,0.3,0.5,3,89
0.6,0.4,0.5,3,90
0.5,0.3,0.4,3,91
0.8,0.6,0.7,3,92
0.7,0.5,0.6,3,93
0.6,0.4,0.5,3,94
0.6,0.5,0.5,3,95
0.8,0.6,0.7,3,96
0.3,0.2,0.4,3,97
0.4,0.3,0.5,3,98
0.7,0.5,0.6,3,99
0.6,0.4,0.5,3,100
0.6,0.4,0.5,3,101
0.8,0.6,0.7,3,102
0.6,0.4,0.5,3,103
0.4,0.3,0.4,3,104
0.4,0.3,0.5,3,105
0.7,0.5,0.6,3,106
0.8,0.6,0.7,3,107
0.7,0.5,0.6,3,108
0.8,0.6,0.7,3,109
0.7,0.5,0.6,3,110
0.6,0.4,0.5,3,111
0.7,0.4,0.5,3,112
0.3,0.2,0.4,3,113
0.5,0.3,0.4,3,114
0.7,0.6,0.5,3,115
0.8,0.6,0.7,3,116
0.6,0.5,0.5,3,117
0.5,0.4,0.5,3,118
0.8,0.6,0.7,3,119
0.7,0.5,0.6,3,120
0.8,0.6,0.7,3,121
0.7,0.5,0.6,3,122
0.8,0.6,0.7,3,123
0.6,0.4,0.5,3,124
0.6,0.4,0.5,3,125
0.6,0.5,0.4,3,126
0.7,0.6,0.7,3,127
0.8,0.6,0.7,3,128
0.5,0.4,0.5,3,129
0.8,0.4,0.5,3,130
0.3,0.2,0.4,3,131
0.4,0.3,0.5,3,132
0.4,0.3,0.4,3,133
0.8,0.6,0.7,3,134
0.8,0.7,0.6,3,135
0.6,0.5,0.5,3,136
0.7,0.6,0.5,3,137
0.7,0.6,0.7,3,138
0.4,0.3,0.4,3,139
0.6,0.4,0.5,3,140
0.6,0.4,0.5,3,141
0.7,0.4,0.6,3,142
0.7,0.3,0.5,3,143
0.7,0.3,0.5,3,144
0.5,0.4,0.5,3,145
0.7,0.5,0.6,3,146
0.8,0.7,0.7,3,147
0.8,0.5,0.7,3,148
0.6,0.4,0.5,3,149
0.7,0.5,0.6,3,150
0.8,0.6,0.7,3,151
0.8,0.6,0.7,3,152
0.8,0.6,0.7,3,153
0.7,0.5,0.6,3,154
0.3,0.2,0.4,3,155
0.8,0.6,0.7,3,156
0.8,0.7,0.6,3,157
0.5,0.4,0.5,3,158
0.7,0.5,0.6,3,159
0.8,0.6,0.7,3,160
0.7,0.6,0.7,3,161
0.6,0.5,0.5,3,162
0.7,0.6,0.5,3,163
0.7,0.5,0.6,3,164
0.7,0.5,0.6,3,165
0.6,0.4,0.5,3,166
0.4,0.3,0.5,3,167
0.8,0.5,0.7,3,168
0.2,0.1,0.3,3,169
0.7,0.6,0.5,3,170
0.9,0.7,0.8,3,171
0.6,0.5,0.5,3,172
0.7,0.5,0.6,3,173
0.6,0.4,0.5,3,174
0.8,0.7,0.6,3,175
0.7,0.5,0.6,3,176
0.8,0.7,0.9,3,177
0.6,0.4,0.5,3,178
0.8,0.6,0.7,3,179
0.6,0.5,0.5,3,180
0.6,0.4,0.5,3,181
0.8,0.7,0.6,3,182
0.6,0.4,0.5,3,183
0.9,0.7,0.8,3,184
0.6,0.4,0.5,3,185
0.7,0.5,0.6,3,186
0.9,0.7,0.8,3,187
0.6,0.4,0.5,3,188
0.5,0.3,0.4,3,189
0.8,0.6,0.7,3,190
0.6,0.4,0.5,3,191
0.8,0.6,0.7,3,192
0.4,0.3,0.5,3,193
0.5,0.4,0.5,3,194
0.8,0.6,0.7,3,195
0.8,0.6,0.7,3,196
0.5,0.4,0.5,3,197
0.8,0.6,0.7,3,198
0.7,0.6,0.7,3,199
0.8,0.7,0.6,3,200
0.8,0.6,0.7,3,201
0.6,0.4,0.5,3,202
0.7,0.5,0.6,3,203
0.7,0.6,0.7,3,204
0.6,0.5,0.5,3,205
0.8,0.7,0.6,3,206
0.7,0.6,0.7,3,207
0.6,0.4,0.5,3,208
0.8,0.6,0.7,3,209
0.8,0.6,0.7,3,210
0.8,0.7,0.8,3,211
0.8,0.5,0.6,3,212
0.7,0.5,0.6,3,213
0.8,0.6,0.7,3,214
0.6,0.4,0.5,3,215
0.4,0.3,0.4,3,216
0.6,0.4,0.5,3,217
0.8,0.7,0.8,3,218
0.6,0.4,0.5,3,219
0.7,0.5,0.6,3,220
0.8,0.6,0.7,3,221
0.8,0.6,0.7,3,222
0.4,0.3,0.4,3,223
0.8,0.7,0.6,3,224
0.7,0.6,0.5,3,225
0.5,0.3,0.4,3,226
0.7,0.6,0.5,3,227
0.6,0.4,0.5,3,228
0.5,0.4,0.5,3,229
0.6,0.4,0.5,3,230
0.8,0.6,0.7,3,231
0.4,0.3,0.5,3,232
0.4,0.2,0.3,3,233
0.7,0.6,0.7,3,234
0.8,0.6,0.7,3,235
0.8,0.6,0.7,3,236
0.7,0.5,0.6,3,237
0.8,0.6,0.7,3,238
0.5,0.3,0.4,3,239
0.9,0.7,0.8,3,240
0.6,0.5,0.5,3,241
0.9,0.6,0.7,3,242
0.7,0.5,0.6,3,243
0.9,0.8,0.9,3,244
0.6,0.4,0.5,3,245
0.7,0.5,0.6,3,246
0.5,0.4,0.5,3,247
0.4,0.3,0.5,3,248
0.7,0.6,0.5,3,249
0.7,0.6,0.7,3,250
0.7,0.5,0.6,3,251
0.6,0.4,0.5,3,252
0.6,0.4,0.5,3,253
0.8,0.7,0.6,3,254
0.7,0.5,0.6,3,255
0.6,0.4,0.5,3,256
0.6,0.5,0.5,3,257
0.5,0.3,0.4,3,258
0.4,0.2,0.5,3,259
0.8,0.6,0.7,3,260
0.8,0.6,0.7,3,261
0.7,0.5,0.6,3,262
0.4,0.3,0.5,3,263
0.7,0.6,0.5,3,264
0.9,0.7,0.8,3,265
0.8,0.6,0.7,3,266
0.8,0.6,0.7,3,267
0.7,0.5,0.6,3,268
0.8,0.6,0.7,3,269
0.7,0.5,0.6,3,270
0.8,0.4,0.6,3,271
0.8,0.6,0.7,3,272
0.7,0.5,0.6,3,273
0.7,0.5,0.6,3,274
0.8,0.6,0.7,3,275
0.3,0.2,0.4,3,276
0.7,0.5,0.6,3,277
0.5,0.4,0.5,3,278
0.8,0.6,0.7,3,279
0.8,0.6,0.7,3,280
0.8,0.6,0.7,3,281
0.4,0.3,0.5,3,282
0.8,0.7,0.6,3,283
0.5,0.4,0.5,3,284
0.8,0.7,0.6,3,285
0.5,0.4,0.5,3,286
0.7,0.5,0.6,3,287
0.5,0.4,0.5,3,288
0.7,0.5,0.6,3,289
0.7,0.5,0.6,3,290
0.6,0.4,0.5,3,291
0.6,0.5,0.5,3,292
0.6,0.4,0.5,3,293
0.6,0.5,0.5,3,294
0.6,0.4,0.5,3,295
0.8,0.6,0.7,3,296
0.6,0.4,0.5,3,297
0.6,0.4,0.5,3,298
0.4,0.3,0.5,3,299
0.8,0.6,0.7,3,300
0.6,0.4,0.5,3,301
0.4,0.3,0.4,3,302
0.8,0.6,0.7,3,303
0.4,0.3,0.5,3,304
0.7,0.5,0.6,3,305
0.6,0.4,0.5,3,306
0.7,0.5,0.6,3,307
0.7,0.5,0.6,3,308
0.4,0.5,0.4,3,309
0.6,0.4,0.5,3,310
0.9,0.7,0.8,3,311
0.6,0.4,0.5,3,312
0.8,0.7,0.9,3,313
0.5,0.4,0.5,3,314
0.7,0.6,0.5,3,315
0.7,0.5,0.6,3,316
0.9,0.7,0.8,3,317
0.7,0.5,0.6,3,318
0.7,0.5,0.6,3,319
0.7,0.5,0.6,3,320
0.4,0.3,0.4,3,321
0.5,0.4,0.5,3,322
0.6,0.5,0.4,3,323
0.5,0.4,0.5,3,324
0.6,0.4,0.5,3,325
0.7,0.6,0.5,3,326
0.6,0.5,0.5,3,327
0.7,0.6,0.7,3,328
0.8,0.6,0.7,3,329
0.8,0.6,0.7,3,330
0.4,0.3,0.4,3,331
0.7,0.4,0.6,3,332
0.5,0.4,0.5,3,333
0.7,0.3,0.5,3,334
0.6,0.4,0.5,3,335
0.8,0.7,0.6,3,336
0.6,0.4,0.5,3,337
0.7,0.5,0.6,3,338
0.5,0.4,0.5,3,339
0.7,0.5,0.6,3,340
0.6,0.4,0.5,3,341
0.6,0.5,0.5,3,342
0.4,0.3,0.5,3,343
0.6,0.4,0.5,3,344
0.7,0.5,0.6,3,345
0.5,0.2,0.4,3,346
0.8,0.6,0.7,3,347
0.8,0.6,0.7,3,348
0.6,0.4,0.5,3,349
0.6,0.4,0.5,3,350
0.5,0.3,0.4,3,351
0.7,0.5,0.6,3,352
0.6,0.4,0.5,3,353
0.8,0.6,0.7,3,354
0.6,0.4,0.5,3,355
0.4,0.3,0.4,3,356
0.6,0.5,0.5,3,357
0.8,0.6,0.7,3,358
0.9,0.7,0.8,3,359
0.7,0.5,0.6,3,360
0.7,0.5,0.6,3,361
0.5,0.4,0.5,3,362
0.8,0.6,0.7,3,363
0.6,0.4,0.5,3,364
0.8,0.6,0.7,3,365
0.4,0.3,0.5,3,366
0.6,0.4,0.5,3,367
0.4,0.3,0.5,3,368
0.4,0.3,0.4,3,369
0.4,0.3,0.5,3,370
0.7,0.6,0.5,3,371
0.7,0.5,0.6,3,372
0.6,0.4,0.5,3,373
0.7,0.5,0.6,3,374
0.7,0.6,0.5,3,375
0.7,0.5,0.6,3,376
1.0,0.7,1.0,3,377
0.8,0.6,0.7,3,378
0.8,0.7,0.6,3,379
0.7,0.5,0.6,3,380
0.8,0.7,0.6,3,381
0.7,0.6,0.5,3,382
0.4,0.3,0.4,3,383
0.7,0.5,0.6,3,384
0.7,0.5,0.6,3,385
0.8,0.6,0.7,3,386
0.9,0.5,0.7,3,387
0.5,0.4,0.5,3,388
0.6,0.4,0.5,3,389
0.6,0.4,0.5,3,390
0.8,0.6,0.7,3,391
0.6,0.4,0.5,3,392
0.5,0.4,0.5,3,393
0.6,0.4,0.5,3,394
0.6,0.5,0.5,3,395
0.4,0.3,0.5,3,396
0.6,0.4,0.5,3,397
0.8,0.6,0.7,3,398
0.7,0.5,0.6,3,399
0.7,0.5,0.6,3,400
0.7,0.5,0.6,3,401
0.8,0.6,0.7,3,402
0.8,0.6,0.7,3,403
0.7,0.5,0.6,3,404
0.6,0.4,0.5,3,405
0.5,0.4,0.5,3,406
0.7,0.5,0.6,3,407
0.7,0.5,0.6,3,408
0.7,0.5,0.6,3,409
0.7,0.5,0.6,3,410
0.6,0.4,0.5,3,411
0.5,0.4,0.5,3,412
0.4,0.3,0.4,3,413
0.4,0.3,0.4,3,414
0.5,0.4,0.5,3,415
0.7,0.5,0.6,3,416
0.7,0.6,0.5,3,417
0.6,0.4,0.5,3,418
0.7,0.6,0.5,3,419
0.6,0.4,0.5,3,420
0.8,0.6,0.7,3,421
0.7,0.5,0.6,3,422
0.7,0.5,0.6,3,423
0.6,0.5,0.5,3,424
0.8,0.6,0.7,3,425
0.6,0.5,0.5,3,426
0.4,0.3,0.5,3,427
0.6,0.4,0.5,3,428
0.5,0.4,0.5,3,429
0.4,0.3,0.4,3,430
0.7,0.5,0.6,3,431
0.6,0.5,0.5,3,432
0.7,0.5,0.6,3,433
0.8,0.6,0.7,3,434
0.5,0.4,0.5,3,435
0.4,0.3,0.5,3,436
0.8,0.5,0.7,3,437
0.6,0.4,0.5,3,438
0.8,0.6,0.7,3,439
0.7,0.6,0.7,3,440
0.8,0.7,0.6,3,441
0.5,0.3,0.4,3,442
0.7,0.5,0.6,3,443
0.8,0.6,0.7,3,444
0.8,0.6,0.7,3,445
0.7,0.5,0.6,3,446
0.6,0.4,0.5,3,447
0.6,0.4,0.5,3,448
0.7,0.6,0.5,3,449
0.9,0.8,0.9,3,450
0.7,0.5,0.6,3,451
0.5,0.4,0.4,3,452
0.8,0.6,0.7,3,453
0.6,0.4,0.5,3,454
0.7,0.4,0.5,3,455
0.8,0.6,0.7,3,456
0.8,0.6,0.7,3,457
0.8,0.7,0.6,3,458
0.4,0.3,0.5,3,459
0.8,0.6,0.7,3,460
0.8,0.6,0.7,3,461
0.5,0.3,0.4,3,462
0.4,0.3,0.5,3,463
0.8,0.6,0.7,3,464
0.8,0.6,0.7,3,465
0.7,0.5,0.6,3,466
0.7,0.5,0.6,3,467
0.6,0.4,0.5,3,468
0.7,0.5,0.6,3,469
0.6,0.5,0.5,3,470
0.8,0.7,0.8,3,471
0.6,0.4,0.5,3,472
0.4,0.3,0.5,3,473
0.5,0.4,0.5,3,474
0.6,0.4,0.5,3,475
0.6,0.5,0.5,3,476
0.6,0.5,0.5,3,477
0.6,0.4,0.5,3,478
0.7,0.5,0.6,3,479
0.8,0.6,0.7,3,480
0.8,0.6,0.7,3,481
0.8,0.7,0.8,3,482
0.6,0.5,0.5,3,483
0.6,0.4,0.5,3,484
0.8,0.6,0.7,3,485
0.6,0.5,0.5,3,486
0.4,0.3,0.4,3,487
0.7,0.5,0.6,3,488
0.7,0.5,0.6,3,489
0.3,0.2,0.4,3,490
0.8,0.6,0.7,3,491
0.7,0.5,0.6,3,492
0.8,0.6,0.7,3,493
0.8,0.7,0.6,3,494
0.8,0.6,0.7,3,495
0.5,0.4,0.5,3,496
0.7,0.5,0.6,3,497
0.6,0.5,0.4,3,498
0.8,0.6,0.7,3,499
0.7,0.5,0.6,4,0
0.8,0.6,0.7,4,1
0.7,0.5,0.6,4,2
0.7,0.5,0.6,4,3
0.9,0.6,0.7,4,4
0.8,0.7,0.6,4,5
0.8,0.7,0.6,4,6
0.7,0.5,0.6,4,7
0.7,0.5,0.6,4,8
0.7,0.5,0.6,4,9
0.6,0.5,0.5,4,10
0.7,0.5,0.6,4,11
0.8,0.6,0.7,4,12
0.7,0.5,0.6,4,13
0.6,0.4,0.5,4,14
0.5,0.3,0.4,4,15
0.8,0.5,0.6,4,16
0.6,0.5,0.7,4,17
0.4,0.3,0.4,4,18
0.6,0.5,0.4,4,19
0.7,0.6,0.5,4,20
0.8,0.6,0.7,4,21
0.7,0.5,0.6,4,22
0.7,0.6,0.7,4,23
0.8,0.7,0.6,4,24
0.5,0.3,0.6,4,25
0.6,0.4,0.5,4,26
0.7,0.5,0.6,4,27
0.7,0.5,0.6,4,28
0.8,0.6,0.7,4,29
0.9,0.7,0.8,4,30
0.5,0.4,0.4,4,31
0.8,0.6,0.7,4,32
0.6,0.5,0.5,4,33
0.5,0.3,0.4,4,34
0.8,0.7,0.6,4,35
0.7,0.5,0.6,4,36
0.8,0.6,0.7,4,37
0.8,0.7,0.6,4,38
0.6,0.4,0.5,4,39
0.6,0.4,0.5,4,40
0.5,0.4,0.5,4,41
0.7,0.6,0.5,4,42
0.7,0.5,0.6,4,43
0.7,0.5,0.6,4,44
0.5,0.3,0.4,4,45
0.8,0.6,0.7,4,46
0.6,0.4,0.5,4,47
0.6,0.4,0.5,4,48
0.6,0.5,0.5,4,49
0.8,0.6,0.7,4,50
0.8,0.6,0.7,4,51
0.8,0.6,0.7,4,52
0.7,0.5,0.6,4,53
0.6,0.4,0.5,4,54
0.5,0.4,0.5,4,55
0.5,0.3,0.4,4,56
0.6,0.4,0.5,4,57
0.4,0.3,0.4,4,58
0.7,0.5,0.6,4,59
0.8,0.6,0.7,4,60
0.7,0.5,0.6,4,61
0.6,0.4,0.5,4,62
0.5,0.4,0.5,4,63
0.8,0.6,0.7,4,64
0.8,0.6,0.7,4,65
0.7,0.6,0.5,4,66
0.8,0.7,0.8,4,67
0.6,0.5,0.7,4,68
0.6,0.4,0.5,4,69
0.8,0.6,0.7,4,70
0.6,0.5,0.5,4,71
0.8,0.6,0.7,4,72
0.7,0.4,0.6,4,73
0.8,0.3,0.6,4,74
0.5,0.4,0.4,4,75
0.5,0.4,0.6,4,76
0.8,0.7,0.8,4,77
0.7,0.6,0.7,4,78
0.7,0.5,0.6,4,79
0.7,0.5,0.6,4,80
0.6,0.5,0.4,4,81
0.8,0.6,0.7,4,82
0.8,0.4,0.5,4,83
0.6,0.4,0.5,4,84
0.3,0.2,0.2,4,85
0.6,0.4,0.5,4,86
0.7,0.5,0.6,4,87
0.4,0.5,0.4,4,88
0.7,0.5,0.6,4,89
0.6,0.4,0.5,4,90
0.6,0.3,0.5,4,91
0.7,0.6,0.5,4,92
0.9,0.8,0.7,4,93
0.7,0.5,0.6,4,94
0.5,0.4,0.5,4,95
0.7,0.5,0.6,4,96
0.3,0.2,0.4,4,97
0.6,0.4,0.5,4,98
0.8,0.7,0.6,4,99
0.6,0.5,0.5,4,100
0.5,0.4,0.5,4,101
0.8,0.5,0.6,4,102
0.6,0.5,0.5,4,103
0.3,0.2,0.4,4,104
0.6,0.5,0.5,4,105
0.5,0.4,0.5,4,106
0.4,0.3,0.4,4,107
0.6,0.4,0.5,4,108
0.8,0.6,0.7,4,109
0.7,0.6,0.7,4,110
0.7,0.5,0.6,4,111
0.4,0.2,0.3,4,112
0.3,0.2,0.4,4,113
0.8,0.6,0.7,4,114
0.7,0.6,0.5,4,115
0.8,0.6,0.7,4,116
0.6,0.5,0.5,4,117
0.6,0.4,0.5,4,118
0.7,0.5,0.6,4,119
0.5,0.3,0.4,4,120
0.7,0.5,0.6,4,121
0.7,0.4,0.5,4,122
0.8,0.6,0.7,4,123
0.6,0.4,0.5,4,124
0.5,0.4,0.5,4,125
0.7,0.5,0.6,4,126
0.7,0.6,0.7,4,127
0.7,0.5,0.6,4,128
0.6,0.4,0.5,4,129
0.7,0.6,0.5,4,130
0.4,0.3,0.5,4,131
0.4,0.3,0.4,4,132
0.7,0.5,0.6,4,133
0.8,0.7,0.6,4,134
0.7,0.6,0.5,4,135
0.7,0.6,0.7,4,136
0.7,0.5,0.6,4,137
0.8,0.7,0.6,4,138
0.7,0.5,0.6,4,139
0.6,0.4,0.5,4,140
0.6,0.5,0.4,4,141
0.6,0.4,0.5,4,142
0.8,0.6,0.7,4,143
0.7,0.5,0.6,4,144
0.7,0.5,0.6,4,145
0.7,0.6,0.7,4,146
0.3,0.2,0.4,4,147
0.8,0.6,0.7,4,148
0.7,0.5,0.6,4,149
0.6,0.5,0.5,4,150
0.6,0.4,0.5,4,151
0.8,0.6,0.7,4,152
0.7,0.6,0.7,4,153
0.6,0.5,0.7,4,154
0.6,0.5,0.5,4,155
0.8,0.6,0.7,4,156
0.8,0.7,0.6,4,157
0.6,0.4,0.5,4,158
0.7,0.5,0.6,4,159
0.7,0.5,0.6,4,160
0.7,0.5,0.6,4,161
0.6,0.5,0.6,4,162
0.7,0.5,0.6,4,163
0.7,0.5,0.6,4,164
0.8,0.7,0.8,4,165
0.6,0.4,0.5,4,166
0.4,0.3,0.5,4,167
0.8,0.6,0.7,4,168
0.8,0.5,0.6,4,169
0.7,0.5,0.6,4,170
0.8,0.6,0.7,4,171
0.6,0.4,0.5,4,172
0.6,0.5,0.4,4,173
0.4,0.3,0.5,4,174
0.6,0.4,0.5,4,175
0.6,0.4,0.5,4,176
0.6,0.4,0.5,4,177
0.7,0.6,0.5,4,178
0.8,0.6,0.7,4,179
0.7,0.5,0.6,4,180
0.5,0.3,0.4,4,181
0.8,0.7,0.6,4,182
0.3,0.2,0.4,4,183
0.9,0.8,0.9,4,184
0.8,0.6,0.7,4,185
0.4,0.3,0.4,4,186
0.8,0.6,0.7,4,187
0.6,0.4,0.5,4,188
0.6,0.4,0.5,4,189
0.8,0.7,0.6,4,190
0.8,0.6,0.7,4,191
0.5,0.4,0.5,4,192
0.6,0.4,0.5,4,193
0.7,0.5,0.6,4,194
0.6,0.4,0.5,4,195
0.8,0.7,0.6,4,196
0.6,0.4,0.5,4,197
0.8,0.5,0.6,4,198
0.8,0.6,0.7,4,199
0.8,0.7,0.6,4,200
0.6,0.4,0.5,4,201
0.7,0.5,0.6,4,202
0.6,0.4,0.5,4,203
0.7,0.6,0.7,4,204
0.6,0.4,0.5,4,205
0.7,0.5,0.6,4,206
0.6,0.4,0.5,4,207
0.6,0.4,0.5,4,208
0.8,0.6,0.7,4,209
0.6,0.4,0.5,4,210
0.8,0.7,0.6,4,211
0.6,0.4,0.5,4,212
0.4,0.3,0.5,4,213
0.8,0.7,0.6,4,214
0.7,0.6,0.5,4,215
0.6,0.5,0.5,4,216
0.8,0.6,0.7,4,217
0.7,0.5,0.6,4,218
0.6,0.4,0.5,4,219
0.8,0.6,0.7,4,220
0.8,0.6,0.7,4,221
0.8,0.7,0.6,4,222
0.8,0.3,0.5,4,223
0.8,0.7,0.6,4,224
0.6,0.4,0.5,4,225
0.7,0.5,0.6,4,226
0.6,0.4,0.5,4,227
0.5,0.4,0.5,4,228
0.5,0.4,0.5,4,229
0.7,0.5,0.6,4,230
0.8,0.6,0.7,4,231
0.6,0.4,0.5,4,232
0.7,0.5,0.6,4,233
0.8,0.7,0.6,4,234
0.8,0.7,0.6,4,235
0.8,0.7,0.6,4,236
0.8,0.6,0.7,4,237
0.8,0.6,0.7,4,238
0.5,0.4,0.5,4,239
0.7,0.5,0.6,4,240
0.5,0.4,0.5,4,241
0.8,0.6,0.7,4,242
0.7,0.5,0.6,4,243
0.8,0.6,0.7,4,244
0.6,0.4,0.5,4,245
0.7,0.5,0.6,4,246
0.7,0.5,0.6,4,247
0.5,0.4,0.5,4,248
0.6,0.4,0.5,4,249
0.5,0.3,0.4,4,250
0.7,0.6,0.7,4,251
0.7,0.5,0.6,4,252
0.6,0.4,0.5,4,253
0.8,0.7,0.7,4,254
0.7,0.5,0.6,4,255
0.9,0.8,0.9,4,256
0.5,0.4,0.5,4,257
0.4,0.3,0.5,4,258
0.8,0.6,0.7,4,259
0.8,0.6,0.7,4,260
0.9,0.7,0.8,4,261
0.7,0.6,0.5,4,262
0.4,0.3,0.5,4,263
0.8,0.7,0.6,4,264
0.8,0.7,0.6,4,265
0.5,0.4,0.5,4,266
0.7,0.5,0.6,4,267
0.7,0.5,0.6,4,268
0.7,0.5,0.6,4,269
0.7,0.5,0.6,4,270
0.8,0.7,0.6,4,271
0.8,0.6,0.7,4,272
0.8,0.6,0.7,4,273
0.8,0.5,0.6,4,274
0.8,0.7,0.8,4,275
0.5,0.4,0.5,4,276
0.8,0.6,0.7,4,277
0.6,0.4,0.5,4,278
0.5,0.4,0.5,4,279
0.8,0.7,0.6,4,280
0.9,0.7,0.8,4,281
0.4,0.3,0.5,4,282
0.7,0.6,0.5,4,283
0.6,0.4,0.5,4,284
0.6,0.5,0.5,4,285
0.8,0.6,0.7,4,286
0.8,0.7,0.6,4,287
0.5,0.4,0.5,4,288
0.7,0.6,0.5,4,289
0.9,0.8,0.7,4,290
0.8,0.6,0.7,4,291
0.6,0.5,0.5,4,292
0.6,0.4,0.5,4,293
0.6,0.5,0.7,4,294
0.9,0.7,0.8,4,295
0.8,0.6,0.7,4,296
0.8,0.6,0.7,4,297
0.7,0.5,0.6,4,298
0.6,0.5,0.5,4,299
0.7,0.4,0.6,4,300
0.6,0.4,0.5,4,301
0.5,0.3,0.4,4,302
0.8,0.6,0.7,4,303
0.6,0.5,0.5,4,304
0.7,0.6,0.5,4,305
0.6,0.4,0.5,4,306
0.7,0.5,0.6,4,307
0.8,0.7,0.6,4,308
0.6,0.5,0.5,4,309
0.5,0.4,0.5,4,310
0.9,0.8,0.9,4,311
0.5,0.4,0.5,4,312
0.6,0.4,0.5,4,313
0.6,0.4,0.5,4,314
0.8,0.6,0.7,4,315
0.7,0.6,0.5,4,316
0.9,0.7,0.8,4,317
0.8,0.7,0.6,4,318
0.6,0.5,0.5,4,319
0.5,0.4,0.4,4,320
0.4,0.3,0.5,4,321
0.5,0.4,0.5,4,322
0.6,0.5,0.7,4,323
0.6,0.4,0.5,4,324
0.6,0.5,0.5,4,325
0.6,0.5,0.5,4,326
0.7,0.5,0.6,4,327
0.6,0.4,0.5,4,328
0.7,0.5,0.6,4,329
0.8,0.7,0.8,4,330
0.6,0.4,0.5,4,331
0.7,0.5,0.6,4,332
0.6,0.4,0.5,4,333
0.8,0.6,0.7,4,334
0.6,0.4,0.5,4,335
0.8,0.7,0.8,4,336
0.6,0.4,0.5,4,337
0.8,0.6,0.7,4,338
0.7,0.6,0.5,4,339
0.6,0.4,0.5,4,340
0.5,0.4,0.5,4,341
0.6,0.4,0.5,4,342
0.5,0.4,0.5,4,343
0.8,0.6,0.7,4,344
0.8,0.6,0.7,4,345
0.8,0.5,0.6,4,346
0.6,0.4,0.5,4,347
0.8,0.6,0.7,4,348
0.4,0.3,0.5,4,349
0.7,0.5,0.6,4,350
0.5,0.4,0.5,4,351
0.6,0.4,0.5,4,352
0.5,0.4,0.5,4,353
0.7,0.5,0.6,4,354
0.6,0.4,0.5,4,355
0.4,0.2,0.3,4,356
0.7,0.5,0.6,4,357
0.6,0.5,0.4,4,358
0.9,0.7,0.8,4,359
0.6,0.5,0.5,4,360
0.7,0.6,0.5,4,361
0.6,0.5,0.5,4,362
0.8,0.6,0.7,4,363
0.6,0.3,0.4,4,364
0.8,0.7,0.6,4,365
0.7,0.5,0.6,4,366
0.6,0.5,0.5,4,367
0.5,0.4,0.5,4,368
0.6,0.4,0.5,4,369
0.6,0.5,0.5,4,370
0.7,0.5,0.6,4,371
0.6,0.4,0.5,4,372
0.5,0.3,0.4,4,373
0.8,0.5,0.6,4,374
0.6,0.5,0.5,4,375
0.8,0.6,0.7,4,376
0.8,0.6,0.7,4,377
0.8,0.6,0.7,4,378
0.8,0.7,0.6,4,379
0.8,0.6,0.7,4,380
0.8,0.7,0.6,4,381
0.8,0.6,0.7,4,382
0.7,0.6,0.7,4,383
0.8,0.7,0.6,4,384
0.8,0.5,0.6,4,385
0.4,0.3,0.4,4,386
0.9,0.7,0.8,4,387
0.6,0.4,0.5,4,388
0.6,0.5,0.5,4,389
0.8,0.7,0.6,4,390
0.7,0.5,0.6,4,391
0.7,0.5,0.6,4,392
0.6,0.5,0.5,4,393
0.4,0.3,0.5,4,394
0.7,0.6,0.5,4,395
0.4,0.3,0.5,4,396
0.6,0.4,0.5,4,397
0.8,0.7,0.6,4,398
0.7,0.5,0.6,4,399
0.6,0.4,0.5,4,400
0.6,0.4,0.5,4,401
0.8,0.6,0.7,4,402
0.7,0.5,0.6,4,403
0.6,0.4,0.5,4,404
0.7,0.6,0.5,4,405
0.7,0.6,0.5,4,406
0.8,0.5,0.6,4,407
0.6,0.5,0.4,4,408
0.6,0.4,0.5,4,409
0.8,0.6,0.7,4,410
0.5,0.4,0.5,4,411
0.6,0.5,0.5,4,412
0.4,0.3,0.5,4,413
0.4,0.3,0.5,4,414
0.7,0.5,0.6,4,415
0.8,0.6,0.7,4,416
0.6,0.5,0.4,4,417
0.7,0.5,0.6,4,418
0.6,0.4,0.5,4,419
0.6,0.4,0.5,4,420
0.7,0.5,0.6,4,421
0.9,0.7,0.8,4,422
0.8,0.6,0.7,4,423
0.6,0.4,0.5,4,424
0.9,0.8,0.9,4,425
0.8,0.6,0.7,4,426
0.7,0.6,0.5,4,427
0.7,0.5,0.6,4,428
0.4,0.3,0.4,4,429
0.5,0.4,0.5,4,430
0.8,0.6,0.7,4,431
0.7,0.5,0.6,4,432
0.8,0.7,0.6,4,433
0.8,0.7,0.6,4,434
0.6,0.5,0.5,4,435
0.6,0.4,0.5,4,436
0.9,0.7,0.8,4,437
0.7,0.5,0.6,4,438
0.7,0.5,0.6,4,439
0.7,0.6,0.5,4,440
0.6,0.4,0.5,4,441
0.6,0.4,0.5,4,442
0.7,0.6,0.5,4,443
0.8,0.5,0.6,4,444
0.4,0.3,0.5,4,445
0.7,0.5,0.6,4,446
0.3,0.2,0.4,4,447
0.6,0.4,0.5,4,448
0.6,0.5,0.5,4,449
0.8,0.5,0.6,4,450
0.8,0.6,0.7,4,451
0.4,0.3,0.3,4,452
0.8,0.7,0.6,4,453
0.7,0.5,0.6,4,454
0.8,0.7,0.6,4,455
0.7,0.4,0.6,4,456
0.8,0.6,0.7,4,457
0.8,0.6,0.7,4,458
0.6,0.3,0.4,4,459
0.6,0.4,0.5,4,460
0.7,0.5,0.6,4,461
0.6,0.4,0.5,4,462
0.7,0.5,0.6,4,463
0.8,0.6,0.7,4,464
0.8,0.5,0.6,4,465
0.7,0.5,0.6,4,466
0.5,0.4,0.5,4,467
0.7,0.5,0.6,4,468
0.6,0.4,0.5,4,469
0.7,0.5,0.6,4,470
0.8,0.6,0.7,4,471
0.6,0.5,0.5,4,472
0.3,0.2,0.4,4,473
0.7,0.5,0.6,4,474
0.7,0.5,0.6,4,475
0.6,0.4,0.5,4,476
0.6,0.5,0.5,4,477
0.7,0.5,0.6,4,478
0.5,0.3,0.4,4,479
0.6,0.4,0.5,4,480
0.9,0.7,0.8,4,481
0.8,0.6,0.7,4,482
0.7,0.6,0.5,4,483
0.7,0.6,0.7,4,484
0.8,0.7,0.6,4,485
0.5,0.4,0.5,4,486
0.6,0.4,0.5,4,487
0.8,0.5,0.6,4,488
0.7,0.5,0.6,4,489
0.6,0.4,0.5,4,490
0.8,0.6,0.7,4,491
0.8,0.7,0.6,4,492
0.8,0.7,0.6,4,493
0.8,0.7,0.6,4,494
0.8,0.7,0.6,4,495
0.8,0.5,0.6,4,496
0.7,0.5,0.6,4,497
0.6,0.5,0.5,4,498
0.5,0.3,0.4,4,499
0.8,0.6,0.7,5,0
0.7,0.5,0.6,5,1
0.7,0.5,0.6,5,2
0.8,0.6,0.7,5,3
0.8,0.6,0.7,5,4
0.8,0.6,0.7,5,5
0.6,0.4,0.5,5,6
0.7,0.6,0.5,5,7
0.6,0.5,0.5,5,8
0.5,0.2,0.4,5,9
0.6,0.5,0.5,5,10
0.7,0.5,0.6,5,11
0.8,0.6,0.7,5,12
0.8,0.7,0.6,5,13
0.7,0.5,0.6,5,14
0.4,0.3,0.5,5,15
0.7,0.6,0.5,5,16
0.7,0.5,0.6,5,17
0.6,0.4,0.5,5,18
0.6,0.4,0.5,5,19
0.7,0.6,0.7,5,20
0.8,0.7,0.6,5,21
0.6,0.5,0.7,5,22
0.8,0.7,0.6,5,23
0.6,0.4,0.5,5,24
0.4,0.3,0.4,5,25
0.6,0.4,0.5,5,26
0.7,0.5,0.6,5,27
0.6,0.4,0.5,5,28
0.7,0.5,0.6,5,29
0.8,0.6,0.7,5,30
0.4,0.3,0.5,5,31
0.8,0.6,0.7,5,32
0.7,0.6,0.5,5,33
0.4,0.3,0.5,5,34
0.8,0.6,0.7,5,35
0.3,0.2,0.4,5,36
0.7,0.5,0.6,5,37
0.7,0.6,0.7,5,38
0.6,0.4,0.5,5,39
0.6,0.5,0.5,5,40
0.4,0.3,0.4,5,41
0.5,0.4,0.5,5,42
0.8,0.6,0.7,5,43
0.7,0.4,0.5,5,44
0.6,0.5,0.7,5,45
0.6,0.4,0.5,5,46
0.7,0.5,0.6,5,47
0.6,0.5,0.5,5,48
0.8,0.6,0.7,5,49
0.8,0.7,0.6,5,50
0.8,0.7,0.6,5,51
0.6,0.4,0.5,5,52
0.7,0.6,0.5,5,53
0.5,0.4,0.5,5,54
0.6,0.5,0.5,5,55
0.6,0.4,0.5,5,56
0.7,0.5,0.6,5,57
0.5,0.4,0.5,5,58
0.7,0.5,0.6,5,59
0.8,0.6,0.7,5,60
0.5,0.3,0.4,5,61
0.6,0.4,0.5,5,62
0.7,0.5,0.6,5,63
0.8,0.6,0.7,5,64
0.5,0.3,0.4,5,65
0.8,0.6,0.7,5,66
0.9,0.7,0.8,5,67
0.8,0.6,0.7,5,68
0.5,0.3,0.4,5,69
0.9,0.7,0.8,5,70
0.6,0.4,0.5,5,71
0.6,0.5,0.5,5,72
0.6,0.4,0.5,5,73
0.8,0.5,0.7,5,74
0.6,0.5,0.7,5,75
0.6,0.4,0.5,5,76
0.7,0.6,0.7,5,77
0.8,0.6,0.7,5,78
0.5,0.4,0.5,5,79
0.7,0.5,0.6,5,80
0.6,0.4,0.5,5,81
0.9,0.6,0.7,5,82
0.9,0.7,0.8,5,83
0.7,0.6,0.7,5,84
0.7,0.5,0.6,5,85
0.6,0.5,0.5,5,86
0.7,0.5,0.6,5,87
0.6,0.5,0.5,5,88
0.6,0.5,0.5,5,89
0.6,0.4,0.5,5,90
0.4,0.3,0.5,5,91
0.7,0.5,0.6,5,92
0.8,0.5,0.6,5,93
0.7,0.5,0.6,5,94
0.6,0.4,0.5,5,95
0.8,0.7,0.8,5,96
0.6,0.5,0.5,5,97
0.7,0.6,0.5,5,98
0.6,0.4,0.5,5,99
0.6,0.4,0.5,5,100
0.7,0.5,0.6,5,101
0.8,0.6,0.7,5,102
0.7,0.6,0.7,5,103
0.7,0.6,0.7,5,104
0.6,0.5,0.5,5,105
0.6,0.4,0.5,5,106
0.6,0.5,0.5,5,107
0.6,0.4,0.5,5,108
0.8,0.6,0.7,5,109
0.7,0.5,0.6,5,110
0.8,0.6,0.7,5,111
0.4,0.3,0.2,5,112
0.3,0.2,0.4,5,113
0.6,0.5,0.5,5,114
0.6,0.4,0.5,5,115
0.8,0.6,0.7,5,116
0.5,0.4,0.5,5,117
0.7,0.6,0.5,5,118
0.7,0.5,0.6,5,119
0.5,0.4,0.5,5,120
0.6,0.5,0.5,5,121
0.8,0.6,0.7,5,122
0.8,0.6,0.7,5,123
0.6,0.4,0.5,5,124
0.7,0.5,0.6,5,125
0.5,0.4,0.5,5,126
0.8,0.7,0.6,5,127
0.7,0.6,0.7,5,128
0.5,0.4,0.5,5,129
0.4,0.3,0.5,5,130
0.6,0.4,0.5,5,131
0.7,0.6,0.7,5,132
0.6,0.4,0.5,5,133
0.6,0.5,0.5,5,134
0.8,0.7,0.6,5,135
0.8,0.7,0.6,5,136
0.6,0.4,0.5,5,137
0.6,0.5,0.5,5,138
0.7,0.5,0.6,5,139
0.7,0.6,0.5,5,140
0.7,0.5,0.6,5,141
0.7,0.5,0.6,5,142
0.5,0.3,0.4,5,143
0.7,0.6,0.5,5,144
0.4,0.3,0.4,5,145
0.7,0.5,0.6,5,146
0.7,0.5,0.6,5,147
0.8,0.6,0.7,5,148
0.6,0.5,0.5,5,149
0.8,0.6,0.7,5,150
0.7,0.5,0.6,5,151
0.7,0.6,0.7,5,152
0.6,0.4,0.5,5,153
0.4,0.3,0.5,5,154
0.6,0.4,0.5,5,155
0.7,0.5,0.6,5,156
0.7,0.6,0.7,5,157
0.6,0.4,0.5,5,158
0.8,0.6,0.7,5,159
0.7,0.6,0.5,5,160
0.7,0.6,0.7,5,161
0.7,0.6,0.5,5,162
0.8,0.6,0.7,5,163
0.8,0.7,0.6,5,164
0.7,0.5,0.6,5,165
0.6,0.4,0.5,5,166
0.5,0.6,0.5,5,167
0.8,0.5,0.6,5,168
0.6,0.4,0.5,5,169
0.7,0.5,0.6,5,170
0.9,0.6,0.8,5,171
0.6,0.5,0.5,5,172
0.7,0.5,0.6,5,173
0.5,0.4,0.5,5,174
0.6,0.5,0.4,5,175
0.5,0.3,0.4,5,176
0.9,0.8,0.9,5,177
0.8,0.6,0.7,5,178
0.7,0.6,0.5,5,179
0.4,0.3,0.5,5,180
0.6,0.4,0.5,5,181
0.8,0.7,0.6,5,182
0.6,0.5,0.5,5,183
0.8,0.6,0.7,5,184
0.6,0.4,0.5,5,185
0.6,0.5,0.4,5,186
0.7,0.5,0.6,5,187
0.7,0.5,0.6,5,188
0.7,0.6,0.5,5,189
0.7,0.5,0.6,5,190
0.7,0.6,0.5,5,191
0.8,0.6,0.7,5,192
0.6,0.4,0.5,5,193
0.6,0.5,0.5,5,194
0.7,0.5,0.6,5,195
0.6,0.5,0.5,5,196
0.7,0.5,0.6,5,197
0.8,0.7,0.6,5,198
0.7,0.6,0.5,5,199
0.8,0.7,0.6,5,200
0.8,0.7,0.7,5,201
0.6,0.4,0.5,5,202
0.6,0.4,0.5,5,203
0.8,0.7,0.8,5,204
0.6,0.4,0.5,5,205
0.7,0.5,0.6,5,206
0.6,0.5,0.7,5,207
0.6,0.4,0.5,5,208
0.7,0.5,0.6,5,209
0.7,0.5,0.6,5,210
0.8,0.6,0.7,5,211
0.8,0.7,0.6,5,212
0.7,0.6,0.7,5,213
0.8,0.6,0.7,5,214
0.6,0.4,0.5,5,215
0.6,0.4,0.5,5,216
0.7,0.5,0.6,5,217
0.8,0.7,0.7,5,218
0.7,0.5,0.6,5,219
0.4,0.3,0.5,5,220
0.8,0.6,0.7,5,221
0.8,0.6,0.7,5,222
0.8,0.6,0.7,5,223
0.7,0.5,0.6,5,224
0.8,0.5,0.6,5,225
0.6,0.5,0.5,5,226
0.8,0.6,0.7,5,227
0.6,0.5,0.7,5,228
0.6,0.4,0.5,5,229
0.8,0.7,0.6,5,230
0.8,0.6,0.7,5,231
0.6,0.5,0.5,5,232
0.7,0.5,0.6,5,233
0.8,0.6,0.7,5,234
0.8,0.6,0.7,5,235
0.8,0.6,0.7,5,236
0.6,0.4,0.5,5,237
0.8,0.6,0.7,5,238
0.7,0.6,0.5,5,239
0.7,0.6,0.5,5,240
0.4,0.3,0.5,5,241
0.7,0.5,0.6,5,242
0.5,0.3,0.4,5,243
0.7,0.5,0.6,5,244
0.5,0.4,0.5,5,245
0.6,0.4,0.5,5,246
0.7,0.5,0.6,5,247
0.5,0.4,0.5,5,248
0.7,0.5,0.6,5,249
0.6,0.4,0.5,5,250
0.8,0.7,0.7,5,251
0.7,0.5,0.6,5,252
0.6,0.4,0.5,5,253
0.6,0.4,0.5,5,254
0.7,0.5,0.6,5,255
0.7,0.6,0.5,5,256
0.7,0.5,0.6,5,257
0.7,0.5,0.6,5,258
0.7,0.5,0.6,5,259
0.7,0.5,0.6,5,260
0.8,0.6,0.7,5,261
0.8,0.7,0.6,5,262
0.6,0.4,0.5,5,263
0.7,0.5,0.6,5,264
0.8,0.7,0.8,5,265
0.5,0.3,0.4,5,266
0.7,0.5,0.6,5,267
0.7,0.6,0.5,5,268
0.8,0.6,0.7,5,269
0.6,0.4,0.5,5,270
0.7,0.5,0.6,5,271
0.8,0.6,0.7,5,272
0.4,0.3,0.4,5,273
0.8,0.6,0.7,5,274
0.8,0.6,0.7,5,275
0.5,0.4,0.5,5,276
0.6,0.4,0.5,5,277
0.5,0.4,0.5,5,278
0.4,0.3,0.4,5,279
0.8,0.7,0.6,5,280
0.8,0.5,0.7,5,281
0.5,0.4,0.5,5,282
0.6,0.4,0.5,5,283
0.6,0.4,0.5,5,284
0.8,0.6,0.7,5,285
0.8,0.6,0.7,5,286
0.8,0.6,0.7,5,287
0.6,0.5,0.4,5,288
0.8,0.7,0.6,5,289
0.6,0.5,0.5,5,290
0.8,0.7,0.6,5,291
0.6,0.5,0.4,5,292
0.4,0.3,0.4,5,293
0.6,0.4,0.5,5,294
0.8,0.6,0.7,5,295
0.7,0.5,0.6,5,296
0.8,0.6,0.7,5,297
0.7,0.5,0.6,5,298
0.7,0.5,0.6,5,299
0.7,0.5,0.6,5,300
0.6,0.4,0.5,5,301
0.8,0.6,0.7,5,302
0.8,0.6,0.7,5,303
0.6,0.5,0.5,5,304
0.7,0.5,0.6,5,305
0.7,0.5,0.6,5,306
0.8,0.6,0.7,5,307
0.6,0.5,0.7,5,308
0.6,0.5,0.5,5,309
0.8,0.5,0.7,5,310
0.9,0.8,0.9,5,311
0.6,0.5,0.5,5,312
0.7,0.5,0.6,5,313
0.7,0.5,0.6,5,314
0.7,0.5,0.6,5,315
0.8,0.7,0.6,5,316
0.9,0.7,0.8,5,317
0.4,0.3,0.5,5,318
0.7,0.5,0.6,5,319
0.8,0.6,0.7,5,320
0.4,0.3,0.5,5,321
0.4,0.3,0.4,5,322
0.7,0.6,0.5,5,323
0.7,0.6,0.5,5,324
0.7,0.6,0.7,5,325
0.7,0.5,0.6,5,326
0.7,0.5,0.6,5,327
0.6,0.5,0.7,5,328
0.6,0.4,0.5,5,329
0.8,0.6,0.7,5,330
0.8,0.6,0.7,5,331
0.7,0.6,0.5,5,332
0.4,0.3,0.5,5,333
0.7,0.5,0.6,5,334
0.7,0.4,0.5,5,335
0.8,0.7,0.6,5,336
0.8,0.7,0.6,5,337
0.6,0.4,0.5,5,338
0.6,0.5,0.5,5,339
0.6,0.4,0.5,5,340
0.6,0.4,0.5,5,341
0.7,0.6,0.7,5,342
0.6,0.4,0.5,5,343
0.4,0.3,0.4,5,344
0.7,0.6,0.5,5,345
0.6,0.5,0.5,5,346
0.7,0.5,0.6,5,347
0.8,0.6,0.7,5,348
0.6,0.4,0.5,5,349
0.7,0.4,0.5,5,350
0.5,0.4,0.5,5,351
0.6,0.4,0.5,5,352
0.6,0.4,0.5,5,353
0.8,0.6,0.7,5,354
0.7,0.6,0.5,5,355
0.4,0.3,0.5,5,356
0.8,0.6,0.7,5,357
0.7,0.4,0.6,5,358
0.9,0.7,0.8,5,359
0.8,0.6,0.7,5,360
0.6,0.5,0.5,5,361
0.6,0.4,0.5,5,362
0.8,0.7,0.6,5,363
0.8,0.7,0.8,5,364
0.8,0.6,0.7,5,365
0.5,0.4,0.5,5,366
0.7,0.6,0.8,5,367
0.5,0.3,0.4,5,368
0.6,0.5,0.5,5,369
0.6,0.5,0.5,5,370
0.8,0.6,0.7,5,371
0.6,0.4,0.5,5,372
0.5,0.4,0.5,5,373
0.7,0.5,0.6,5,374
0.8,0.6,0.7,5,375
0.5,0.4,0.5,5,376
0.8,0.5,0.7,5,377
0.7,0.6,0.5,5,378
0.6,0.5,0.5,5,379
0.8,0.6,0.7,5,380
0.7,0.6,0.5,5,381
0.7,0.6,0.5,5,382
0.6,0.4,0.5,5,383
0.6,0.4,0.5,5,384
0.8,0.6,0.7,5,385
0.6,0.5,0.6,5,386
0.8,0.6,0.7,5,387
0.6,0.5,0.5,5,388
0.6,0.4,0.5,5,389
0.6,0.4,0.5,5,390
0.8,0.6,0.7,5,391
0.6,0.5,0.7,5,392
0.6,0.5,0.5,5,393
0.6,0.4,0.5,5,394
0.7,0.5,0.6,5,395
0.7,0.5,0.6,5,396
0.6,0.5,0.5,5,397
0.8,0.7,0.6,5,398
0.5,0.4,0.5,5,399
0.7,0.6,0.5,5,400
0.7,0.5,0.6,5,401
0.7,0.5,0.6,5,402
0.8,0.7,0.7,5,403
0.6,0.4,0.5,5,404
0.8,0.6,0.7,5,405
0.8,0.6,0.7,5,406
0.8,0.5,0.6,5,407
0.7,0.6,0.5,5,408
0.7,0.5,0.6,5,409
0.7,0.5,0.6,5,410
0.5,0.4,0.5,5,411
0.4,0.3,0.5,5,412
0.6,0.4,0.5,5,413
0.4,0.3,0.5,5,414
0.4,0.3,0.5,5,415
0.5,0.3,0.4,5,416
0.6,0.4,0.5,5,417
0.7,0.5,0.6,5,418
0.5,0.4,0.5,5,419
0.5,0.4,0.5,5,420
0.8,0.6,0.7,5,421
0.6,0.4,0.5,5,422
0.8,0.6,0.7,5,423
0.6,0.5,0.5,5,424
0.9,0.8,0.9,5,425
0.8,0.6,0.7,5,426
0.6,0.4,0.5,5,427
0.7,0.6,0.5,5,428
0.7,0.5,0.6,5,429
0.5,0.4,0.5,5,430
0.8,0.6,0.7,5,431
0.5,0.3,0.4,5,432
0.8,0.6,0.7,5,433
0.8,0.7,0.6,5,434
0.8,0.6,0.7,5,435
0.7,0.6,0.5,5,436
0.8,0.6,0.7,5,437
0.7,0.5,0.6,5,438
0.8,0.6,0.7,5,439
0.7,0.5,0.6,5,440
0.7,0.5,0.6,5,441
0.6,0.5,0.4,5,442
0.7,0.5,0.6,5,443
0.8,0.6,0.7,5,444
0.4,0.3,0.5,5,445
0.6,0.5,0.5,5,446
0.6,0.5,0.5,5,447
0.8,0.6,0.7,5,448
0.8,0.7,0.7,5,449
0.7,0.5,0.6,5,450
0.7,0.5,0.6,5,451
0.7,0.5,0.6,5,452
0.8,0.6,0.7,5,453
0.6,0.4,0.5,5,454
0.6,0.4,0.5,5,455
0.8,0.6,0.7,5,456
0.7,0.5,0.6,5,457
0.8,0.7,0.6,5,458
0.5,0.4,0.5,5,459
0.5,0.3,0.4,5,460
0.7,0.6,0.5,5,461
0.6,0.4,0.5,5,462
0.6,0.4,0.5,5,463
0.7,0.5,0.6,5,464
0.6,0.4,0.5,5,465
0.7,0.5,0.6,5,466
0.6,0.4,0.5,5,467
0.8,0.5,0.6,5,468
0.8,0.6,0.7,5,469
0.6,0.4,0.5,5,470
0.8,0.6,0.7,5,471
0.6,0.4,0.5,5,472
0.4,0.3,0.5,5,473
0.6,0.4,0.5,5,474
0.7,0.5,0.6,5,475
0.5,0.4,0.5,5,476
0.8,0.6,0.7,5,477
0.5,0.4,0.5,5,478
0.6,0.4,0.5,5,479
0.6,0.4,0.5,5,480
0.8,0.6,0.7,5,481
0.8,0.6,0.7,5,482
0.7,0.6,0.5,5,483
0.7,0.5,0.6,5,484
0.7,0.6,0.5,5,485
0.5,0.4,0.5,5,486
0.7,0.5,0.6,5,487
0.7,0.5,0.6,5,488
0.8,0.6,0.7,5,489
0.4,0.3,0.5,5,490
0.8,0.7,0.6,5,491
0.8,0.6,0.7,5,492
0.8,0.6,0.7,5,493
0.6,0.5,0.5,5,494
0.5,0.4,0.5,5,495
0.6,0.4,0.5,5,496
0.7,0.6,0.6,5,497
0.6,0.5,0.5,5,498
0.7,0.4,0.6,5,499
0.7,0.5,0.6,6,0
0.8,0.6,0.7,6,1
0.8,0.7,0.6,6,2
0.8,0.7,0.6,6,3
0.8,0.5,0.6,6,4
0.6,0.4,0.5,6,5
0.6,0.5,0.7,6,6
0.7,0.5,0.6,6,7
0.7,0.6,0.5,6,8
0.8,0.6,0.7,6,9
0.6,0.4,0.5,6,10
0.7,0.5,0.6,6,11
0.8,0.6,0.7,6,12
0.7,0.5,0.6,6,13
0.7,0.6,0.5,6,14
0.7,0.5,0.6,6,15
0.6,0.4,0.5,6,16
0.3,0.2,0.4,6,17
0.5,0.4,0.5,6,18
0.6,0.5,0.5,6,19
0.8,0.7,0.8,6,20
0.8,0.7,0.6,6,21
0.8,0.6,0.7,6,22
0.8,0.7,0.7,6,23
0.5,0.3,0.4,6,24
0.5,0.3,0.4,6,25
0.6,0.4,0.5,6,26
0.6,0.5,0.5,6,27
0.6,0.4,0.5,6,28
0.8,0.6,0.7,6,29
0.7,0.6,0.5,6,30
0.6,0.5,0.4,6,31
0.8,0.7,0.6,6,32
0.6,0.5,0.5,6,33
0.4,0.3,0.4,6,34
0.6,0.5,0.5,6,35
0.6,0.4,0.5,6,36
0.8,0.6,0.7,6,37
0.7,0.6,0.5,6,38
0.6,0.4,0.5,6,39
0.7,0.5,0.6,6,40
0.7,0.5,0.6,6,41
0.7,0.5,0.6,6,42
0.7,0.5,0.6,6,43
0.4,0.2,0.3,6,44
0.6,0.4,0.5,6,45
0.6,0.4,0.5,6,46
0.8,0.6,0.7,6,47
0.6,0.4,0.5,6,48
0.7,0.6,0.7,6,49
0.7,0.6,0.7,6,50
0.8,0.6,0.7,6,51
0.7,0.5,0.6,6,52
0.8,0.6,0.7,6,53
0.6,0.4,0.5,6,54
0.5,0.4,0.5,6,55
0.5,0.3,0.4,6,56
0.7,0.6,0.5,6,57
0.4,0.3,0.5,6,58
0.6,0.4,0.5,6,59
0.8,0.7,0.6,6,60
0.5,0.3,0.4,6,61
0.6,0.4,0.5,6,62
0.6,0.5,0.5,6,63
0.8,0.4,0.6,6,64
0.8,0.7,0.6,6,65
0.8,0.6,0.7,6,66
0.9,0.8,0.9,6,67
0.7,0.5,0.6,6,68
0.4,0.3,0.5,6,69
0.9,0.6,0.8,6,70
0.6,0.5,0.5,6,71
0.6,0.4,0.5,6,72
0.6,0.4,0.5,6,73
0.8,0.6,0.7,6,74
0.5,0.3,0.4,6,75
0.6,0.4,0.5,6,76
0.7,0.6,0.7,6,77
0.7,0.5,0.6,6,78
0.7,0.6,0.7,6,79
0.8,0.6,0.7,6,80
0.8,0.7,0.8,6,81
0.8,0.6,0.7,6,82
0.7,0.4,0.5,6,83
0.8,0.6,0.7,6,84
0.5,0.4,0.5,6,85
0.8,0.6,0.7,6,86
0.7,0.6,0.5,6,87
0.5,0.4,0.5,6,88
0.8,0.6,0.7,6,89
0.8,0.7,0.6,6,90
0.5,0.4,0.5,6,91
0.8,0.6,0.7,6,92
0.8,0.6,0.7,6,93
0.5,0.3,0.4,6,94
0.6,0.5,0.5,6,95
0.7,0.5,0.6,6,96
0.7,0.5,0.6,6,97
0.5,0.4,0.5,6,98
0.6,0.4,0.5,6,99
0.6,0.5,0.5,6,100
0.6,0.4,0.5,6,101
0.8,0.7,0.6,6,102
0.6,0.5,0.5,6,103
0.5,0.4,0.4,6,104
0.7,0.5,0.6,6,105
0.8,0.6,0.7,6,106
0.6,0.4,0.5,6,107
0.8,0.6,0.7,6,108
0.8,0.7,0.6,6,109
0.7,0.6,0.7,6,110
0.8,0.6,0.7,6,111
0.6,0.4,0.5,6,112
0.3,0.2,0.4,6,113
0.5,0.4,0.5,6,114
0.7,0.5,0.6,6,115
0.8,0.6,0.7,6,116
0.6,0.5,0.5,6,117
0.7,0.5,0.6,6,118
0.8,0.6,0.7,6,119
0.6,0.5,0.5,6,120
0.6,0.4,0.5,6,121
0.6,0.4,0.5,6,122
0.6,0.4,0.5,6,123
0.6,0.4,0.5,6,124
0.6,0.4,0.5,6,125
0.6,0.4,0.5,6,126
0.6,0.5,0.7,6,127
0.7,0.5,0.6,6,128
0.4,0.3,0.5,6,129
0.8,0.6,0.7,6,130
0.4,0.3,0.5,6,131
0.5,0.4,0.6,6,132
0.6,0.4,0.5,6,133
0.8,0.6,0.7,6,134
0.6,0.5,0.5,6,135
0.6,0.5,0.5,6,136
0.7,0.6,0.7,6,137
0.6,0.5,0.7,6,138
0.5,0.4,0.5,6,139
0.7,0.6,0.7,6,140
0.4,0.3,0.4,6,141
0.8,0.6,0.7,6,142
0.8,0.6,0.7,6,143
0.6,0.4,0.5,6,144
0.3,0.2,0.3,6,145
0.7,0.6,0.5,6,146
0.6,0.4,0.5,6,147
0.6,0.4,0.5,6,148
0.6,0.4,0.5,6,149
0.6,0.4,0.5,6,150
0.8,0.6,0.7,6,151
0.5,0.4,0.5,6,152
0.8,0.7,0.6,6,153
0.6,0.3,0.5,6,154
0.8,0.6,0.7,6,155
0.5,0.4,0.5,6,156
0.7,0.5,0.6,6,157
0.8,0.5,0.7,6,158
0.7,0.5,0.6,6,159
0.7,0.5,0.6,6,160
0.5,0.4,0.5,6,161
0.7,0.5,0.6,6,162
0.7,0.6,0.5,6,163
0.7,0.3,0.5,6,164
0.6,0.4,0.5,6,165
0.6,0.4,0.5,6,166
0.6,0.5,0.5,6,167
0.7,0.5,0.6,6,168
0.8,0.6,0.7,6,169
0.4,0.3,0.5,6,170
0.9,0.7,0.8,6,171
0.6,0.4,0.5,6,172
0.8,0.6,0.7,6,173
0.3,0.2,0.4,6,174
0.5,0.4,0.5,6,175
0.7,0.5,0.6,6,176
0.8,0.7,0.9,6,177
0.6,0.5,0.7,6,178
0.7,0.5,0.6,6,179
0.4,0.3,0.5,6,180
0.4,0.3,0.5,6,181
0.8,0.7,0.6,6,182
0.6,0.4,0.5,6,183
0.8,0.6,0.7,6,184
0.6,0.5,0.5,6,185
0.5,0.4,0.5,6,186
0.7,0.5,0.6,6,187
0.8,0.6,0.7,6,188
0.6,0.4,0.5,6,189
0.7,0.5,0.6,6,190
0.5,0.4,0.5,6,191
0.6,0.4,0.5,6,192
0.5,0.3,0.4,6,193
0.6,0.4,0.5,6,194
0.6,0.4,0.5,6,195
0.7,0.6,0.7,6,196
0.6,0.4,0.5,6,197
0.8,0.6,0.7,6,198
0.6,0.5,0.5,6,199
0.8,0.6,0.7,6,200
0.7,0.5,0.6,6,201
0.7,0.5,0.6,6,202
0.6,0.4,0.5,6,203
0.8,0.6,0.7,6,204
0.6,0.4,0.5,6,205
0.8,0.7,0.7,6,206
0.8,0.7,0.6,6,207
0.5,0.4,0.5,6,208
0.6,0.4,0.5,6,209
0.6,0.5,0.5,6,210
0.7,0.5,0.6,6,211
0.8,0.7,0.6,6,212
0.8,0.6,0.7,6,213
0.7,0.6,0.7,6,214
0.6,0.5,0.5,6,215
0.5,0.4,0.5,6,216
0.7,0.5,0.6,6,217
0.8,0.6,0.7,6,218
0.6,0.5,0.5,6,219
0.8,0.6,0.7,6,220
0.7,0.5,0.6,6,221
0.7,0.6,0.5,6,222
0.7,0.4,0.6,6,223
0.8,0.6,0.7,6,224
0.7,0.4,0.5,6,225
0.7,0.5,0.6,6,226
0.8,0.6,0.7,6,227
0.6,0.5,0.5,6,228
0.6,0.4,0.5,6,229
0.8,0.7,0.8,6,230
0.8,0.6,0.7,6,231
0.5,0.4,0.5,6,232
0.6,0.5,0.5,6,233
0.6,0.5,0.5,6,234
0.8,0.6,0.7,6,235
0.7,0.5,0.6,6,236
0.6,0.4,0.5,6,237
0.8,0.6,0.7,6,238
0.6,0.4,0.5,6,239
0.8,0.6,0.7,6,240
0.8,0.6,0.7,6,241
0.7,0.4,0.6,6,242
0.7,0.6,0.5,6,243
0.8,0.6,0.7,6,244
0.6,0.4,0.5,6,245
0.6,0.4,0.5,6,246
0.7,0.5,0.6,6,247
0.6,0.4,0.5,6,248
0.8,0.6,0.7,6,249
0.7,0.5,0.6,6,250
0.8,0.6,0.7,6,251
0.7,0.5,0.6,6,252
0.6,0.5,0.5,6,253
0.6,0.5,0.5,6,254
0.7,0.5,0.6,6,255
0.7,0.6,0.5,6,256
0.6,0.4,0.5,6,257
0.6,0.4,0.5,6,258
0.6,0.5,0.5,6,259
0.8,0.6,0.7,6,260
0.8,0.7,0.6,6,261
0.7,0.5,0.6,6,262
0.7,0.5,0.6,6,263
0.7,0.5,0.6,6,264
0.8,0.7,0.8,6,265
0.6,0.4,0.5,6,266
0.7,0.5,0.6,6,267
0.6,0.4,0.5,6,268
0.8,0.7,0.6,6,269
0.8,0.6,0.7,6,270
0.6,0.5,0.5,6,271
0.8,0.6,0.7,6,272
0.6,0.4,0.5,6,273
0.7,0.5,0.6,6,274
0.8,0.6,0.7,6,275
0.6,0.4,0.5,6,276
0.7,0.5,0.6,6,277
0.7,0.5,0.6,6,278
0.7,0.5,0.6,6,279
0.8,0.6,0.7,6,280
0.9,0.7,0.8,6,281
0.7,0.6,0.5,6,282
0.7,0.6,0.5,6,283
0.7,0.5,0.6,6,284
0.7,0.5,0.6,6,285
0.8,0.6,0.7,6,286
0.7,0.5,0.6,6,287
0.5,0.4,0.5,6,288
0.6,0.5,0.5,6,289
0.7,0.6,0.5,6,290
0.5,0.3,0.4,6,291
0.4,0.3,0.4,6,292
0.6,0.4,0.5,6,293
0.7,0.6,0.5,6,294
0.7,0.5,0.6,6,295
0.4,0.3,0.5,6,296
0.8,0.7,0.8,6,297
0.5,0.4,0.5,6,298
0.6,0.4,0.5,6,299
0.7,0.5,0.6,6,300
0.6,0.5,0.5,6,301
0.7,0.6,0.5,6,302
0.8,0.7,0.6,6,303
0.6,0.4,0.5,6,304
0.8,0.7,0.6,6,305
0.6,0.5,0.5,6,306
0.8,0.6,0.7,6,307
0.6,0.4,0.5,6,308
0.5,0.4,0.5,6,309
0.7,0.5,0.6,6,310
0.7,0.6,0.5,6,311
0.6,0.4,0.5,6,312
0.8,0.7,0.6,6,313
0.5,0.4,0.5,6,314
0.7,0.6,0.5,6,315
0.7,0.6,0.5,6,316
0.8,0.6,0.7,6,317
0.6,0.5,0.5,6,318
0.6,0.5,0.7,6,319
0.8,0.5,0.7,6,320
0.6,0.4,0.5,6,321
0.7,0.5,0.6,6,322
0.7,0.5,0.6,6,323
0.6,0.5,0.5,6,324
0.7,0.6,0.7,6,325
0.7,0.6,0.5,6,326
0.8,0.6,0.7,6,327
0.6,0.4,0.5,6,328
0.7,0.5,0.6,6,329
0.8,0.6,0.7,6,330
0.7,0.5,0.6,6,331
0.7,0.6,0.5,6,332
0.6,0.4,0.5,6,333
0.7,0.5,0.6,6,334
0.6,0.4,0.5,6,335
0.8,0.6,0.7,6,336
0.6,0.4,0.5,6,337
0.6,0.5,0.5,6,338
0.6,0.4,0.5,6,339
0.6,0.4,0.5,6,340
0.5,0.4,0.5,6,341
0.6,0.5,0.5,6,342
0.4,0.3,0.4,6,343
0.6,0.4,0.5,6,344
0.7,0.6,0.5,6,345
0.8,0.5,0.6,6,346
0.7,0.5,0.6,6,347
0.7,0.6,0.7,6,348
0.6,0.4,0.5,6,349
0.6,0.5,0.5,6,350
0.5,0.4,0.4,6,351
0.6,0.4,0.5,6,352
0.6,0.4,0.5,6,353
0.8,0.6,0.7,6,354
0.8,0.7,0.6,6,355
0.8,0.6,0.7,6,356
0.7,0.5,0.6,6,357
0.7,0.6,0.5,6,358
0.9,0.7,0.8,6,359
0.6,0.5,0.5,6,360
0.7,0.6,0.7,6,361
0.6,0.5,0.5,6,362
0.8,0.7,0.6,6,363
0.8,0.7,0.6,6,364
0.7,0.5,0.6,6,365
0.7,0.5,0.6,6,366
0.7,0.6,0.5,6,367
0.6,0.4,0.5,6,368
0.5,0.4,0.4,6,369
0.6,0.4,0.5,6,370
0.8,0.6,0.7,6,371
0.7,0.5,0.6,6,372
0.4,0.3,0.4,6,373
0.8,0.6,0.7,6,374
0.7,0.6,0.5,6,375
0.8,0.6,0.7,6,376
0.9,0.7,0.8,6,377
0.4,0.3,0.5,6,378
0.6,0.4,0.5,6,379
0.6,0.4,0.5,6,380
0.8,0.6,0.7,6,381
0.8,0.6,0.7,6,382
0.6,0.4,0.5,6,383
0.7,0.6,0.7,6,384
0.8,0.6,0.7,6,385
0.5,0.4,0.5,6,386
0.7,0.5,0.6,6,387
0.6,0.5,0.5,6,388
0.7,0.6,0.5,6,389
0.6,0.5,0.5,6,390
0.7,0.6,0.8,6,391
0.6,0.4,0.5,6,392
0.6,0.5,0.5,6,393
0.4,0.3,0.5,6,394
0.6,0.5,0.5,6,395
0.6,0.5,0.5,6,396
0.7,0.5,0.6,6,397
0.7,0.6,0.5,6,398
0.7,0.5,0.6,6,399
0.6,0.5,0.5,6,400
0.7,0.6,0.5,6,401
0.7,0.5,0.6,6,402
0.7,0.5,0.6,6,403
0.5,0.4,0.5,6,404
0.7,0.5,0.6,6,405
0.7,0.5,0.6,6,406
0.7,0.5,0.6,6,407
0.7,0.5,0.6,6,408
0.6,0.5,0.5,6,409
0.6,0.4,0.5,6,410
0.7,0.5,0.6,6,411
0.5,0.4,0.5,6,412
0.4,0.3,0.4,6,413
0.6,0.5,0.4,6,414
0.4,0.3,0.5,6,415
0.5,0.4,0.5,6,416
0.6,0.5,0.5,6,417
0.5,0.4,0.5,6,418
0.5,0.4,0.5,6,419
0.7,0.5,0.6,6,420
0.8,0.6,0.7,6,421
0.6,0.4,0.5,6,422
0.8,0.6,0.7,6,423
0.6,0.5,0.5,6,424
0.5,0.4,0.5,6,425
0.6,0.4,0.5,6,426
0.7,0.5,0.6,6,427
0.7,0.5,0.6,6,428
0.6,0.4,0.5,6,429
0.5,0.4,0.5,6,430
0.8,0.6,0.7,6,431
0.7,0.5,0.6,6,432
0.8,0.6,0.7,6,433
0.8,0.6,0.7,6,434
0.6,0.4,0.5,6,435
0.7,0.5,0.6,6,436
0.7,0.5,0.6,6,437
0.6,0.4,0.5,6,438
0.7,0.5,0.6,6,439
0.7,0.6,0.7,6,440
0.5,0.3,0.4,6,441
0.5,0.4,0.5,6,442
0.7,0.5,0.6,6,443
0.8,0.6,0.7,6,444
0.8,0.6,0.7,6,445
0.6,0.4,0.5,6,446
0.4,0.3,0.5,6,447
0.6,0.4,0.5,6,448
0.7,0.5,0.6,6,449
0.7,0.5,0.6,6,450
0.6,0.4,0.5,6,451
0.5,0.3,0.4,6,452
0.8,0.6,0.7,6,453
0.7,0.6,0.5,6,454
0.6,0.4,0.5,6,455
0.7,0.5,0.6,6,456
0.8,0.6,0.7,6,457
0.8,0.7,0.6,6,458
0.8,0.6,0.7,6,459
0.6,0.4,0.5,6,460
0.7,0.6,0.5,6,461
0.5,0.4,0.5,6,462
0.5,0.4,0.5,6,463
0.7,0.6,0.5,6,464
0.7,0.6,0.5,6,465
0.7,0.6,0.7,6,466
0.7,0.5,0.6,6,467
0.7,0.6,0.5,6,468
0.7,0.6,0.7,6,469
0.8,0.7,0.6,6,470
0.8,0.6,0.7,6,471
0.6,0.5,0.5,6,472
0.4,0.3,0.4,6,473
0.6,0.4,0.5,6,474
0.7,0.5,0.6,6,475
0.6,0.4,0.5,6,476
0.7,0.6,0.5,6,477
0.6,0.5,0.5,6,478
0.7,0.5,0.6,6,479
0.5,0.4,0.4,6,480
0.8,0.6,0.7,6,481
0.7,0.5,0.6,6,482
0.7,0.5,0.6,6,483
0.7,0.3,0.6,6,484
0.7,0.6,0.5,6,485
0.4,0.3,0.4,6,486
0.7,0.5,0.6,6,487
0.7,0.6,0.5,6,488
0.4,0.2,0.3,6,489
0.3,0.2,0.4,6,490
0.8,0.7,0.6,6,491
0.6,0.4,0.5,6,492
0.8,0.7,0.8,6,493
0.8,0.6,0.7,6,494
0.6,0.5,0.5,6,495
0.7,0.6,0.5,6,496
0.7,0.6,0.5,6,497
0.6,0.4,0.5,6,498
0.7,0.4,0.5,6,499
0.8,0.6,0.7,7,0
0.8,0.6,0.7,7,1
0.8,0.7,0.6,7,2
0.8,0.6,0.7,7,3
0.8,0.6,0.7,7,4
0.7,0.5,0.6,7,5
0.7,0.5,0.6,7,6
0.8,0.6,0.7,7,7
0.6,0.4,0.5,7,8
0.7,0.4,0.5,7,9
0.6,0.4,0.5,7,10
0.7,0.5,0.6,7,11
0.8,0.6,0.7,7,12
0.7,0.5,0.6,7,13
0.4,0.3,0.4,7,14
0.4,0.3,0.5,7,15
0.8,0.5,0.7,7,16
0.7,0.5,0.6,7,17
0.4,0.3,0.4,7,18
0.5,0.4,0.4,7,19
0.7,0.6,0.5,7,20
0.8,0.6,0.7,7,21
0.7,0.5,0.6,7,22
0.7,0.5,0.6,7,23
0.4,0.3,0.5,7,24
0.3,0.2,0.4,7,25
0.5,0.4,0.5,7,26
0.7,0.6,0.5,7,27
0.8,0.6,0.7,7,28
0.8,0.6,0.7,7,29
0.8,0.6,0.7,7,30
0.6,0.4,0.5,7,31
0.8,0.5,0.6,7,32
0.7,0.5,0.6,7,33
0.5,0.3,0.4,7,34
0.8,0.6,0.7,7,35
0.6,0.4,0.5,7,36
0.7,0.6,0.5,7,37
0.8,0.6,0.7,7,38
0.6,0.4,0.5,7,39
0.6,0.4,0.5,7,40
0.6,0.5,0.5,7,41
0.8,0.7,0.6,7,42
0.7,0.5,0.6,7,43
0.5,0.3,0.4,7,44
0.5,0.4,0.4,7,45
0.7,0.5,0.6,7,46
0.7,0.5,0.6,7,47
0.5,0.4,0.5,7,48
0.7,0.5,0.6,7,49
0.8,0.6,0.7,7,50
0.7,0.5,0.6,7,51
0.7,0.5,0.6,7,52
0.6,0.4,0.5,7,53
0.6,0.4,0.5,7,54
0.5,0.4,0.5,7,55
0.5,0.3,0.4,7,56
0.6,0.5,0.5,7,57
0.7,0.5,0.6,7,58
0.8,0.4,0.6,7,59
0.6,0.4,0.5,7,60
0.6,0.4,0.5,7,61
0.6,0.5,0.7,7,62
0.6,0.4,0.5,7,63
0.8,0.7,0.6,7,64
0.6,0.4,0.5,7,65
0.7,0.5,0.6,7,66
0.8,0.6,0.7,7,67
0.5,0.4,0.5,7,68
0.5,0.4,0.5,7,69
0.8,0.6,0.7,7,70
0.7,0.5,0.6,7,71
0.6,0.5,0.5,7,72
0.6,0.4,0.5,7,73
0.8,0.5,0.7,7,74
0.6,0.4,0.5,7,75
0.6,0.5,0.4,7,76
0.5,0.4,0.5,7,77
0.7,0.5,0.6,7,78
0.7,0.5,0.6,7,79
0.6,0.5,0.5,7,80
0.6,0.5,0.4,7,81
0.8,0.6,0.7,7,82
0.8,0.6,0.7,7,83
0.6,0.4,0.5,7,84
0.7,0.5,0.6,7,85
0.7,0.5,0.6,7,86
0.6,0.4,0.5,7,87
0.5,0.4,0.5,7,88
0.6,0.5,0.5,7,89
0.4,0.3,0.5,7,90
0.5,0.3,0.4,7,91
0.5,0.4,0.5,7,92
0.8,0.6,0.7,7,93
0.7,0.5,0.6,7,94
0.4,0.3,0.5,7,95
0.8,0.6,0.7,7,96
0.7,0.6,0.5,7,97
0.5,0.4,0.5,7,98
0.6,0.5,0.5,7,99
0.6,0.4,0.5,7,100
0.7,0.5,0.6,7,101
0.8,0.6,0.7,7,102
0.6,0.5,0.5,7,103
0.5,0.4,0.5,7,104
0.6,0.4,0.5,7,105
0.5,0.4,0.5,7,106
0.7,0.5,0.6,7,107
0.6,0.4,0.5,7,108
0.7,0.5,0.6,7,109
0.6,0.5,0.7,7,110
0.8,0.6,0.7,7,111
0.4,0.2,0.3,7,112
0.5,0.4,0.5,7,113
0.6,0.5,0.5,7,114
0.9,0.7,0.8,7,115
0.7,0.6,0.7,7,116
0.4,0.3,0.5,7,117
0.7,0.5,0.6,7,118
0.7,0.5,0.6,7,119
0.7,0.6,0.5,7,120
0.5,0.3,0.4,7,121
0.8,0.7,0.6,7,122
0.6,0.4,0.5,7,123
0.6,0.4,0.5,7,124
0.5,0.4,0.5,7,125
0.5,0.4,0.5,7,126
0.8,0.5,0.6,7,127
0.6,0.5,0.5,7,128
0.7,0.4,0.5,7,129
0.4,0.3,0.5,7,130
0.7,0.6,0.5,7,131
0.6,0.5,0.5,7,132
0.4,0.3,0.5,7,133
0.6,0.4,0.5,7,134
0.8,0.6,0.7,7,135
0.6,0.5,0.5,7,136
0.6,0.4,0.5,7,137
0.6,0.4,0.5,7,138
0.7,0.5,0.6,7,139
0.7,0.5,0.6,7,140
0.4,0.3,0.4,7,141
0.7,0.5,0.6,7,142
0.7,0.6,0.7,7,143
0.6,0.5,0.7,7,144
0.7,0.5,0.6,7,145
0.7,0.6,0.5,7,146
0.6,0.4,0.5,7,147
0.7,0.5,0.6,7,148
0.7,0.6,0.5,7,149
0.6,0.4,0.5,7,150
0.7,0.5,0.6,7,151
0.7,0.5,0.6,7,152
0.7,0.6,0.5,7,153
0.4,0.3,0.5,7,154
0.6,0.4,0.5,7,155
0.7,0.5,0.6,7,156
0.8,0.6,0.7,7,157
0.7,0.5,0.6,7,158
0.6,0.4,0.5,7,159
0.8,0.7,0.6,7,160
0.6,0.4,0.5,7,161
0.4,0.3,0.5,7,162
0.7,0.5,0.6,7,163
0.7,0.4,0.5,7,164
0.8,0.5,0.7,7,165
0.7,0.5,0.6,7,166
0.7,0.5,0.6,7,167
0.8,0.5,0.7,7,168
0.7,0.5,0.6,7,169
0.6,0.4,0.5,7,170
0.8,0.6,0.7,7,171
0.6,0.5,0.5,7,172
0.7,0.6,0.7,7,173
0.4,0.3,0.5,7,174
0.4,0.3,0.4,7,175
0.7,0.5,0.6,7,176
0.7,0.6,0.7,7,177
0.9,0.6,0.7,7,178
0.6,0.5,0.5,7,179
0.6,0.4,0.5,7,180
0.6,0.4,0.5,7,181
0.7,0.5,0.6,7,182
0.4,0.3,0.5,7,183
0.8,0.7,0.6,7,184
0.5,0.4,0.5,7,185
0.6,0.5,0.5,7,186
0.9,0.7,0.8,7,187
0.8,0.7,0.6,7,188
0.4,0.3,0.4,7,189
0.8,0.7,0.6,7,190
0.5,0.4,0.5,7,191
0.7,0.6,0.5,7,192
0.7,0.5,0.6,7,193
0.8,0.6,0.7,7,194
0.6,0.4,0.5,7,195
0.6,0.5,0.5,7,196
0.8,0.6,0.7,7,197
0.7,0.5,0.6,7,198
0.7,0.5,0.6,7,199
0.8,0.6,0.7,7,200
0.6,0.4,0.5,7,201
0.8,0.6,0.7,7,202
0.7,0.6,0.5,7,203
0.8,0.7,0.6,7,204
0.7,0.5,0.6,7,205
0.8,0.7,0.6,7,206
0.7,0.6,0.7,7,207
0.6,0.5,0.5,7,208
0.6,0.4,0.5,7,209
0.6,0.5,0.5,7,210
0.8,0.6,0.7,7,211
0.8,0.5,0.6,7,212
0.7,0.6,0.5,7,213
0.8,0.6,0.7,7,214
0.6,0.4,0.5,7,215
0.7,0.5,0.6,7,216
0.6,0.4,0.5,7,217
0.7,0.6,0.7,7,218
0.7,0.5,0.6,7,219
0.7,0.5,0.6,7,220
0.8,0.6,0.7,7,221
0.7,0.6,0.5,7,222
0.6,0.4,0.5,7,223
0.6,0.5,0.5,7,224
0.6,0.4,0.5,7,225
0.8,0.6,0.7,7,226
0.8,0.7,0.6,7,227
0.7,0.6,0.5,7,228
0.5,0.4,0.5,7,229
0.8,0.7,0.6,7,230
0.7,0.6,0.5,7,231
0.6,0.4,0.5,7,232
0.6,0.4,0.5,7,233
0.6,0.4,0.5,7,234
0.9,0.8,0.9,7,235
0.8,0.6,0.7,7,236
0.5,0.3,0.4,7,237
0.8,0.7,0.6,7,238
0.6,0.4,0.5,7,239
0.9,0.6,0.8,7,240
0.6,0.4,0.5,7,241
0.8,0.6,0.7,7,242
0.8,0.6,0.7,7,243
0.6,0.4,0.5,7,244
0.4,0.3,0.4,7,245
0.6,0.5,0.5,7,246
0.7,0.5,0.6,7,247
0.4,0.3,0.5,7,248
0.8,0.7,0.6,7,249
0.4,0.3,0.5,7,250
0.8,0.6,0.7,7,251
0.7,0.6,0.5,7,252
0.4,0.3,0.5,7,253
0.7,0.6,0.5,7,254
0.6,0.5,0.4,7,255
0.5,0.4,0.5,7,256
0.8,0.6,0.7,7,257
0.5,0.3,0.4,7,258
0.7,0.6,0.5,7,259
0.6,0.4,0.5,7,260
0.9,0.7,0.8,7,261
0.7,0.5,0.6,7,262
0.8,0.5,0.6,7,263
0.7,0.6,0.5,7,264
0.8,0.7,0.6,7,265
0.4,0.3,0.5,7,266
0.6,0.5,0.5,7,267
0.6,0.4,0.5,7,268
0.8,0.6,0.7,7,269
0.6,0.5,0.5,7,270
0.8,0.6,0.7,7,271
0.7,0.5,0.6,7,272
0.7,0.5,0.6,7,273
0.8,0.6,0.7,7,274
0.7,0.5,0.6,7,275
0.6,0.4,0.5,7,276
0.6,0.4,0.5,7,277
0.4,0.3,0.5,7,278
0.7,0.5,0.6,7,279
0.7,0.6,0.5,7,280
0.7,0.5,0.6,7,281
0.4,0.3,0.4,7,282
0.7,0.5,0.6,7,283
0.6,0.5,0.5,7,284
0.7,0.5,0.6,7,285
0.7,0.5,0.6,7,286
0.6,0.5,0.5,7,287
0.4,0.3,0.5,7,288
0.8,0.6,0.7,7,289
0.7,0.5,0.6,7,290
0.5,0.4,0.5,7,291
0.6,0.4,0.5,7,292
0.6,0.4,0.5,7,293
0.6,0.4,0.5,7,294
0.8,0.7,0.6,7,295
0.8,0.6,0.7,7,296
0.8,0.6,0.7,7,297
0.7,0.6,0.5,7,298
0.7,0.5,0.6,7,299
0.7,0.5,0.6,7,300
0.8,0.6,0.7,7,301
0.8,0.6,0.7,7,302
0.8,0.6,0.7,7,303
0.3,0.2,0.4,7,304
0.7,0.6,0.5,7,305
0.7,0.5,0.6,7,306
0.4,0.3,0.5,7,307
0.5,0.4,0.4,7,308
0.6,0.5,0.5,7,309
0.5,0.3,0.4,7,310
0.8,0.6,0.7,7,311
0.6,0.4,0.5,7,312
0.7,0.5,0.6,7,313
0.6,0.5,0.7,7,314
0.5,0.4,0.5,7,315
0.7,0.6,0.5,7,316
0.8,0.6,0.7,7,317
0.6,0.4,0.5,7,318
0.7,0.5,0.6,7,319
0.6,0.5,0.5,7,320
0.4,0.3,0.5,7,321
0.5,0.4,0.5,7,322
0.6,0.5,0.5,7,323
0.7,0.5,0.6,7,324
0.4,0.3,0.5,7,325
0.7,0.5,0.6,7,326
0.7,0.5,0.6,7,327
0.6,0.5,0.4,7,328
0.5,0.4,0.5,7,329
0.8,0.6,0.7,7,330
0.6,0.4,0.5,7,331
0.7,0.5,0.6,7,332
0.6,0.4,0.5,7,333
0.8,0.6,0.7,7,334
0.5,0.4,0.5,7,335
0.7,0.5,0.6,7,336
0.6,0.4,0.5,7,337
0.6,0.4,0.5,7,338
0.6,0.5,0.5,7,339
0.5,0.4,0.5,7,340
0.4,0.3,0.5,7,341
0.5,0.3,0.4,7,342
0.4,0.3,0.5,7,343
0.7,0.5,0.6,7,344
0.8,0.7,0.6,7,345
0.8,0.5,0.6,7,346
0.7,0.5,0.6,7,347
0.7,0.5,0.6,7,348
0.6,0.4,0.5,7,349
0.6,0.4,0.5,7,350
0.4,0.5,0.4,7,351
0.5,0.4,0.5,7,352
0.7,0.5,0.6,7,353
0.7,0.6,0.5,7,354
0.7,0.6,0.5,7,355
0.6,0.4,0.5,7,356
0.6,0.4,0.5,7,357
0.7,0.4,0.5,7,358
0.8,0.5,0.6,7,359
0.6,0.5,0.5,7,360
0.6,0.5,0.7,7,361
0.4,0.3,0.2,7,362
0.6,0.5,0.7,7,363
0.7,0.5,0.6,7,364
0.7,0.6,0.5,7,365
0.4,0.3,0.5,7,366
0.5,0.4,0.5,7,367
0.5,0.4,0.5,7,368
0.7,0.5,0.6,7,369
0.6,0.4,0.5,7,370
0.7,0.6,0.5,7,371
0.7,0.6,0.5,7,372
0.6,0.4,0.5,7,373
0.8,0.6,0.7,7,374
0.7,0.5,0.6,7,375
0.6,0.5,0.5,7,376
0.8,0.7,0.6,7,377
0.6,0.5,0.4,7,378
0.7,0.5,0.6,7,379
0.6,0.4,0.5,7,380
0.7,0.6,0.5,7,381
0.7,0.5,0.6,7,382
0.6,0.4,0.5,7,383
0.5,0.4,0.5,7,384
0.8,0.6,0.7,7,385
0.7,0.5,0.6,7,386
0.8,0.5,0.6,7,387
0.5,0.4,0.5,7,388
0.7,0.6,0.7,7,389
0.6,0.4,0.5,7,390
0.7,0.6,0.7,7,391
0.8,0.7,0.6,7,392
0.6,0.5,0.5,7,393
0.7,0.5,0.6,7,394
0.8,0.6,0.7,7,395
0.5,0.4,0.5,7,396
0.7,0.5,0.6,7,397
0.8,0.7,0.6,7,398
0.7,0.5,0.6,7,399
0.8,0.6,0.7,7,400
0.7,0.5,0.6,7,401
0.8,0.6,0.7,7,402
0.8,0.6,0.7,7,403
0.4,0.3,0.5,7,404
0.8,0.6,0.7,7,405
0.7,0.6,0.5,7,406
0.8,0.6,0.7,7,407
0.3,0.2,0.4,7,408
0.8,0.6,0.7,7,409
0.8,0.5,0.6,7,410
0.6,0.5,0.4,7,411
0.6,0.4,0.5,7,412
0.4,0.3,0.4,7,413
0.5,0.4,0.5,7,414
0.6,0.5,0.5,7,415
0.4,0.3,0.5,7,416
0.7,0.6,0.5,7,417
0.7,0.6,0.5,7,418
0.5,0.4,0.4,7,419
0.4,0.3,0.5,7,420
0.7,0.5,0.6,7,421
0.7,0.5,0.6,7,422
0.4,0.3,0.5,7,423
0.7,0.5,0.6,7,424
0.6,0.5,0.5,7,425
0.8,0.6,0.7,7,426
0.8,0.6,0.7,7,427
0.8,0.7,0.6,7,428
0.6,0.4,0.5,7,429
0.4,0.3,0.5,7,430
0.7,0.5,0.6,7,431
0.7,0.5,0.6,7,432
0.8,0.6,0.7,7,433
0.7,0.6,0.5,7,434
0.5,0.4,0.5,7,435
0.5,0.4,0.5,7,436
0.7,0.5,0.6,7,437
0.7,0.5,0.6,7,438
0.8,0.6,0.7,7,439
0.7,0.6,0.7,7,440
0.7,0.6,0.5,7,441
0.5,0.4,0.5,7,442
0.7,0.6,0.5,7,443
0.8,0.6,0.7,7,444
0.7,0.5,0.6,7,445
0.8,0.7,0.6,7,446
0.6,0.4,0.5,7,447
0.6,0.5,0.5,7,448
0.8,0.6,0.7,7,449
0.9,0.8,0.9,7,450
0.6,0.5,0.5,7,451
0.5,0.4,0.5,7,452
0.8,0.6,0.7,7,453
0.4,0.5,0.4,7,454
0.6,0.4,0.5,7,455
0.8,0.6,0.7,7,456
0.5,0.4,0.5,7,457
0.8,0.7,0.6,7,458
0.8,0.6,0.7,7,459
0.7,0.5,0.6,7,460
0.7,0.6,0.5,7,461
0.5,0.4,0.5,7,462
0.7,0.5,0.6,7,463
0.7,0.5,0.6,7,464
0.8,0.4,0.6,7,465
0.8,0.5,0.6,7,466
0.6,0.5,0.5,7,467
0.6,0.4,0.5,7,468
0.8,0.6,0.7,7,469
0.7,0.5,0.6,7,470
0.8,0.6,0.7,7,471
0.5,0.4,0.4,7,472
0.4,0.3,0.5,7,473
0.6,0.4,0.5,7,474
0.7,0.5,0.6,7,475
0.6,0.5,0.5,7,476
0.6,0.5,0.5,7,477
0.7,0.5,0.6,7,478
0.6,0.4,0.5,7,479
0.5,0.3,0.4,7,480
0.9,0.7,0.8,7,481
0.8,0.7,0.6,7,482
0.6,0.5,0.4,7,483
0.7,0.3,0.5,7,484
0.7,0.5,0.6,7,485
0.4,0.3,0.4,7,486
0.7,0.5,0.6,7,487
0.7,0.5,0.6,7,488
0.4,0.3,0.5,7,489
0.3,0.2,0.2,7,490
0.6,0.5,0.5,7,491
0.8,0.6,0.7,7,492
0.8,0.7,0.6,7,493
0.7,0.6,0.5,7,494
0.7,0.6,0.7,7,495
0.6,0.5,0.4,7,496
0.7,0.5,0.6,7,497
0.7,0.6,0.5,7,498
0.7,0.5,0.6,7,499
0.7,0.6,0.5,8,0
0.4,0.3,0.4,8,1
0.7,0.6,0.7,8,2
0.7,0.5,0.6,8,3
0.7,0.5,0.6,8,4
0.8,0.6,0.7,8,5
0.7,0.5,0.6,8,6
0.8,0.7,0.6,8,7
0.5,0.3,0.4,8,8
0.7,0.4,0.5,8,9
0.6,0.4,0.5,8,10
0.4,0.3,0.4,8,11
0.9,0.7,0.8,8,12
0.6,0.4,0.5,8,13
0.8,0.6,0.7,8,14
0.6,0.4,0.5,8,15
0.7,0.5,0.6,8,16
0.6,0.5,0.7,8,17
0.4,0.3,0.5,8,18
0.4,0.3,0.4,8,19
0.8,0.6,0.7,8,20
0.7,0.6,0.7,8,21
0.7,0.5,0.6,8,22
0.8,0.7,0.6,8,23
0.6,0.4,0.5,8,24
0.4,0.3,0.5,8,25
0.7,0.5,0.6,8,26
0.7,0.5,0.6,8,27
0.1,0.0,0.2,8,28
0.7,0.6,0.5,8,29
0.8,0.6,0.7,8,30
0.5,0.4,0.5,8,31
0.8,0.6,0.7,8,32
0.7,0.5,0.6,8,33
0.4,0.3,0.5,8,34
0.7,0.5,0.6,8,35
0.4,0.3,0.4,8,36
0.8,0.7,0.6,8,37
0.5,0.4,0.6,8,38
0.7,0.5,0.6,8,39
0.6,0.5,0.5,8,40
0.7,0.4,0.5,8,41
0.7,0.6,0.5,8,42
0.8,0.6,0.7,8,43
0.4,0.3,0.5,8,44
0.6,0.4,0.5,8,45
0.7,0.5,0.6,8,46
0.7,0.5,0.6,8,47
0.7,0.5,0.6,8,48
0.5,0.4,0.5,8,49
0.8,0.7,0.6,8,50
0.7,0.6,0.5,8,51
0.4,0.3,0.4,8,52
0.8,0.6,0.7,8,53
0.6,0.5,0.5,8,54
0.6,0.4,0.5,8,55
0.5,0.3,0.4,8,56
0.6,0.4,0.5,8,57
0.7,0.5,0.6,8,58
0.7,0.5,0.6,8,59
0.8,0.6,0.7,8,60
0.8,0.6,0.7,8,61
0.7,0.5,0.6,8,62
0.8,0.6,0.7,8,63
0.8,0.7,0.6,8,64
0.7,0.5,0.6,8,65
0.7,0.6,0.5,8,66
0.8,0.7,0.9,8,67
0.8,0.7,0.6,8,68
0.6,0.4,0.5,8,69
0.8,0.6,0.7,8,70
0.6,0.4,0.5,8,71
0.7,0.5,0.6,8,72
0.6,0.4,0.5,8,73
0.6,0.4,0.5,8,74
0.6,0.5,0.5,8,75
0.5,0.4,0.5,8,76
0.8,0.7,0.8,8,77
0.7,0.5,0.6,8,78
0.8,0.6,0.7,8,79
0.8,0.6,0.7,8,80
0.6,0.4,0.5,8,81
0.8,0.6,0.7,8,82
0.9,0.7,0.8,8,83
0.4,0.3,0.5,8,84
0.5,0.2,0.4,8,85
0.8,0.6,0.7,8,86
0.4,0.3,0.5,8,87
0.5,0.4,0.5,8,88
0.7,0.6,0.5,8,89
0.5,0.4,0.5,8,90
0.7,0.5,0.6,8,91
0.7,0.5,0.6,8,92
0.7,0.5,0.6,8,93
0.7,0.5,0.6,8,94
0.5,0.4,0.5,8,95
0.8,0.6,0.7,8,96
0.7,0.5,0.6,8,97
0.7,0.5,0.6,8,98
0.5,0.4,0.5,8,99
0.4,0.3,0.5,8,100
0.6,0.5,0.5,8,101
0.8,0.7,0.7,8,102
0.6,0.4,0.5,8,103
0.4,0.3,0.4,8,104
0.6,0.4,0.5,8,105
0.5,0.4,0.5,8,106
0.5,0.3,0.4,8,107
0.7,0.5,0.6,8,108
0.8,0.6,0.7,8,109
0.7,0.5,0.6,8,110
0.8,0.6,0.7,8,111
0.5,0.4,0.5,8,112
0.2,0.1,0.3,8,113
0.4,0.3,0.5,8,114
0.7,0.5,0.6,8,115
0.6,0.4,0.5,8,116
0.5,0.4,0.5,8,117
0.6,0.4,0.5,8,118
0.6,0.4,0.5,8,119
0.6,0.4,0.5,8,120
0.5,0.3,0.4,8,121
0.8,0.6,0.7,8,122
0.4,0.3,0.4,8,123
0.6,0.4,0.5,8,124
0.5,0.4,0.5,8,125
0.5,0.4,0.5,8,126
0.6,0.4,0.5,8,127
0.7,0.6,0.5,8,128
0.5,0.3,0.4,8,129
0.4,0.3,0.5,8,130
0.6,0.4,0.5,8,131
0.4,0.3,0.5,8,132
0.4,0.3,0.5,8,133
0.8,0.6,0.7,8,134
0.8,0.6,0.7,8,135
0.7,0.5,0.6,8,136
0.7,0.5,0.6,8,137
0.7,0.5,0.6,8,138
0.4,0.3,0.5,8,139
0.7,0.6,0.5,8,140
0.4,0.2,0.3,8,141
0.7,0.6,0.7,8,142
0.6,0.5,0.7,8,143
0.8,0.6,0.7,8,144
0.6,0.5,0.5,8,145
0.5,0.3,0.4,8,146
0.5,0.4,0.4,8,147
0.7,0.6,0.5,8,148
0.6,0.4,0.5,8,149
0.5,0.4,0.5,8,150
0.8,0.6,0.7,8,151
0.6,0.4,0.5,8,152
0.7,0.5,0.6,8,153
0.5,0.3,0.4,8,154
0.4,0.2,0.3,8,155
0.5,0.3,0.4,8,156
0.6,0.4,0.5,8,157
0.5,0.4,0.5,8,158
0.7,0.5,0.6,8,159
0.7,0.5,0.6,8,160
0.4,0.3,0.5,8,161
0.4,0.3,0.5,8,162
0.7,0.4,0.5,8,163
0.6,0.4,0.5,8,164
0.7,0.5,0.6,8,165
0.6,0.4,0.5,8,166
0.4,0.3,0.4,8,167
0.8,0.6,0.7,8,168
0.7,0.4,0.6,8,169
0.7,0.5,0.6,8,170
0.9,0.7,0.8,8,171
0.7,0.5,0.6,8,172
0.6,0.5,0.5,8,173
0.5,0.4,0.5,8,174
0.7,0.5,0.6,8,175
0.6,0.4,0.5,8,176
0.8,0.6,0.7,8,177
0.7,0.4,0.5,8,178
0.8,0.6,0.7,8,179
0.4,0.3,0.5,8,180
0.6,0.4,0.5,8,181
0.8,0.7,0.6,8,182
0.4,0.3,0.5,8,183
0.9,0.8,0.7,8,184
0.7,0.5,0.6,8,185
0.4,0.3,0.4,8,186
0.8,0.6,0.7,8,187
0.8,0.7,0.6,8,188
0.4,0.3,0.4,8,189
0.7,0.5,0.6,8,190
0.5,0.4,0.5,8,191
0.6,0.4,0.5,8,192
0.6,0.4,0.5,8,193
0.6,0.5,0.5,8,194
0.6,0.3,0.5,8,195
0.5,0.3,0.4,8,196
0.7,0.5,0.6,8,197
0.8,0.6,0.7,8,198
0.7,0.5,0.6,8,199
0.7,0.5,0.6,8,200
0.7,0.5,0.6,8,201
0.7,0.5,0.6,8,202
0.6,0.5,0.5,8,203
0.7,0.5,0.6,8,204
0.5,0.4,0.5,8,205
0.8,0.7,0.6,8,206
0.6,0.5,0.7,8,207
0.4,0.3,0.5,8,208
0.8,0.6,0.7,8,209
0.6,0.5,0.4,8,210
0.8,0.6,0.7,8,211
0.8,0.6,0.7,8,212
0.6,0.4,0.5,8,213
0.7,0.6,0.5,8,214
0.7,0.5,0.6,8,215
0.5,0.4,0.5,8,216
0.8,0.5,0.6,8,217
0.9,0.7,0.8,8,218
0.5,0.4,0.5,8,219
0.6,0.4,0.5,8,220
0.8,0.6,0.7,8,221
0.8,0.6,0.7,8,222
0.3,0.2,0.2,8,223
0.7,0.5,0.6,8,224
0.7,0.5,0.6,8,225
0.4,0.3,0.5,8,226
0.8,0.5,0.6,8,227
0.7,0.6,0.7,8,228
0.6,0.5,0.5,8,229
0.6,0.4,0.5,8,230
0.8,0.5,0.6,8,231
0.5,0.3,0.4,8,232
0.6,0.4,0.5,8,233
0.6,0.4,0.5,8,234
0.8,0.6,0.7,8,235
0.8,0.6,0.7,8,236
0.6,0.4,0.5,8,237
0.8,0.5,0.6,8,238
0.6,0.4,0.5,8,239
0.8,0.6,0.7,8,240
0.7,0.6,0.5,8,241
0.7,0.5,0.6,8,242
0.8,0.5,0.6,8,243
0.8,0.5,0.6,8,244
0.7,0.4,0.6,8,245
0.6,0.4,0.5,8,246
0.5,0.4,0.5,8,247
0.5,0.3,0.4,8,248
0.8,0.6,0.7,8,249
0.6,0.4,0.5,8,250
0.8,0.6,0.7,8,251
0.7,0.5,0.6,8,252
0.4,0.3,0.4,8,253
0.8,0.6,0.7,8,254
0.7,0.6,0.5,8,255
0.7,0.5,0.6,8,256
0.7,0.6,0.5,8,257
0.6,0.4,0.5,8,258
0.6,0.5,0.5,8,259
0.7,0.5,0.6,8,260
0.9,0.5,0.7,8,261
0.6,0.5,0.5,8,262
0.6,0.4,0.5,8,263
0.7,0.5,0.6,8,264
0.8,0.5,0.7,8,265
0.6,0.4,0.5,8,266
0.8,0.6,0.7,8,267
0.5,0.3,0.4,8,268
0.6,0.4,0.5,8,269
0.4,0.3,0.4,8,270
0.6,0.4,0.5,8,271
0.7,0.5,0.6,8,272
0.8,0.5,0.7,8,273
0.4,0.3,0.5,8,274
0.7,0.5,0.6,8,275
0.4,0.3,0.4,8,276
0.6,0.4,0.5,8,277
0.5,0.4,0.5,8,278
0.4,0.3,0.5,8,279
0.9,0.7,0.8,8,280
0.7,0.5,0.6,8,281
0.4,0.3,0.5,8,282
0.7,0.5,0.6,8,283
0.6,0.4,0.5,8,284
0.7,0.5,0.6,8,285
0.8,0.7,0.6,8,286
0.8,0.6,0.7,8,287
0.6,0.4,0.5,8,288
0.6,0.4,0.5,8,289
0.8,0.6,0.7,8,290
0.6,0.4,0.5,8,291
0.7,0.5,0.6,8,292
0.5,0.3,0.4,8,293
0.6,0.4,0.5,8,294
0.8,0.6,0.7,8,295
0.8,0.7,0.6,8,296
0.4,0.3,0.4,8,297
0.6,0.4,0.5,8,298
0.6,0.4,0.5,8,299
0.6,0.4,0.5,8,300
0.7,0.5,0.6,8,301
0.4,0.3,0.4,8,302
0.8,0.7,0.6,8,303
0.5,0.4,0.5,8,304
0.7,0.5,0.6,8,305
0.6,0.4,0.5,8,306
0.8,0.7,0.6,8,307
0.6,0.5,0.5,8,308
0.5,0.4,0.5,8,309
0.6,0.5,0.5,8,310
0.8,0.6,0.7,8,311
0.5,0.4,0.5,8,312
0.7,0.5,0.6,8,313
0.6,0.4,0.5,8,314
0.5,0.4,0.5,8,315
0.6,0.5,0.5,8,316
0.8,0.6,0.7,8,317
0.6,0.5,0.5,8,318
0.6,0.5,0.5,8,319
0.8,0.5,0.6,8,320
0.3,0.2,0.4,8,321
0.6,0.4,0.5,8,322
0.6,0.4,0.5,8,323
0.6,0.4,0.5,8,324
0.6,0.5,0.6,8,325
0.8,0.7,0.6,8,326
0.7,0.5,0.6,8,327
0.6,0.4,0.5,8,328
0.4,0.3,0.5,8,329
0.8,0.7,0.6,8,330
0.6,0.4,0.5,8,331
0.7,0.5,0.6,8,332
0.5,0.4,0.5,8,333
0.6,0.4,0.5,8,334
0.6,0.4,0.5,8,335
0.8,0.6,0.7,8,336
0.6,0.4,0.5,8,337
0.6,0.4,0.5,8,338
0.5,0.2,0.4,8,339
0.6,0.4,0.5,8,340
0.6,0.4,0.5,8,341
0.6,0.5,0.7,8,342
0.4,0.3,0.4,8,343
0.6,0.5,0.5,8,344
0.8,0.7,0.6,8,345
0.5,0.3,0.4,8,346
0.6,0.4,0.5,8,347
0.8,0.6,0.7,8,348
0.4,0.3,0.4,8,349
0.7,0.5,0.6,8,350
0.6,0.4,0.5,8,351
0.5,0.3,0.4,8,352
0.6,0.4,0.5,8,353
0.8,0.6,0.7,8,354
0.8,0.6,0.7,8,355
0.8,0.6,0.7,8,356
0.7,0.5,0.6,8,357
0.7,0.5,0.6,8,358
0.8,0.5,0.6,8,359
0.6,0.4,0.5,8,360
0.6,0.5,0.5,8,361
0.4,0.3,0.4,8,362
0.5,0.3,0.4,8,363
0.8,0.6,0.7,8,364
0.6,0.5,0.5,8,365
0.6,0.4,0.5,8,366
0.6,0.5,0.5,8,367
0.5,0.4,0.5,8,368
0.7,0.6,0.5,8,369
0.3,0.2,0.4,8,370
0.6,0.4,0.5,8,371
0.3,0.2,0.2,8,372
0.5,0.3,0.4,8,373
0.7,0.4,0.5,8,374
0.7,0.5,0.6,8,375
0.8,0.6,0.7,8,376
0.7,0.5,0.6,8,377
0.6,0.4,0.5,8,378
0.8,0.7,0.7,8,379
0.8,0.7,0.6,8,380
0.7,0.6,0.5,8,381
0.7,0.6,0.5,8,382
0.6,0.4,0.5,8,383
0.7,0.5,0.6,8,384
0.8,0.7,0.6,8,385
0.6,0.4,0.5,8,386
0.8,0.5,0.6,8,387
0.4,0.3,0.5,8,388
0.5,0.4,0.5,8,389
0.6,0.4,0.5,8,390
0.8,0.6,0.7,8,391
0.6,0.4,0.5,8,392
0.6,0.4,0.5,8,393
0.5,0.4,0.5,8,394
0.7,0.5,0.6,8,395
0.4,0.3,0.5,8,396
0.6,0.4,0.5,8,397
0.8,0.7,0.6,8,398
0.7,0.5,0.6,8,399
0.5,0.3,0.4,8,400
0.8,0.7,0.8,8,401
0.8,0.7,0.7,8,402
0.8,0.6,0.7,8,403
0.4,0.3,0.4,8,404
0.6,0.3,0.4,8,405
0.6,0.5,0.5,8,406
0.7,0.5,0.6,8,407
0.4,0.3,0.5,8,408
0.5,0.4,0.5,8,409
0.6,0.4,0.5,8,410
0.7,0.5,0.6,8,411
0.5,0.4,0.4,8,412
0.4,0.3,0.5,8,413
0.5,0.4,0.5,8,414
0.4,0.3,0.4,8,415
0.6,0.4,0.5,8,416
0.5,0.3,0.4,8,417
0.7,0.5,0.6,8,418
0.5,0.3,0.4,8,419
0.4,0.3,0.5,8,420
0.6,0.4,0.5,8,421
0.5,0.4,0.5,8,422
0.7,0.5,0.6,8,423
0.6,0.5,0.7,8,424
0.4,0.3,0.5,8,425
0.6,0.3,0.4,8,426
0.8,0.6,0.7,8,427
0.8,0.7,0.6,8,428
0.6,0.4,0.5,8,429
0.5,0.3,0.4,8,430
0.7,0.6,0.5,8,431
0.6,0.4,0.5,8,432
0.8,0.7,0.8,8,433
0.8,0.6,0.7,8,434
0.7,0.5,0.6,8,435
0.6,0.4,0.5,8,436
0.8,0.7,0.8,8,437
0.8,0.6,0.7,8,438
0.8,0.6,0.7,8,439
0.7,0.5,0.6,8,440
0.7,0.6,0.5,8,441
0.4,0.3,0.5,8,442
0.7,0.5,0.6,8,443
0.8,0.6,0.7,8,444
0.4,0.2,0.3,8,445
0.5,0.4,0.5,8,446
0.6,0.4,0.5,8,447
0.5,0.4,0.5,8,448
0.8,0.7,0.6,8,449
0.6,0.4,0.5,8,450
0.5,0.4,0.5,8,451
0.3,0.2,0.4,8,452
0.8,0.6,0.7,8,453
0.7,0.6,0.8,8,454
0.6,0.3,0.4,8,455
0.7,0.4,0.6,8,456
0.6,0.5,0.4,8,457
0.7,0.6,0.7,8,458
0.6,0.5,0.5,8,459
0.8,0.4,0.7,8,460
0.8,0.7,0.6,8,461
0.5,0.4,0.5,8,462
0.6,0.4,0.5,8,463
0.6,0.3,0.4,8,464
0.7,0.4,0.5,8,465
0.7,0.5,0.6,8,466
0.6,0.4,0.5,8,467
0.7,0.5,0.6,8,468
0.7,0.5,0.6,8,469
0.7,0.5,0.6,8,470
0.8,0.7,0.6,8,471
0.6,0.4,0.5,8,472
0.3,0.2,0.4,8,473
0.6,0.4,0.5,8,474
0.6,0.4,0.5,8,475
0.6,0.5,0.5,8,476
0.6,0.4,0.5,8,477
0.6,0.4,0.5,8,478
0.7,0.5,0.6,8,479
0.6,0.4,0.5,8,480
0.8,0.6,0.7,8,481
0.8,0.6,0.7,8,482
0.3,0.2,0.4,8,483
0.6,0.4,0.5,8,484
0.5,0.4,0.5,8,485
0.4,0.3,0.5,8,486
0.8,0.6,0.7,8,487
0.8,0.6,0.7,8,488
0.5,0.4,0.4,8,489
0.4,0.3,0.4,8,490
0.6,0.5,0.7,8,491
0.6,0.4,0.5,8,492
0.7,0.6,0.5,8,493
0.7,0.5,0.6,8,494
0.6,0.4,0.5,8,495
0.6,0.4,0.5,8,496
0.7,0.5,0.6,8,497
0.5,0.4,0.5,8,498
0.6,0.4,0.5,8,499
