item_id,baseline_similarity,final_similarity,delta_similarity,auc_similarity,linear_slope,linear_slope_early,half_life_episode,half_life_censored,cross_sim_lt_0_80,cross_sim_lt_0_70,semantic_diversity,sentence_count,word_count
0,0.9118511238364502,0.7893595821047092,-0.12249154173174093,0.8294271344986517,-0.007819812691881247,0.009934194846927778,1.0,False,1.0,,0.48706824362686574,5,58
1,0.8802258443697799,0.6029931306838989,-0.277232713685881,0.7720885956350299,-0.03659514457048678,-0.011425342344883432,7.0,False,6.0,7.0,0.5928600566587343,5,48
2,0.9115705761781511,0.8172917609599761,-0.09427881521817494,0.8259302445687902,-0.011947168723945512,-0.0365853204904415,1.0,False,3.0,,0.5196951310425454,5,53
3,0.830337534526735,0.6128400429677956,-0.21749749155893938,0.7204566905304833,-0.02185116205730669,-0.004227971308574106,2.0,False,1.0,4.0,0.6576200288376352,5,46
4,0.8855203253651116,0.876792848110199,-0.00872747725491263,0.8253238494968573,0.003350820294813353,-0.03103514890022711,1.0,False,1.0,,0.6531905953802948,5,32
5,0.5588379405890076,0.6478500962257385,0.08901215563673093,0.635157053712216,0.012606951432665634,0.035472825174630886,0.0,False,0.0,0.0,0.6128189463823407,5,39
6,0.27717007858574916,0.34097801691162744,0.06380793832587828,0.29527374900447484,0.014485197542059434,0.05803347606890232,0.0,False,0.0,0.0,0.7508289995288202,5,38
7,0.8653937658432878,0.6662319898605347,-0.1991617759827531,0.7414531630934121,-0.007738407734363191,-0.04771301067308467,1.0,False,1.0,3.0,0.5699136498493023,5,44
8,0.7891176468659864,0.7252416014671326,-0.06387604539885383,0.7566235996309266,0.0017347141731081847,-0.023173201186503442,2.0,False,0.0,2.0,0.646921477485445,5,42
9,0.7853782176971436,0.7774729364357277,-0.007905281261415875,0.7248765091055591,-0.006037529586592111,-0.03028904036819535,2.0,False,0.0,5.0,0.6428972695109809,5,28
10,0.8346469303755137,0.8980777859687805,0.06343085559326678,0.855866540752259,0.0007266425005841667,-0.0024967946251430832,0.0,False,,,0.6756143784606656,5,36
11,0.8829465578230302,0.7431050539016724,-0.13984150392135786,0.7884627796703567,-0.017495740731217728,-0.05366749972796695,3.0,False,3.0,,0.6010777720619319,5,52
12,0.5101106762886047,0.6349537590173637,0.12484308272875899,0.5755204485345042,0.017736794754508203,0.06066271531890434,0.0,False,0.0,0.0,0.6818978896345627,5,48
13,0.9040622057951827,0.9186924695968628,0.014630263801680088,0.9136646191909618,0.0012138214192994711,0.002497539856399973,0.0,False,,,0.6480224783122516,5,30
14,0.16194088757038116,0.34447260764078,0.18253172007039886,0.24438685109983785,0.019031379821551845,-0.017244044312700366,0.0,False,0.0,0.0,0.7404877588945229,5,48
15,0.8493472933769226,0.7998704314231873,-0.04947686195373535,0.8344793712927518,0.004179514361588964,0.00516993709718649,1.0,False,1.0,,0.5680858239377079,5,26
16,0.8576056020738367,0.7972903489258993,-0.0603152531479374,0.7860804470652966,-0.008748522913750665,-0.0008812141190573292,1.0,False,1.0,,0.4876610117034181,5,37
17,0.8140472658900791,0.6826268637963198,-0.13142040209375938,0.7114589222443487,-0.009561620039525247,-0.02791916991556818,1.0,False,1.0,4.0,0.6479489058132446,5,38
18,0.8769950197336105,0.8023095726966858,-0.0746854470369247,0.7691281106662105,-0.010610616988455711,-0.07675335436906876,1.0,False,1.0,3.0,0.6116008088462163,5,35
19,0.836677635809113,0.8942317633101874,0.05755412750107436,0.840897599280144,0.005538181499896956,-0.001281877844576876,0.0,False,5.0,,0.6506839750687764,5,45
20,0.8600145661822235,0.8817053103955187,0.0216907442132952,0.8453308209489154,-0.002412371465509851,-0.0014754244552672542,0.0,False,7.0,,0.571009916336791,5,61
21,0.5170640811679457,0.5214395237827026,0.004375442614756975,0.5232698875305798,0.007929834934589947,-0.011834240617534809,0.0,False,0.0,0.0,0.7308105787548811,5,43
22,0.8500417977596416,0.780858944135217,-0.06918285362442467,0.827837046693453,-0.0033255405227114307,-0.004834256791437915,1.0,False,8.0,,0.5894930821684661,5,41
23,0.7774863243103027,0.7514179497112079,-0.026068374599094835,0.7434797281779623,0.0025729393147979813,0.005356401249034927,1.0,False,0.0,1.0,0.665257573432372,5,55
24,0.6997269213036861,0.7755564913485357,0.07582957004484958,0.7009551597576528,0.01008973255472226,-6.343892251393528e-05,0.0,False,0.0,0.0,0.6315630664487055,5,41
25,0.794501781463623,0.6462636800847256,-0.14823810137889748,0.6468734340582554,-0.014466376521819532,-0.05070583016393627,1.0,False,0.0,1.0,0.6214207940761554,5,38
26,0.7848362922668457,0.7838658094406128,-0.0009704828262329102,0.7687387613708956,0.0015217366677338427,-0.003002749911105879,3.0,False,0.0,4.0,0.5597868531575708,5,43
27,0.930071234703064,0.8436738159462118,-0.08639741875685214,0.835140032184906,-0.0077797592657294625,-0.037470215620679356,1.0,False,5.0,,0.660652412755529,5,45
28,0.4137991194069125,0.4275255032636377,0.0137263838567252,0.5333144423146202,0.0066407592705199575,0.05893175576893561,0.0,False,0.0,0.0,0.6243940274606119,5,26
29,0.5386641621589661,0.626713752746582,0.08804959058761597,0.5949801257889149,0.02529931351207448,0.03370432595196937,0.0,False,0.0,0.0,0.5264027889918729,5,46
30,0.8308408159518743,0.7960210558194898,-0.034819760132384525,0.7859782935325899,-0.011917035614558489,0.007436041777842664,4.0,False,4.0,4.0,0.6189793664264368,5,44
31,0.8433218002319336,0.8463534116744995,0.003031611442565918,0.8442344842210964,-0.003176530559992193,-0.020940778219616242,0.0,False,,,0.5635462469745003,5,38
32,0.8158440589904785,0.8364229451543974,0.020578886163918897,0.8207819948006037,0.003585321656585315,-0.010021564322425168,0.0,False,3.0,,0.6907575823043849,5,52
33,0.7927113051838475,0.7287429030605795,-0.06396840212326793,0.7114884850305517,-0.01108973883606918,-0.014667179473009629,1.0,False,0.0,4.0,0.4970421771261659,5,32
34,0.8419468998908997,0.826199471950531,-0.015747427940368652,0.8138175284454581,0.0006541686577789416,-0.003220986522195733,1.0,False,2.0,,0.5150057976316437,5,59
35,0.8028946401414075,0.7294748481638623,-0.07341979197754522,0.7338421464444171,-0.01305630107742904,-0.04589044821862538,3.0,False,1.0,3.0,0.528466399989707,5,54
36,0.7822431792165758,0.8496812492419049,0.06743807002532909,0.8336656520393724,0.004791035961262421,0.011254096596792374,0.0,False,0.0,,0.6247167620526584,5,31
37,0.7803042400064625,0.854565049843939,0.07426080983747652,0.7872677269488482,0.0048118926485605455,-0.005478014240340271,0.0,False,0.0,,0.6058129694472973,5,33
38,0.8586457883504518,0.6592238545417786,-0.19942193380867324,0.683122697011388,-0.014604891638948824,-0.08555535687837292,2.0,False,2.0,2.0,0.568121503320571,5,37
39,0.740620873588946,0.8028206707728324,0.06219979718388635,0.7397181626720128,6.927139798375188e-05,-0.007541035883974035,0.0,False,0.0,7.0,0.6848256547000574,5,51
40,0.757499211653958,0.7541141734753306,-0.003385038178627342,0.7241170977013867,0.0011900779873884114,-0.007462944595822881,1.0,False,0.0,1.0,0.4667801099946568,5,53
41,0.755505383014679,0.7511541395691563,-0.004351243445522623,0.7602265407736327,-0.007381073152938266,0.015825637781599292,6.0,False,0.0,6.0,0.66606243661597,5,30
42,0.753393016856701,0.6434500409200803,-0.10994297593662072,0.7075446297559396,-0.0016444233705011808,-0.008491565220901042,1.0,False,0.0,1.0,0.47121528947084473,5,48
43,0.8612927711780546,0.7408824408580341,-0.12041033032002046,0.7130863334323416,-0.026232112690661755,-0.039497179998588094,2.0,False,2.0,4.0,0.5487967085625993,5,35
44,0.7743808358169654,0.6756879695374965,-0.09869286627946883,0.6804758934934959,-0.014613553724702768,-0.05406718935120573,3.0,False,0.0,3.0,0.5808820972376871,5,27
45,0.822269082069397,0.6282398700714111,-0.19402921199798584,0.6859160633050897,-0.015364384475489101,0.0027022396677021123,1.0,False,1.0,1.0,0.5772799224253788,5,58
46,0.8951181110810124,0.8668969869613647,-0.02822112411964761,0.8529752532248333,0.0018036536417627368,-0.030716529463711072,1.0,False,3.0,,0.6343164157280194,5,41
47,0.7410807609558105,0.7401792031579976,-0.0009015577978129796,0.7512780915961721,0.0010748533995164494,-0.01133450865745557,2.0,False,0.0,,0.6038262723840543,5,40
48,0.49976643921336983,0.46989768922938846,-0.02986874998398137,0.5412193206349974,-0.0020560337714241373,-0.014288145653664968,2.0,False,0.0,0.0,0.6686242949026482,5,35
49,0.6968500198811293,0.7421654020449293,0.045315382163800044,0.6986358966359452,0.00146650921327689,0.02077483593012103,0.0,False,0.0,0.0,0.5488410202921097,5,43
50,0.8611088055702691,0.5958584547042847,-0.2652503508659845,0.7309974836744689,-0.0120971349529986,-0.08840488775179492,1.0,False,1.0,1.0,0.6979718074629856,5,42
51,0.7677228450775146,0.7410521661608134,-0.026670678916701274,0.7941160192470114,-0.006860686133343091,-0.00980562063647417,3.0,False,0.0,,0.7470824749683456,5,41
52,0.8026290653569078,0.725538432598114,-0.0770906327587938,0.8364618514832665,-0.007877948244772476,0.014446979756987355,8.0,False,7.0,,0.7094071546762486,5,53
53,0.8131729606739573,0.6972745656967163,-0.11589839497724097,0.7053490904078648,-0.013648030784076469,-0.07260554563855824,2.0,False,2.0,2.0,0.7206605745156163,5,64
54,0.3312808573246002,0.361456730278926,0.030175872954325778,0.34140353610694685,0.0038521265210625663,-0.00837053464250053,0.0,False,0.0,0.0,0.6659226524713968,5,49
55,0.868279985682965,0.8231046690407213,-0.045175316642243724,0.8423027487637913,-0.00994349923084253,0.003392448139132111,4.0,False,5.0,,0.6256655414870721,5,46
56,0.7533774004393045,0.7809019917518497,0.027524591312545255,0.7566982378523233,0.006258110262166735,0.010241355328559843,0.0,False,0.0,1.0,0.7045309276428007,5,31
57,0.8660331884642372,0.7296194055563038,-0.13641378290793338,0.7816482948736215,-0.026668860730771505,-0.006203525613376331,5.0,False,5.0,5.0,0.6417999951699427,5,46
58,0.7195138335227966,0.7389428459967892,0.019429012473992535,0.7931718522055589,0.0005924394941250375,0.017675819285336222,0.0,False,0.0,,0.5086092647895093,5,44
59,0.7522155790200498,0.6666906476020813,-0.08552493141796846,0.6848095638746367,-0.01541400144241096,-0.006717531015361869,4.0,False,0.0,4.0,0.7069109425441885,5,45
60,0.9030763776027081,0.9168276786804199,0.01375130107771183,0.8903895373075829,0.0020509025119278272,-0.027805801359502235,0.0,False,,,0.5446047753919968,5,39
61,0.7869100101643809,0.752654626807296,-0.03425538335708489,0.7699743602566829,0.002183320630612593,-0.027014647844057695,2.0,False,0.0,2.0,0.5529827157361851,5,36
62,0.9077044670405683,0.9232234909071635,0.015519023866595205,0.905004016057227,-0.006945461069393245,0.001997526589013672,0.0,False,,,0.5893744742772723,5,43
63,0.8983882605068855,0.6829816117568293,-0.21540664875005622,0.8278244431732229,-0.012303222719673688,-0.014768649027863321,6.0,False,6.0,8.0,0.6977374556398472,5,44
64,0.8566226448641646,0.6134423613548279,-0.24318028350933674,0.7366368117821043,-0.02625225541344243,-0.040235676945043604,2.0,False,2.0,2.0,0.6350477256983458,5,39
65,0.8992625595018261,0.7767237291767449,-0.12253883032508117,0.8023620076650586,-0.00766669833678321,-0.04259663158131174,2.0,False,3.0,4.0,0.6512878171154532,5,40
66,0.9101902788990919,0.864133886345262,-0.04605639255382987,0.7810074282908481,-0.007329959984428485,-0.04614784958966794,1.0,False,1.0,,0.7734190628150657,5,32
67,0.8976081074709844,0.8422985264899163,-0.055309580981068085,0.8674727566647988,-0.002378120025221396,-0.010900427609086239,3.0,False,4.0,,0.5533736282967736,5,59
68,0.7648573517799377,0.5851507434159084,-0.1797066083640293,0.7907977567021474,-0.016109379135639097,0.03116710270830042,8.0,False,0.0,8.0,0.41298333504380524,5,65
69,0.8742721676826477,0.8499869361515924,-0.02428523153105533,0.7775068326203841,-0.0045552816520966835,-0.04980468496931293,1.0,False,2.0,4.0,0.5418821408935115,5,44
70,0.8022513389587402,0.7448967917232753,-0.05735454723546496,0.8023159202153923,-0.0033672152521338197,0.003090859802762326,5.0,False,4.0,,0.5703737429760214,5,52
71,0.8954550561580111,0.8025996685028076,-0.09285538765520351,0.8240854778251709,-0.008702793702699397,-0.049178352856133124,2.0,False,3.0,,0.6353832193990835,5,43
72,0.8439663145562238,0.8729197382926941,0.028953423736470252,0.8483860692778987,0.007210187565753738,0.01123982951417414,0.0,False,1.0,,0.5882663222558963,5,57
73,0.7402664136569059,0.8242622122608312,0.08399579860392525,0.7331497121922932,0.009579532283233739,0.029064224479382967,0.0,False,0.0,1.0,0.714354686383752,5,45
74,0.9354526477512608,0.8079950327876205,-0.12745761496364028,0.8737759265302344,-0.008557559203133978,-0.007220350293156423,1.0,False,4.0,,0.6482180135771912,5,40
75,0.8507698267239451,0.8550242868051373,0.004254460081192235,0.781661116653871,0.005752983846899662,-0.08817973925486476,0.0,False,1.0,3.0,0.659654042332195,5,36
76,0.7768751382827759,0.7210978269577026,-0.05577731132507324,0.7266734799692494,0.00649843495486434,-0.034316041237847164,1.0,False,0.0,2.0,0.29380915663094287,5,35
77,0.8476613759994507,0.8481778755241003,0.0005164995246496051,0.8320306449138046,-0.003752154578573549,-0.0295065760612489,0.0,False,3.0,,0.6200963173232981,5,40
78,0.9060293436050415,0.9142071281137211,0.008177784508679564,0.8858348107998428,0.0016850435143568958,-0.01142818987226394,0.0,False,,,0.5297373937157672,5,46
79,0.8351893673893624,0.8236499428749084,-0.011539424514454,0.8143345647237968,-0.006504194809816707,-0.00539862804452769,3.0,False,5.0,,0.7057572586284969,5,43
80,0.6781940460205078,0.6471534581688977,-0.031040587851610124,0.6915423697619109,-0.007516124188987199,0.0023702679795934442,6.0,False,0.0,0.0,0.641331860503368,5,52
81,0.8886777361045279,0.8458737387023494,-0.04280399740217855,0.8276922203249358,-0.005636974722786131,-0.021904758745451322,1.0,False,3.0,,0.6722541739445301,5,45
82,0.5493095785790942,0.5465842485427856,-0.002725330036308593,0.6032349439985962,0.003753343508219667,0.02140749103252852,2.0,False,0.0,0.0,0.7105262279166633,5,32
83,0.9271084346505537,0.702148300537367,-0.22496013411318672,0.8181978159675088,-0.031090299694110164,-0.011904448089457413,4.0,False,4.0,6.0,0.7373005462867182,5,31
84,0.7684501638546638,0.7484726905822754,-0.019977473272388413,0.7646335140703155,-0.00893992956990336,0.01814203912443038,1.0,False,0.0,6.0,0.571955386425139,5,30
85,0.7141292308011425,0.7202548217925336,0.006125590991391094,0.7212582923220886,0.0005529280665563088,0.00022619820934403277,0.0,False,0.0,7.0,0.5060181265254148,5,31
86,0.7563466059072798,0.518839613164652,-0.23750699274262776,0.7085876741119005,-0.023911287724294957,-0.0004998811919117559,7.0,False,0.0,6.0,0.6563718178104463,5,32
87,0.8448780590150486,0.7590435743331909,-0.08583448468185773,0.7807044164619108,-0.00454821099943071,-0.024720716844730376,1.0,False,1.0,,0.4617661419533944,5,62
88,0.8402416014815346,0.7854731785184038,-0.05476842296313078,0.8207229588048112,-0.0049726519012544814,-0.009960753319308464,3.0,False,4.0,,0.6240772686937082,5,50
89,0.8507468700408936,0.76634681224823,-0.08440005779266357,0.7816414384691761,-0.0188524606125879,-0.02394429034472654,3.0,False,3.0,4.0,0.520009948518334,5,47
90,0.8236538171768188,0.5715614897943441,-0.2520923273824748,0.7389992691607068,-0.015166086667531734,-0.005094194412231526,4.0,False,1.0,4.0,0.5748865806708633,5,42
91,0.8575528860092163,0.7258690595626831,-0.1316838264465332,0.7027028488481378,-0.018801301620368912,-0.08766836705222712,1.0,False,1.0,3.0,0.7204604192516757,5,46
92,0.9474157691001892,0.8283553821828749,-0.11906038691731435,0.8619658678078295,-0.010263759408735909,-0.0448074602733414,2.0,False,,,0.6140911847116779,5,41
93,0.7987716197967529,0.7900916337966919,-0.008679986000061035,0.7536721393244901,-0.005663907255173247,-0.014212699718692422,2.0,False,0.0,5.0,0.8125299865658174,5,51
94,0.7197033762931824,0.7480441554797937,0.028340779186611376,0.7024334738953195,0.005388003128438911,0.005513179302215518,0.0,False,0.0,1.0,0.6229285393716604,5,39
95,0.8319376606904081,0.804914105231412,-0.02702355545899604,0.8172220458482914,0.0019334623351050582,-0.008573069949973571,1.0,False,1.0,,0.5947604017927879,5,37
96,0.8947868347167969,0.8306297311374469,-0.06415710357935,0.848264669618438,-0.004494356728586455,-0.013833223233158708,1.0,False,,,0.6175331365664108,5,52
97,0.7669598092722839,0.6025871814068314,-0.16437262786545248,0.7295045805887911,-0.016610703141508133,0.007179361561954851,5.0,False,0.0,5.0,0.4484599416763372,5,49
98,0.3744374252352811,0.46373264383472956,0.08929521859944844,0.4650594410678546,0.0019765917878042127,0.020372864476156053,0.0,False,0.0,0.0,0.7811783346147383,5,37
99,0.7766191230189291,0.7990164756774902,0.02239735265856113,0.7053297667341432,0.0059598760960845095,-0.021350229199450718,0.0,False,0.0,1.0,0.5880116851511475,5,50
100,0.9075503404408507,0.8678339719772339,-0.039716368463616814,0.8659104590644626,-0.0072177553086305865,-0.019661640615909352,3.0,False,6.0,,0.6333605698050622,5,44
101,0.9226656052272856,0.8488462567329407,-0.0738193484943449,0.8855832346356475,-0.004121187343925353,-0.015378745935665631,2.0,False,,,0.6274236867296158,5,58
102,0.819132734485433,0.8555109159800687,0.036378181494635675,0.8157537408900692,0.0028945041689832224,-0.00892897415365021,0.0,False,3.0,,0.6579289981796375,5,32
103,0.7497868537902832,0.8141314033905094,0.06434454960022618,0.7693181475242075,0.009956870341231711,6.991624832145307e-05,0.0,False,0.0,,0.5619084103933789,5,33
104,0.8193196302449597,0.8450115919113159,0.025691961666356233,0.7829566462108084,0.005923103354983312,-0.01076840239542835,0.0,False,1.0,4.0,0.6940690477960344,5,49
105,0.8120549917221069,0.8310363989450709,0.01898140722296393,0.8549796454738253,0.0029491589504645715,0.004842016895549029,0.0,False,,,0.6393320009075122,5,29
106,0.8457139730453491,0.5907661074856594,-0.25494786555968973,0.6546834343892888,-0.018593114826937502,-0.10861716430918393,2.0,False,1.0,2.0,0.43086505246330553,5,33
107,0.6922416687011719,0.6488873362541199,-0.043354332447052,0.671016469217587,-0.0030560204773308016,-0.03788766137662714,2.0,False,0.0,0.0,0.6525041177982226,5,42
108,0.7416476011276245,0.7754449844360352,0.033797383308410645,0.7598960784694929,0.0012681484638779926,0.004809120636570825,0.0,False,0.0,,0.6015813605672099,5,31
109,0.8567297458648682,0.7596678733825684,-0.0970618724822998,0.7865355975072527,-0.0007550006373366247,-0.0012097987810205906,1.0,False,1.0,4.0,0.5570780644269906,5,40
110,0.8566988195956472,0.8768552165886513,0.02015639699300409,0.8654861534605776,-0.0006047529970294075,0.007220237933172707,0.0,False,,,0.6556552235276187,5,26
111,0.8730007410049438,0.7834235429763794,-0.08957719802856445,0.8163934427299128,-0.009012530743170693,-0.0246683895587922,2.0,False,2.0,,0.6242488083937431,5,50
112,0.7593586075114792,0.7059531422243461,-0.05340546528713308,0.734864073360076,-0.003923380169231119,-0.028491026858593903,2.0,False,0.0,3.0,0.6890610293544914,5,43
113,0.7860052819849638,0.7346147517745126,-0.051390530210451146,0.7480094072282281,-4.0637313172415156e-05,-0.013650348398536119,1.0,False,0.0,2.0,0.5828284272528551,5,39
114,0.87294602394104,0.8594681024551392,-0.013477921485900879,0.7816422166478951,0.004624876919432131,0.0019504777178131602,1.0,False,1.0,1.0,0.5607716888072019,5,43
115,0.599362152795856,0.5896449264778177,-0.009717226318038286,0.6154604040940864,-0.008001900030631278,0.007655904858430932,5.0,False,0.0,0.0,0.6778611068408896,5,42
116,0.8604658246040344,0.8627409338951111,0.00227510929107666,0.8341162420418091,-0.003722722719738026,0.003118057245921447,0.0,False,4.0,,0.6458929734749181,5,49
117,0.6984913169438445,0.8299189355896985,0.13142761864585406,0.7678988208621879,0.008581692736931632,-0.004151010371412087,0.0,False,0.0,0.0,0.67389157599643,5,55
118,0.6613159775733948,0.7475964426994324,0.0862804651260376,0.6745988549364914,0.005216895190079271,0.006605589389800989,0.0,False,0.0,0.0,0.6177435648060047,5,42
119,0.7601399731802962,0.5971489548683167,-0.1629910183119796,0.765545203951263,-0.013684845492300233,-0.02503778738321079,3.0,False,0.0,3.0,0.5175060650343795,5,67
120,0.8292432427406311,0.8574308156967163,0.028187572956085205,0.8163366264834456,-0.007303824847082873,-0.021189383746680557,0.0,False,3.0,,0.5636815859177505,5,51
121,0.7917046546936035,0.7313194870948792,-0.060385167598724365,0.7822810553234492,-0.011794469753901245,0.023162198066711263,5.0,False,0.0,6.0,0.46571878085563556,5,61
122,0.7432205983137424,0.4587130571178768,-0.28450754119586563,0.5787456271882462,-0.040215364472342065,-0.04887848759158903,2.0,False,0.0,2.0,0.7066768633687899,5,51
123,0.8193208682941887,0.7207869624153471,-0.09853390587884159,0.70561800828233,-0.008623888115927379,-0.06544264282010477,2.0,False,1.0,2.0,0.5945763535179853,5,39
124,0.9172676801681519,0.871575117111206,-0.0456925630569458,0.8900264016572833,-0.0012712857412198058,0.002247993792790406,1.0,False,,,0.6203466991567079,5,50
125,0.7092634439468384,0.6174737215042114,-0.09178972244262695,0.6327154494577211,-0.005666572561189729,-0.035369529732043714,1.0,False,0.0,1.0,0.5516585538232965,5,37
126,0.8766701221466064,0.8910531932743323,0.014383071127725855,0.8087907652360244,0.000520654841046057,-0.040062143882974764,0.0,False,2.0,,0.4100750659972638,5,47
127,0.8389686346054077,0.7797987693488234,-0.0591698652565843,0.721657781483113,-0.014343229354836869,-0.014053326845169174,1.0,False,1.0,4.0,0.5124655836042891,5,44
128,0.8358104727155267,0.8197546386426314,-0.016055834072895236,0.8190924844159224,-0.003984410528731656,-0.0005796134817370995,2.0,False,2.0,,0.4933663446731524,5,50
129,0.7970602512359619,0.6808971965580346,-0.11616305467792731,0.6927091670847524,-0.013662825342473076,-0.0420926868915559,2.0,False,0.0,2.0,0.7800801429538297,5,41
130,0.54335631559361,0.5126981888025461,-0.030658126791063833,0.5354545612729491,0.003059309765066269,0.0050665606017527495,1.0,False,0.0,0.0,0.7236569643141177,5,48
131,0.8696075081825256,0.7464784383773804,-0.12312906980514526,0.7567507830964488,-0.007135960259686325,-0.05252458959460647,1.0,False,2.0,2.0,0.5970941492691606,5,40
132,0.8490903377532959,0.835730781300712,-0.01335955645258391,0.8386085118214863,-0.0015495611459446792,0.007352471351623363,2.0,False,5.0,,0.6860061361759822,5,39
133,0.7141643592217195,0.6882317476410728,-0.025932611580646747,0.6815431922942503,0.0030469553950863023,-0.023760071239014923,2.0,False,0.0,2.0,0.5731980440536718,5,41
134,0.7573186610531022,0.8083881621592156,0.05106950110611341,0.7896881571060357,-7.98853132516371e-05,0.02271312842647976,0.0,False,0.0,,0.638018292915819,5,60
135,0.6192288171785376,0.5403820437306777,-0.07884677344785995,0.5675883327894686,-0.009663974236424127,-0.008307222626872118,2.0,False,0.0,0.0,0.7817211792374266,5,57
136,0.7759158246492098,0.704715332529406,-0.07120049211980384,0.7275141735968663,-0.010003012820981746,0.0004818169571996498,4.0,False,0.0,4.0,0.5881727648944748,5,35
137,0.7382779717445374,0.7592202651268326,0.02094229338229525,0.767931703586292,0.004380702087560553,0.018672365347732037,0.0,False,0.0,,0.5339184293838407,5,43
138,0.8864380121231079,0.8325637578964233,-0.05387425422668457,0.8439116128827947,-0.007996746534906837,0.006051160753193803,1.0,False,7.0,,0.6775120329085405,5,50
139,0.7168733477592468,0.7290427684783936,0.012169420719146729,0.7071189995996657,0.0018557912275912795,-0.012876046059047432,0.0,False,0.0,3.0,0.7011814565568869,5,29
140,0.9469284383611957,0.6168816641165339,-0.3300467742446618,0.6687882468027317,-0.03317495076995952,-0.06860139618447415,1.0,False,1.0,1.0,0.5519853197960933,5,42
141,0.7869046457466708,0.5774167948191405,-0.2094878509275303,0.7646601115646974,-0.017944057809844538,0.012863848047742576,8.0,False,0.0,8.0,0.6013952414516326,5,46
142,0.914689741851966,0.9003347426752674,-0.01435499917669869,0.8841093261632177,-0.006561986723544388,-0.011319735033740553,2.0,False,5.0,,0.43753245885100467,5,35
143,0.8025129080567635,0.6045002285689344,-0.19801267948782908,0.6322526348333896,-0.012480180711538984,-0.027761893191124036,1.0,False,1.0,1.0,0.6252792004808013,5,33
144,0.8329079151153564,0.7761068575414082,-0.056801057573948266,0.7283591865919148,-0.0018232465089336246,-0.02543120922420356,1.0,False,1.0,1.0,0.652441454951597,5,41
145,0.8338696956634521,0.7611742758051007,-0.07269541985835148,0.7589316812627948,-0.024804553813099376,-0.002712405728975031,5.0,False,5.0,5.0,0.37951252029509686,5,45
146,0.837380051612854,0.848166209240706,0.010786157627851956,0.8475030042997168,-0.0006170245993531042,0.013177087264065624,0.0,False,,,0.6360992374538664,5,59
147,0.7422455770446535,0.6421956206676745,-0.100049956376979,0.6194985582354425,-0.007485467136077848,-0.06418301654407443,1.0,False,0.0,1.0,0.5912680466713185,5,40
148,0.6371371150016785,0.5859841457595922,-0.05115296924208623,0.6060643714625625,-0.0059654104986252895,0.0037466747010692094,5.0,False,0.0,0.0,0.5616214925271907,5,40
149,0.7695582371686852,0.7315223435021149,-0.03803589366657034,0.7583705217360831,-0.0033475723361089276,-0.005195314766848077,2.0,False,0.0,2.0,0.5837123758967937,5,57
150,0.8432125700477535,0.7729812359495106,-0.07023133409824289,0.8437714312185894,-0.006286952300645369,-0.0003675844522472526,8.0,False,8.0,,0.6351376461787399,5,46
151,0.886949896812439,0.8889134658678278,0.0019635690553888585,0.8722656012497992,0.0007691956857964455,0.0021929868336478726,0.0,False,,,0.5556215053851684,5,41
152,0.8689707180550912,0.8528625623244814,-0.016108155730609752,0.8267767555731624,-0.003512136078703812,0.01416815046197349,1.0,False,1.0,,0.6398654704697456,5,54
153,0.6282977053015744,0.6395231866552357,0.011225481353661304,0.6458057264002581,-0.0007189043129125862,0.012683254858352306,0.0,False,0.0,0.0,0.6614973985566202,5,41
154,0.8811932802200317,0.8250923857037806,-0.05610089451625111,0.8691988230255304,-0.0064832761237751165,-0.00020408630371105893,4.0,False,4.0,,0.7505770837564125,5,28
155,0.8578694462776184,0.8556687745850563,-0.002200671692562106,0.7845979811867829,-0.014717467210489676,-0.007309498960857403,3.0,False,4.0,4.0,0.5841478540547563,5,41
156,0.665759801864624,0.6182647943496704,-0.04749500751495361,0.6274397379263805,-0.003065188348090212,-0.020804363912737038,1.0,False,0.0,0.0,0.627709138964636,5,32
157,0.7476814539622407,0.5741244896724527,-0.17355696428978806,0.6578094729853573,-0.0165004977419634,-0.03952111089366212,2.0,False,0.0,2.0,0.6326372826035738,5,61
158,0.7984811067581177,0.7863933082340157,-0.012087798524102022,0.7480939643711383,-0.008029777156334447,-0.010852098916244897,1.0,False,0.0,5.0,0.6659597844901788,5,29
159,0.9297830420603198,0.8891363673887488,-0.040646674671571015,0.8521381931099556,-0.009622420991766096,-0.020516176254521606,1.0,False,5.0,,0.561390446180671,5,64
160,0.8712268471717834,0.7935436964035034,-0.07768315076828003,0.8041691825455304,-0.005731018338077502,-0.036469959001476454,1.0,False,1.0,,0.6426755409901542,5,39
161,0.6060099782350655,0.42094764896759407,-0.18506232926747146,0.47816483972194923,-0.020155545851807195,-5.225219530310567e-06,1.0,False,0.0,0.0,0.6542424510364547,5,46
162,0.6930678439615162,0.8130411021088911,0.11997325814737492,0.7317924526594397,0.012512195390540659,0.039226266772286404,0.0,False,0.0,0.0,0.5952522388824734,5,48
163,0.7208202529686945,0.8556182639485084,0.13479801097981392,0.7750004215211446,0.0002716062735529402,0.02460192418425514,0.0,False,0.0,7.0,0.618192009228405,5,44
164,0.5656528472900391,0.6790733337402344,0.11342048645019531,0.6441832008584414,0.0005069475384488632,0.019947490402424117,0.0,False,0.0,0.0,0.8091860615847392,5,26
165,0.776011480330738,0.8557541370391846,0.0797426567084466,0.83855619093364,0.005808716306704257,0.022469592557829227,0.0,False,0.0,,0.7730627364556926,5,39
166,0.7421051263809204,0.7447458949533652,0.002640768572444774,0.7347126528191181,-0.004654495827310142,-0.005145056307003326,0.0,False,0.0,4.0,0.6366251768333091,5,40
167,0.8159065356310301,0.7686659097671509,-0.047240625863879226,0.7847309213949045,-0.008903829643503352,-0.009820285751107317,3.0,False,3.0,5.0,0.5738644678131716,5,47
168,0.6131647825241089,0.6804047417399454,0.06723995921583648,0.7121663691717858,-0.001890931466526626,0.04474351713705923,0.0,False,0.0,0.0,0.5080729238229658,5,34
169,0.496111690766317,0.3649338862339333,-0.1311778045323837,0.39093052602226547,9.415480872835988e-05,-0.046895596887641916,1.0,False,0.0,0.0,0.7517599565131375,5,27
170,0.8024783373617634,0.7240255310550662,-0.07845280630669726,0.706636244612803,-0.006383093682647085,-0.057611113813648085,1.0,False,1.0,3.0,0.6964690155573845,5,43
171,0.8446363462399351,0.9070704579353333,0.06243411169539814,0.8674177162383687,0.011521246078095527,0.009681439913838238,0.0,False,2.0,,0.4730100124504082,5,49
172,0.706768274307251,0.8637100972956492,0.1569418229883982,0.769308067593857,0.020175964441103887,0.021712493798607777,0.0,False,0.0,1.0,0.7579591857768341,5,36
173,0.9177852223983556,0.7144349856169537,-0.20335023678140185,0.7736751856878015,-0.01361748996390564,-0.023284489471368755,1.0,False,1.0,,0.6896854193337982,5,47
174,0.7622441366009929,0.6860037446022034,-0.07624039199878951,0.7124394392369636,-0.015065731294297979,0.00789055903327786,2.0,False,0.0,2.0,0.5749990095734752,5,29
175,0.5364931981710555,0.4553959641096579,-0.08109723406139757,0.49132904432267943,-0.006000516425924236,0.002636745650671257,1.0,False,0.0,0.0,0.7498384237744287,5,40
176,0.7091180893515975,0.7878420587731024,0.07872396942150495,0.7063055515333686,0.013304758945212583,0.0033725658537124693,0.0,False,0.0,1.0,0.5239854154739306,5,42
177,0.7945702075958252,0.5358716249465942,-0.25869858264923096,0.5938595499685555,-0.014841374250121595,-0.10097253609033685,1.0,False,0.0,1.0,0.6803213031951669,5,44
178,0.9015088618701034,0.8667207956314087,-0.03478806623869468,0.860155717859127,-0.005191433257657431,-0.010099203249510618,1.0,False,,,0.5411420068094096,5,44
179,0.8519971370697021,0.7207375764846802,-0.13125956058502197,0.7745008944203797,-0.011004660161105044,-0.020385650509748297,2.0,False,1.0,,0.6247730646036371,5,33
180,0.7937016600699749,0.743613309587241,-0.05008835048273386,0.7446289448543939,-0.010143043945242363,-0.014810647598857118,2.0,False,0.0,6.0,0.5270566533899774,5,34
181,0.9194521903991699,0.8574885129928589,-0.061963677406311035,0.8944721303659144,-0.0035197153514949396,-0.014067650796789278,3.0,False,,,0.3895314634164391,5,38
182,0.7273992354332747,0.7271270751953125,-0.00027216023796217126,0.6978227132563204,0.0030592610708359115,-0.020530648737258315,1.0,False,0.0,1.0,0.7107142177850466,5,41
183,0.7575075770910051,0.5641999244689941,-0.193307652622011,0.6266184804575504,-0.01089768314585339,-0.047443256027647186,1.0,False,0.0,1.0,0.6370863345416893,5,30
184,0.8684099912643433,0.7815879816290138,-0.08682200963532949,0.8141462455169388,-0.01695512901583612,-0.0012392079403272763,1.0,False,6.0,7.0,0.7303538939726815,5,44
185,0.8058483004570007,0.4735604665744446,-0.3322878338825561,0.7090266037598407,-0.02046001331180559,-0.03117674336372839,1.0,False,1.0,1.0,0.46688855004301777,5,37
186,0.8466143860404014,0.7125523090362549,-0.13406207700414652,0.738029628109713,-0.013290331064500643,-0.0531494812115874,2.0,False,1.0,3.0,0.6033332614621967,5,37
187,0.6736063166622124,0.6203402280807495,-0.05326608858146287,0.5687939549917836,-0.004168019492243475,-0.017746089696310724,1.0,False,0.0,0.0,0.659251812651408,5,43
188,0.759597659111023,0.6412975979238036,-0.11830006118721936,0.7244378939520915,-0.008738646673254998,0.007981901187332947,1.0,False,0.0,1.0,0.3893160014610445,5,51
189,0.6962517499923706,0.6262910143310447,-0.06996073566132588,0.6305535730370057,-0.0009369427198534454,-0.020097798443504435,1.0,False,0.0,0.0,0.6603979116137099,5,38
190,0.7917025089263916,0.7518565058708191,-0.03984600305557251,0.6479745018104376,-0.004834214178504012,-0.051546319194282646,1.0,False,0.0,1.0,0.7584700361867398,5,48
191,0.5211314558982849,0.6401634216308594,0.11903196573257446,0.5988415699293126,0.011708022098290376,0.02877177900862219,0.0,False,0.0,0.0,0.6943029118248578,5,37
192,0.855546287032742,0.8286586999893188,-0.0268875870434232,0.8201969956444621,-0.005172410190772081,-0.010910089579144603,1.0,False,5.0,,0.6452687558835124,5,35
193,0.626623388524957,0.5713346770803537,-0.055288711444603345,0.5868057268898932,0.0022626318345218338,-8.21730507850243e-05,1.0,False,0.0,0.0,0.49913917740786323,5,46
194,0.5678362846374512,0.5306417346000671,-0.03719455003738403,0.5670133856791756,-0.0004947701057934976,0.021654109412121415,1.0,False,0.0,0.0,0.688617821560407,5,34
195,0.7929189205169678,0.6541885137557983,-0.13873040676116943,0.7561036662851026,-0.017324839844853133,-0.008676008159928014,6.0,False,0.0,6.0,0.5139116625258737,5,27
196,0.7911751643702221,0.6309217214584351,-0.160253442911787,0.7226824977048595,-0.017560835228219437,-0.03444362987409359,4.0,False,0.0,4.0,0.5963000507754346,5,53
197,0.8267526626586914,0.8400729548952868,0.013320292236595366,0.8116831692620812,-0.0047072505102080135,-0.007900333404541054,0.0,False,7.0,,0.7536707347499985,5,47
198,0.6591336930314498,0.6013481020927429,-0.05778559093870683,0.6185260978825353,-0.010757866880854703,-0.035762148836560134,3.0,False,0.0,0.0,0.6327514035829579,5,60
199,0.8457072033198838,0.8444529334711705,-0.001254269848713352,0.8366732093160315,0.002319398106691056,-0.0028496941646537982,1.0,False,2.0,,0.5658552672072096,5,52
200,0.9013172001824296,0.7727611986114078,-0.12855600157102176,0.8600126162764963,-0.01469338728634009,-0.014520373354347674,5.0,False,8.0,,0.48668443117265464,5,50
201,0.8630670309066772,0.7158766984939575,-0.14719033241271973,0.6654375174743293,0.00688925225165194,-0.07104284691079013,1.0,False,1.0,1.0,0.717913922563737,5,62
202,0.6209808588027954,0.7006843090057373,0.0797034502029419,0.6231140671594431,0.018386194785607542,-0.012083537923650522,0.0,False,0.0,0.0,0.5732047031432825,5,39
203,0.8629856027952211,0.8199635255358516,-0.04302207725936946,0.8245100723378398,0.0017006177322187275,-0.029595482229419257,1.0,False,1.0,,0.5857289119177301,5,50
204,0.578551173210144,0.6378383256293353,0.05928715241919125,0.6172817148166909,0.002328300523216795,-0.0038570344448089974,0.0,False,0.0,0.0,0.7132855559120561,5,46
205,0.8704884052276611,0.8366502523422241,-0.03383815288543701,0.8342882600947205,-0.005645394322690083,0.002341172913207553,1.0,False,4.0,,0.5671301759942059,5,57
206,0.8595637595393529,0.8238920464451356,-0.03567171309421735,0.7434163043178676,-0.00048589902898826245,-0.05550313050836187,1.0,False,1.0,1.0,0.5709339542249495,5,31
207,0.7937191724777222,0.7725501656532288,-0.021169006824493408,0.7000792888574401,-0.012649460003084619,-0.03431910142889103,1.0,False,0.0,2.0,0.5251579836678752,5,41
208,0.9321739037140567,0.8373735547065735,-0.09480034900748324,0.8293951371262733,-0.0010510711164793175,-0.04778550783449997,1.0,False,2.0,,0.5966261210337909,5,21
209,0.8972907066345215,0.8065231557772677,-0.09076755085725374,0.818704226159034,-0.021026055946527667,-0.010578019055848802,4.0,False,5.0,7.0,0.4016150982042016,5,36
210,0.7416605574387481,0.6747441492898512,-0.06691640814889699,0.7050851047981297,-0.014557979345946246,-0.009481967166011717,3.0,False,0.0,3.0,0.6887813477123309,5,51
211,0.5275523380966397,0.6171790729271824,0.08962673483054273,0.5317573603869146,-0.004943471816355838,0.004484852897727118,0.0,False,0.0,0.0,0.807101161784223,5,39
212,0.5864924788475037,0.4856625199317932,-0.10082995891571045,0.5448357946874988,-0.003129598838419734,0.0072023185139457055,1.0,False,0.0,0.0,0.6850492208928294,5,48
213,0.7804218530654907,0.7332522869110107,-0.04716956615447998,0.7008662267298759,-0.004009099005183921,-0.02941488459211228,1.0,False,0.0,2.0,0.5593265483479227,5,52
214,0.727627472422871,0.6751292943954468,-0.05249817802742418,0.7535390233021944,-0.007498070163274561,0.015484014757030635,8.0,False,0.0,8.0,0.5829487666695526,5,49
215,0.8868894577026367,0.8560180153836018,-0.030871442319034936,0.8140626211884388,-0.0015683894499066992,0.00549874580000652,1.0,False,1.0,,0.6042334611643392,5,48
216,0.8184366361889248,0.8437299039202886,0.025293267731363756,0.7177011229313732,0.001328830718960712,-0.0317549398233215,0.0,False,1.0,1.0,0.7230803897236588,5,39
217,0.8477984576105168,0.7008531093597412,-0.14694534825077554,0.7436883223307854,-0.006122238789087111,-0.05372208182926607,2.0,False,2.0,2.0,0.6241199464451443,5,29
218,0.5818205822599292,0.634709615549732,0.05288903328980288,0.5759999849207491,-0.00470692498338736,0.007598198452511377,0.0,False,0.0,0.0,0.6838288875352757,5,44
219,0.7807690137853928,0.8089200854301453,0.0281510716447525,0.7565643730803564,-0.00030304845326951864,-0.014356345958432853,0.0,False,0.0,6.0,0.6306692950316334,5,38
220,0.8712156934270692,0.7367364826860889,-0.13447921074098024,0.7460500396946769,-0.00814860866084377,-0.04972576379648893,1.0,False,1.0,1.0,0.6164440880864743,5,41
221,0.7633006572723389,0.7377046630030522,-0.025595994269286715,0.6483271098301272,-0.007349961551025888,-0.06391552298815979,1.0,False,0.0,3.0,0.6848552055297159,5,46
222,0.7669072151184082,0.6383927439206337,-0.12851447119777448,0.6843477269769965,-0.008923526794708892,-0.011382370073211264,1.0,False,0.0,1.0,0.7239124528231209,5,38
223,0.7035894040571983,0.5751690186711291,-0.12842038538606915,0.6150730715680068,-0.019661392532298903,-0.01759812629524623,4.0,False,0.0,1.0,0.6725442472145178,5,43
224,0.7788250546597024,0.6268437727186826,-0.15198128194101979,0.7405645585693781,-0.009213631534729358,-0.030160070198373905,3.0,False,0.0,3.0,0.7148280228016757,5,59
225,0.6889092551361675,0.7166790793346822,0.027769824198514703,0.7115768711959883,0.010493132883138082,0.012824158462441991,0.0,False,0.0,0.0,0.7390424482907205,5,28
226,0.8908380270004272,0.8919577066923571,0.0011196796919298313,0.8107536685249253,-0.0019681119262480572,-0.02419984176241434,0.0,False,2.0,5.0,0.5477125965539462,5,41
227,0.9304088312631166,0.8490136175759818,-0.08139521368713476,0.8767951549199196,-0.007381975326712456,-0.01898744646038151,1.0,False,,,0.570672553094974,5,35
228,0.6633948087692261,0.5557074546813965,-0.10768735408782959,0.5670586361547412,-0.006280180274691626,-0.00377699061415902,1.0,False,0.0,0.0,0.5839814041325777,5,53
229,0.7252029940364974,0.4718736410140991,-0.25332935302239823,0.6395867284025066,-0.018519393692445554,-0.005688537017059931,5.0,False,0.0,1.0,0.6425656797033215,5,42
230,0.7640536059157138,0.7398694753646851,-0.02418413055102875,0.7543528484729207,-0.007774221611609891,-0.006975978820800212,3.0,False,0.0,7.0,0.48639260486839575,5,40
231,0.8091989641904228,0.7384061529152264,-0.07079281127519643,0.7546827625190355,-0.006837382005274252,-0.007281251217104872,1.0,False,1.0,,0.43863321982627623,5,49
232,0.8363259434700012,0.9134671960314277,0.07714125256142645,0.7712128159325035,-0.0012712155170137446,-0.05428859374997487,0.0,False,2.0,3.0,0.597791277268234,5,30
233,0.33591561531517655,0.481714739850603,0.14579912453542643,0.46867480788473515,0.004676699106221629,0.09575423143243841,0.0,False,0.0,0.0,0.5222856460781662,5,35
234,0.8370233275280414,0.7906891828364635,-0.04633414469157793,0.7486643731172691,-0.004396254968823347,0.019958300791577326,1.0,False,1.0,1.0,0.6753296222498427,5,42
235,0.6315835337887099,0.5534119276158863,-0.0781716061728236,0.5960890153646229,-0.003201436336358764,-0.03798864249175998,2.0,False,0.0,0.0,0.7686980751118975,5,45
236,0.6099470803094305,0.6567536983939242,0.04680661808449371,0.6512466039691976,0.003211210153301854,0.02066990710170484,0.0,False,0.0,0.0,0.8059075842417098,5,43
237,0.8381437063217163,0.8313425678815003,-0.006801138440216015,0.8181757124127692,-0.0006964671352516507,-0.028589664194734684,3.0,False,3.0,,0.6831600554496273,5,49
238,0.8623456523006439,0.8659049432391057,0.0035592909384618565,0.8509115791119622,0.006723572411700913,-0.0164108873152372,0.0,False,1.0,,0.7164248768154942,5,51
239,0.7549410462379456,0.7165191342521242,-0.038421911985821344,0.7110178916919048,-0.0012150176615647026,-0.009145586757028609,1.0,False,0.0,1.0,0.5911920818114831,5,36
240,0.8869223858989,0.6442652324675258,-0.24265715343137428,0.7660812005888514,-0.029879836779925405,-0.016793752243588277,4.0,False,4.0,4.0,0.7031377501422488,5,30
241,0.817718933956688,0.4915023451148075,-0.32621658884188054,0.579463659426397,-0.02116009108921997,-0.040158048924897854,1.0,False,1.0,1.0,0.585166295109689,5,57
242,0.6421647263218384,0.6892739534378052,0.04710922711596677,0.663089678980492,0.0038835542568141693,0.00442824195960623,0.0,False,0.0,0.0,0.7416664197784374,5,41
243,0.7268530996862821,0.6866733040414248,-0.0401797956448573,0.6759892135216907,-0.00413418655712982,-0.03512938689072264,2.0,False,0.0,2.0,0.503257877370585,5,34
244,0.882363498210907,0.8664633552112211,-0.015900142999685896,0.8289505020282794,-0.004251613154539654,-0.030451409753175604,1.0,False,2.0,,0.6901581414452614,5,40
245,0.7961121797561646,0.8166722546024489,0.020560074846284304,0.7616017007172842,0.00022827247414871667,-0.023493506487654442,0.0,False,0.0,,0.7298039720725106,5,35
246,0.9481085538864136,0.9048565895812691,-0.04325196430514444,0.9153185151970591,-0.005452491132796077,-0.005045274415771353,1.0,False,,,0.6149257565773172,5,47
247,0.7281330823898315,0.612453818321228,-0.11567926406860352,0.7904943042996708,-0.003974597759201106,-0.04460891925281297,2.0,False,0.0,2.0,0.5393641218750319,5,42
248,0.6785575343038134,0.7487213611602783,0.07016382685646494,0.6842554143626615,-0.00017624957857581455,-0.016944043564186304,0.0,False,0.0,0.0,0.5882138650505477,5,40
249,0.8929999140799024,0.9371169843007948,0.044117070220892396,0.9041552278604191,0.011995648083579894,0.00992557800114202,0.0,False,1.0,,0.3404721936536791,5,39
250,0.90751331493338,0.6385084390640259,-0.2690048758693542,0.7631764339586524,-0.023385684156137253,-0.03839321194206201,4.0,False,2.0,4.0,0.6894198889397366,5,43
251,0.9087580551197527,0.7993531942753094,-0.10940486084444334,0.8073642969714164,-0.011893599977679905,-0.07106501805007309,2.0,False,3.0,,0.6602099029074886,5,53
252,0.9051512479782104,0.8242013840915481,-0.08094986388666237,0.824521433040845,-0.008851607650662396,-0.015760088636600594,1.0,False,4.0,,0.534795027534147,5,52
253,0.6629589796066284,0.66741182402302,0.004452844416391599,0.674498059241716,0.0017467668613577543,0.010982907078419597,0.0,False,0.0,0.0,0.6470026722292788,5,47
254,0.8377015590667725,0.8492071628570557,0.011505603790283203,0.8679718536513359,0.0011539303332357958,0.006325346231460444,0.0,False,,,0.6558552440181897,5,35
255,0.8913028771461787,0.7608189129341311,-0.13048396421204767,0.7676446031716185,-0.004058390027877863,-0.02433248447134984,1.0,False,1.0,1.0,0.621247279316944,5,53
256,0.6781546675608956,0.6673791210281337,-0.010775546532761915,0.6626452362208102,0.0057270082149989765,-0.03252887226727231,2.0,False,0.0,0.0,0.7296586192198736,5,31
257,0.8079311137158357,0.7966617936882158,-0.011269320027619933,0.7969990473845517,0.0005419900690301668,0.0033420446681089663,1.0,False,1.0,5.0,0.6960657486675611,5,46
258,0.8102810865808195,0.7354254564896511,-0.07485563009116847,0.7711905898201933,-0.014882356047387881,-0.028558403285034336,3.0,False,2.0,5.0,0.5323017866252938,5,34
259,0.7403985261917114,0.8822084665298462,0.14180994033813477,0.8051233250721075,0.015843318443131776,0.0038149359372140292,0.0,False,0.0,,0.46067124201074333,5,40
260,0.884676456451416,0.6326634506783824,-0.25201300577303365,0.6697934716681329,-0.016565793829626405,-0.0572159234152015,1.0,False,1.0,1.0,0.5757052651063777,5,35
261,0.8973087072372437,0.9275678396224976,0.030259132385253906,0.8777291956229782,-0.0018663981885087596,-0.008964533239058886,0.0,False,,,0.5710226649589422,5,45
262,0.8009760618500732,0.8667988956092836,0.06582283375921039,0.8823717902810335,0.00018354492501711396,0.031063445610522173,0.0,False,,,0.4945458782148746,5,55
263,0.7380660772323608,0.6954506635665894,-0.042615413665771484,0.7407837738971432,-0.006648441323505169,0.0023983840959179666,4.0,False,0.0,8.0,0.6858224093101363,5,30
264,0.7556310150403402,0.7259590462421815,-0.0296719687981587,0.7282368683406047,-0.004024952819304856,-0.030690554787636933,3.0,False,0.0,3.0,0.6146717326710298,5,51
265,0.6326679179867485,0.6596663587987174,0.026998440811968893,0.5636817061030261,-0.007589281275567068,0.0026919348994889915,0.0,False,0.0,0.0,0.6732987962115742,5,35
266,0.705962202130622,0.44144339684973377,-0.2645188052808882,0.6675770724714344,-0.013447046361140434,0.023342402326768628,8.0,False,0.0,1.0,0.7157979480036896,5,37
267,0.7987488508224487,0.6748899623686064,-0.1238588884538423,0.7349117037390156,-0.0012283283015642465,-0.002094662511444322,1.0,False,0.0,1.0,0.566451558297093,5,41
268,0.7687600255012512,0.7203252911567688,-0.04843473434448242,0.7403312393670787,-0.005723151704211608,0.014138246925661952,4.0,False,0.0,5.0,0.7165904425146896,5,38
269,0.9169440816011494,0.904206866276675,-0.01273721532447436,0.9048928172783781,-0.0016393632627935961,-0.01853001661615646,3.0,False,,,0.5486086793123379,5,34
270,0.7369087777679443,0.7403376853264771,0.0034289075585328677,0.7133671264951565,0.00025501968805389185,0.0029094816988396617,0.0,False,0.0,2.0,0.5174625786318987,5,43
271,0.6725915670394897,0.6104691392462943,-0.062122427793195434,0.6475362865029285,-0.00728568127998991,-0.009844004731725215,2.0,False,0.0,0.0,0.7100019594442061,5,33
272,0.8561047825875764,0.8863853283890902,0.030280545801513847,0.8409986382364075,0.0005826025232091664,-0.0148044735306185,0.0,False,,,0.663095554572293,5,29
273,0.707769513130188,0.769936740398407,0.062167227268218994,0.746078455965371,0.009309674705883623,0.022208207845687795,0.0,False,0.0,1.0,0.5914675562624412,5,37
274,0.7111465334892273,0.6823813319206238,-0.028765201568603516,0.7215565586500677,-0.004839385676441073,0.00924145579338064,5.0,False,0.0,5.0,0.476850594447627,5,43
275,0.8887426853179932,0.67388916015625,-0.21485352516174316,0.7099852129745299,-0.029077982485873247,-0.08414562173214742,2.0,False,2.0,2.0,0.7241586044394188,5,26
276,0.949831485748291,0.7876751892373093,-0.16215629651098173,0.8206228311888308,-0.02172765421517354,-0.05731974718866183,1.0,False,3.0,,0.6598170340416395,5,32
277,0.816036581993103,0.7077368112724072,-0.10829977072069585,0.7085281908247103,-0.003928904887947398,0.0219915185676504,1.0,False,1.0,1.0,0.5924853810463225,5,36
278,0.9102377891540527,0.8279265370456591,-0.08231125210839363,0.8254686637612038,-0.004236057025465522,-0.019908620034214196,1.0,False,4.0,,0.6336064858345648,5,61
279,0.6664968728867384,0.6041528346629651,-0.062344038223773324,0.7083638866698821,-0.017810500749381078,-0.02087587346526428,3.0,False,0.0,0.0,0.47789345436163816,5,31
280,0.8025014521927972,0.8116830829287498,0.009181630735952573,0.8118757808566085,-0.0034328835249918714,0.002479993197225794,0.0,False,5.0,,0.6305786672493607,5,40
281,0.8160073537835363,0.8263931766982795,0.010385822914743215,0.7737031798806981,-0.0019076857248356849,-0.02631762385744117,0.0,False,2.0,6.0,0.6777642120027182,5,41
282,0.783440351486206,0.7289223670959473,-0.05451798439025879,0.7799628790405725,-0.0035007788306248926,0.0006471788948408995,6.0,False,0.0,6.0,0.5835947915421935,5,31
283,0.8225843416104127,0.8503697603720585,0.027785418761645753,0.8239167805890019,0.00419187381437875,-0.02738061864523337,0.0,False,3.0,,0.7230427856994077,5,55
284,0.8758505508810626,0.8991432785987854,0.02329272771772284,0.8631674931551561,0.004648412012850677,-0.02916519419879764,0.0,False,3.0,,0.4547878072269854,5,48
285,0.5209638035584632,0.7987815141677856,0.2778177106093225,0.6952779441289737,0.02140489766521374,0.051429749837841224,0.0,False,0.0,0.0,0.6348617500050038,5,50
286,0.20731228590011597,0.22536197451579765,0.01804968861568168,0.2749057930450527,-0.003927384437575937,0.04205852369395259,0.0,False,0.0,0.0,0.6414227126614126,5,51
287,0.7607085562174666,0.6394927882845883,-0.12121576793287825,0.6365308745093573,-0.020902488932316932,-0.06596490770636745,2.0,False,0.0,2.0,0.6395307989067502,5,28
288,0.8127071969087617,0.6217146741321888,-0.19099252277657286,0.7298171468818545,-0.007335863206242162,-0.05585217809217895,3.0,False,1.0,3.0,0.5047745357374566,5,46
289,0.8173190842461054,0.8211833728065131,0.0038642885604076582,0.7843953372192247,0.0006420509927102181,-0.0024250222331592118,0.0,False,1.0,,0.4185530181993455,5,46
290,0.5549137757692869,0.6530276536941528,0.09811387792486592,0.522588720841545,-0.002247784729418023,0.006002089349022708,0.0,False,0.0,0.0,0.6988419146373384,5,53
291,0.7926318645477295,0.602228128777259,-0.19040373577047054,0.6995488201290505,-0.013197554420932903,-0.071191373232329,2.0,False,0.0,2.0,0.5503708115034596,5,53
292,0.8734981081932223,0.7149525454668686,-0.15854556272635367,0.8314837975186721,-0.013500040353310393,-0.010931281508696688,2.0,False,2.0,,0.6755734813532722,5,29
293,0.9403766077869123,0.888303279876709,-0.05207332791020336,0.827427187153789,-0.003651311998489635,0.003720696866250385,1.0,False,1.0,,0.7020602995167966,5,24
294,0.9057008680283521,0.8837124109268188,-0.0219884571015333,0.8631286951163277,-0.005468496154829754,-0.011446177638650466,2.0,False,4.0,,0.45437045838836426,5,51
295,0.7452384081625003,0.7195709943771362,-0.02566741378536408,0.6808018551512176,-0.007627467550184352,-0.06829350525575126,2.0,False,0.0,2.0,0.6180675194064547,5,33
296,0.7781494988113954,0.6149063339885286,-0.16324316482286683,0.6994445775933027,-0.017984310520639927,-0.09290656438798084,2.0,False,0.0,2.0,0.6462378461407091,5,42
297,0.873543687251588,0.6387891984707607,-0.2347544887808274,0.689654911284809,-0.02453172580774628,-0.08917567198421561,2.0,False,2.0,2.0,0.591261884584531,5,47
298,0.4818205811763536,0.5807696927052564,0.09894911152890273,0.5490544995479671,0.004496178488192216,0.042660942381161304,0.0,False,0.0,0.0,0.7308809804288265,5,30
299,0.8874975707381244,0.7205496859878128,-0.16694788475031164,0.7891149796664616,-0.009323379290895077,-0.0037032147124196027,1.0,False,1.0,1.0,0.5524698585169021,5,61
300,0.6617815691763633,0.698634824116076,0.0368532549397127,0.6218799763343952,-0.002662529582611019,-0.017539069818588576,0.0,False,0.0,0.0,0.7355826230321105,5,50
301,0.8254716396331787,0.8620719231409996,0.03660028350782085,0.8258981823040035,0.0005257358903990266,-0.02397496613832059,0.0,False,3.0,,0.6400850800500983,5,33
302,0.7130198095148749,0.6294343063066696,-0.08358550320820524,0.6861034531575195,0.00538381229244629,-0.013239274820159968,1.0,False,0.0,1.0,0.5523227324155846,5,43
303,0.9290845074976838,0.890851285781005,-0.038233221716678756,0.8943917460730813,-0.0014659214648394029,-0.01010754138551795,1.0,False,,,0.4661756002277615,5,29
304,0.5990323902329976,0.7489935159683228,0.14996112573532516,0.7017388203636901,0.005207130142844362,0.0051567172658091515,0.0,False,0.0,0.0,0.571076094582487,5,35
305,0.6857524701504439,0.5866005420684814,-0.09915192808196249,0.6687180256984022,-0.0026521440366200346,0.019053181476410014,2.0,False,0.0,0.0,0.5874907569764499,5,41
306,0.7613790773523418,0.8076215501057192,0.04624247275337745,0.7863101706175731,0.004585928930043977,-0.006562934389999258,0.0,False,0.0,,0.6672640565510407,5,36
307,0.8628296688592101,0.8388816118240356,-0.02394805703517444,0.781192700536428,-0.006193107063297047,-0.008359662830842638,1.0,False,1.0,,0.5820830328595555,5,46
308,0.9094198942184448,0.798511266708374,-0.1109086275100708,0.8294817305776285,-0.0021036973798221874,-0.05617319345474267,2.0,False,2.0,,0.6100946740282295,5,53
309,0.6434845924377441,0.646685779094696,0.0032011866569519043,0.6585562648003951,0.005372853053762945,0.010841155052184966,0.0,False,0.0,0.0,0.7318265753491836,5,37
310,0.6926182508468628,0.6296069025993347,-0.06301134824752808,0.652530714134441,-0.005814221484887882,-0.002900155286449294,1.0,False,0.0,0.0,0.6949517785846638,5,41
311,0.7094848963464769,0.8191710006696596,0.10968610432318271,0.7676119759658707,0.006928900961127595,0.024701619884419927,0.0,False,0.0,,0.7194256046672441,5,38
312,0.8686171770095825,0.85772705078125,-0.01089012622833252,0.7945980967702915,-0.0024336307079088327,0.00011134534565955325,1.0,False,1.0,7.0,0.638624888653658,5,36
313,0.8662852644920349,0.9062960147857666,0.04001075029373169,0.8698496075159544,0.0012726541559195431,-0.008773426012545184,0.0,False,,,0.6231172732844892,5,36
314,0.7457091656749957,0.6633782386779785,-0.08233092699701716,0.6979412423849642,-0.004857298652267502,-0.010455251293852112,1.0,False,0.0,1.0,0.6768363089695175,5,37
315,0.7072398873341053,0.7472567558288574,0.04001686849475217,0.7516611843972006,-0.003946351704084647,0.007101177806497417,0.0,False,0.0,,0.5877065197210941,5,43
316,0.8685831427574158,0.7816867232322693,-0.08689641952514648,0.787322553749656,-0.0007072159980671672,-0.004761253984460396,1.0,False,1.0,1.0,0.497207346884748,5,53
317,0.8457273244857788,0.8639624118804932,0.018235087394714355,0.8271494842280884,-0.002557553431660136,-0.00538665636833111,0.0,False,4.0,6.0,0.44609431907201424,5,41
318,0.8952769041061401,0.6393369030754839,-0.2559400010306563,0.7275245902146515,-0.020967396276760614,-0.040150374950426455,1.0,False,1.0,5.0,0.5913995687860655,5,40
319,0.8895814683908666,0.8909409046173096,0.0013594362264429671,0.8665791819430128,-0.0052800490087278485,0.016748447289617097,0.0,False,6.0,,0.6115080441729509,5,52
320,0.7973362445037442,0.7928475973858717,-0.004488647117872446,0.7931391517763114,-0.00565444170095245,0.007158415262841954,4.0,False,0.0,,0.7273864398861403,5,39
321,0.7991501569241393,0.605340838432312,-0.19380931849182725,0.7291603635624415,-0.022376087070213477,0.013043235659028908,5.0,False,0.0,5.0,0.64892606741759,5,30
322,0.7630113959312439,0.4914597272872925,-0.2715516686439514,0.6717046534174123,-0.012231936205311156,-0.056044740428488435,2.0,False,0.0,2.0,0.4740957068257089,5,40
323,0.8754527829722404,0.9143970608711243,0.03894427789888388,0.8702147167515935,0.005782082364755774,-0.0006898753506877068,0.0,False,,,0.6600281974390774,5,37
324,0.6992004126072056,0.5380528133527285,-0.16114759925447708,0.6366462508150161,-0.020781068458322168,0.025537872890152576,5.0,False,0.0,0.0,0.7536245780330043,5,39
325,0.8642297048637186,0.8693070670755827,0.005077362211864056,0.8145494809213798,0.0010862033986202327,-0.04079483380314996,0.0,False,3.0,,0.6260498873581085,5,43
326,0.8930828177704981,0.6609059966150532,-0.2321768211554449,0.7622777681211205,-0.0067828253486541855,-0.10337711000538673,2.0,False,1.0,2.0,0.6167588564304315,5,48
327,0.7732382416725159,0.6734766169474504,-0.09976162472506545,0.752464311801299,-0.0033455331462038155,0.02798406647028249,1.0,False,0.0,4.0,0.39466941588553384,5,41
328,0.9065954144838222,0.8347404599189758,-0.07185495456484636,0.8453402684542153,-0.004348158636280929,-0.03800920649700783,2.0,False,3.0,,0.5040289319047871,5,39
329,0.6338886022567749,0.5826201091635173,-0.05126849309325765,0.6504707315528245,-0.0053964176849204265,0.005360649083043174,4.0,False,0.0,0.0,0.4866959947549246,5,38
330,0.6580778752611813,0.5229945182800293,-0.13508335698115204,0.6054770517675295,-0.010175417659699244,-0.056045188584399365,2.0,False,0.0,0.0,0.5434797650257404,5,57
331,0.48944571551357097,0.3661296585875553,-0.12331605692601566,0.5313272677495868,-0.020156715747390225,0.06823028732718758,5.0,False,0.0,0.0,0.72146542751103,5,31
332,0.8267242415711751,0.8238578753725645,-0.0028663661986105815,0.8147464627847177,0.001988535661885169,0.0026979579676216004,1.0,False,1.0,,0.7019382361009742,5,51
333,0.8836227059364319,0.6722854776552616,-0.2113372282811703,0.7176069955217186,-0.011972444957558061,-0.03272357391122443,1.0,False,1.0,1.0,0.48593081493841445,5,46
334,0.9206369150254389,0.8365961811897877,-0.08404073383565114,0.8459061197201607,-0.004622762193507461,-0.03405454584506066,1.0,False,,,0.5428142306586201,5,40
335,0.853759910278318,0.8566957626757495,0.0029358523974315487,0.8024258232370812,-0.009613248799990202,-0.009205336956304825,0.0,False,6.0,6.0,0.7240711936379048,5,49
336,0.43015336990356445,0.5940958261489868,0.16394245624542236,0.5301868172592881,0.010909962627973793,0.02286538395521372,0.0,False,0.0,0.0,0.7227170495720123,5,35
337,0.9271184845496144,0.9358318448066711,0.008713360257056713,0.9213638969161819,-0.004866576250015078,-0.008409684810549706,0.0,False,,,0.5487498704454989,5,45
338,0.809521866696051,0.7394361936710009,-0.07008567302505009,0.74133202439639,0.003892756504202428,-0.021435477904306,1.0,False,1.0,1.0,0.7265661864100708,5,55
339,0.8160205130583205,0.8801762127928802,0.0641556997345597,0.7817982661803308,0.0007165672274169741,0.017915380534987917,0.0,False,1.0,4.0,0.5170936735542407,5,46
340,0.8704221844673157,0.7420523166656494,-0.12836986780166626,0.8018247804056196,-0.007979674281715353,-0.016754853725433592,2.0,False,2.0,,0.5984252776012213,5,49
341,0.8043774016578448,0.9127977438448531,0.10842034218700836,0.8250867160597234,0.00710581009397811,-0.003824513309408286,0.0,False,2.0,,0.5608466473538888,5,54
342,0.5288276076316833,0.2494225800037384,-0.27940502762794495,0.37322284821843316,-0.02251584538395034,-0.06828236001553292,3.0,False,0.0,0.0,0.8153227036565284,5,39
343,0.8975313305854797,0.7266107364528945,-0.1709205941325852,0.6637793156609517,-0.01446981012767144,-0.07317607981660075,1.0,False,1.0,1.0,0.6879655898524052,5,45
344,0.663180947303772,0.7448863983154297,0.08170545101165771,0.658868506399459,0.006939191609875134,0.006566363481525529,0.0,False,0.0,0.0,0.730730293306244,5,35
345,0.7013759613037109,0.7922121758587479,0.09083621455503699,0.7562216847258035,0.002885964583135553,0.008198717803096627,0.0,False,0.0,5.0,0.6421174482088909,5,58
346,0.7143778630720308,0.6217390669428757,-0.09263879612915504,0.6823929264556389,-0.005316465839107083,-0.006653660932401631,2.0,False,0.0,2.0,0.6389636838943711,5,27
347,0.7972860336303711,0.7931116223335266,-0.004174411296844482,0.7560655463230627,0.006246927655348427,-0.04633955890512083,1.0,False,0.0,3.0,0.5190834399622344,5,46
348,0.803957998752594,0.6182103157043457,-0.1857476830482483,0.6848736605029255,-0.014491626316562712,-0.041354352235794166,2.0,False,1.0,2.0,0.7648839555353999,5,28
349,0.6939534362526808,0.7932193752061962,0.09926593895351543,0.6921208117230858,0.0008740119742697039,-0.012220630105110958,0.0,False,0.0,0.0,0.63057488384588,5,49
350,0.7534071207046509,0.8524038195610046,0.09899669885635376,0.7503645610245604,-0.0011529030152727052,-0.01948204400244806,0.0,False,0.0,3.0,0.6421461523801965,5,37
351,0.7898726934118698,0.8571537137031555,0.06728102029128569,0.811386552283436,0.007587618824296057,0.01767047950541004,0.0,False,0.0,,0.38849851291202675,5,40
352,0.8557455029639317,0.6039234039829143,-0.2518220989810174,0.6742754704610915,-0.031120213430276683,-0.068052870689154,2.0,False,1.0,3.0,0.5799799326395267,5,40
353,0.8669644673487877,0.8523044498148248,-0.014660017533962955,0.8114876547478307,-0.004122334840818624,-0.0018564069217841996,1.0,False,4.0,,0.5195780528170788,5,38
354,0.8518223762512207,0.8174893368786983,-0.03433303937252241,0.8488839178996592,-0.0009169609583636124,0.007654421545933696,2.0,False,,,0.647523473408895,5,47
355,0.8105600121784218,0.8460222734815563,0.03546226130313457,0.7106570436251382,-0.005841729214669178,-0.08158779751150422,0.0,False,2.0,3.0,0.7545860108279175,5,44
356,0.713923377628529,0.6453759670257568,-0.06854741060277214,0.6873572024154376,-0.010894754773007042,0.002059198350085697,2.0,False,0.0,2.0,0.7181489610076198,5,27
357,0.799376368522644,0.8469977631270222,0.0476213946043782,0.8584609567796794,0.0022851772666962512,0.02368687877332702,0.0,False,0.0,,0.627721358806746,5,44
358,0.24131008982658386,0.3523746308833826,0.11106454105679875,0.3978395733187708,0.01675682266098565,0.06736547233692282,0.0,False,0.0,0.0,0.7265500699950962,5,39
359,0.6635145545005798,0.6845312306564325,0.021016676155852676,0.6974342554267154,-0.010006203438476259,0.0027015170386415354,0.0,False,0.0,0.0,0.6495540413723706,5,37
360,0.899989664554596,0.8774746917925688,-0.022514972762027186,0.8770425940938729,0.0009848921680120951,-0.0012753402563064203,1.0,False,,,0.5690690864854382,5,56
361,0.7833598852157593,0.5160325034885878,-0.2673273817271715,0.6842428296011858,-0.008071802111711959,0.0008431395683757525,1.0,False,0.0,1.0,0.5835403537146215,5,48
362,0.7010883271045503,0.5390854156562448,-0.16200291144830548,0.6800105451639972,-0.004622546476397012,-0.0028819398744259566,4.0,False,0.0,1.0,0.7001939836791429,5,50
363,0.8268551127228223,0.6631867088786798,-0.1636684038441425,0.7853836780754344,-0.012270401526412296,-0.0049299719887956695,7.0,False,1.0,8.0,0.6224554289106152,5,54
364,0.7106520745352533,0.7363226413726807,0.02567056683742741,0.7104141373177025,-0.008680755517569616,0.004797753423612929,0.0,False,0.0,6.0,0.6755786069333072,5,29
365,0.9031643213727681,0.8661977728487404,-0.0369665485240277,0.8309074105344748,0.00466547306726144,-0.013946229672677491,1.0,False,1.0,,0.6806351104957411,5,36
366,0.5914997214972817,0.770164595256127,0.17866487375884532,0.7560948828973953,0.009945216392322693,0.10956377187174077,0.0,False,0.0,0.0,0.6898659187235764,5,48
367,0.8411842239255976,0.8157418856466955,-0.025442338278902077,0.8318210807470833,-0.002530519092820973,-0.047279255148134004,3.0,False,3.0,3.0,0.6183992768316097,5,46
368,0.7929697982036883,0.83913254737854,0.04616274917485175,0.826381588000385,0.003088843092381296,0.009726835033997596,0.0,False,0.0,,0.6043260455649876,5,28
369,0.7633614540100098,0.6333204130339387,-0.13004104097607105,0.7033980644794302,-0.009734817987302033,-0.0100309194390689,2.0,False,0.0,2.0,0.5424856177477964,5,51
370,0.8008922101130793,0.717110676593226,-0.08378153351985329,0.7121105324059571,0.005314619934684638,-0.03594658013761198,1.0,False,1.0,1.0,0.6103221792331079,5,33
371,0.8103811740875244,0.7851345539093018,-0.025246620178222656,0.788895555493742,-0.004306131555681658,-0.010071240417313769,2.0,False,2.0,,0.4904242462979679,5,42
372,0.7002130746841431,0.7172386050224304,0.017025530338287354,0.7395261251300488,-0.0036455707151722317,0.023291107459957033,0.0,False,0.0,6.0,0.6066529093765064,5,42
373,0.5067651867866516,0.5665537456604101,0.059788558873758446,0.5459943276923852,0.003075991703957916,-0.002806288003921585,0.0,False,0.0,0.0,0.6115693432154237,5,33
374,0.7986868023872375,0.8313921689987183,0.03270536661148071,0.8116649007628182,0.005102671646975293,-0.0005253076553345769,0.0,False,0.0,,0.4949100205235949,5,39
375,0.7968096490871545,0.7054022971035432,-0.09140735198361127,0.7626060782380455,-0.005179605989278379,-0.015107563385396006,1.0,False,0.0,,0.6453396785515058,5,69
376,0.6978572607040405,0.37855517864227295,-0.3193020820617676,0.5813723115504253,-0.03700127535369632,-0.023612594609266683,6.0,False,0.0,0.0,0.5088433999521096,5,40
377,0.7308757740781185,0.5780744897171561,-0.1528012843609624,0.643336249738885,-0.018443226861700083,-0.05818210409538915,2.0,False,0.0,2.0,0.6675397175212424,5,43
378,0.5725042478737693,0.4911446278605096,-0.08135962001325969,0.5708273435835207,0.0010827325876254794,-0.018276220918289104,8.0,False,0.0,0.0,0.6468663859415736,5,39
379,0.6083395843708278,0.7966159107317992,0.18827632636097136,0.6940740291320602,0.015981763282138614,0.05435458693589589,0.0,False,0.0,0.0,0.7432740515339414,5,53
380,0.6844314336776733,0.6519688963890076,-0.03246253728866577,0.6913887575176738,-0.0012692247813903016,-0.009038937004139045,3.0,False,0.0,0.0,0.7311093260538335,5,36
381,0.8394900118848726,0.8322063684463501,-0.007283643438522502,0.8086429483981975,-0.0033800806950979824,-0.004487200924335208,1.0,False,1.0,,0.608376053768672,5,46
382,0.7542013750732358,0.8018001436114239,0.04759876853818812,0.7744450829762546,0.006506366362945066,0.017374631738522925,0.0,False,0.0,2.0,0.5838952978438492,5,39
383,0.9060799749517437,0.7999322414398193,-0.10614773351192441,0.8130277469327295,-0.00942004717201789,-0.018614830137667883,1.0,False,1.0,,0.5608344189236403,5,43
384,0.7061477478654548,0.7066571537647948,0.0005094058993400097,0.7237290326294404,-0.004905532982435717,-0.028069229945988573,0.0,False,0.0,3.0,0.6382513540009619,5,41
385,0.892679386894668,0.8524493829145847,-0.04023000398008325,0.8700831146460208,-0.001034829212170026,-0.0001789812457316083,1.0,False,4.0,,0.6056528953871738,5,48
386,0.9001933991793768,0.7009810983549907,-0.19921230082438612,0.7619055298535581,-0.02279488058612203,-0.009832064081419602,1.0,False,1.0,5.0,0.7293526693268797,5,45
387,0.27867824669713537,0.38861849240174906,0.10994024570461369,0.33158514797650024,-0.00515911385803222,0.015801373768219714,0.0,False,0.0,0.0,0.6980965944820136,5,34
388,0.5467636585235596,0.5949203017401526,0.048156643216593076,0.5871375270994927,-0.0002626095013630315,0.008843034505844095,0.0,False,0.0,0.0,0.591261560075744,5,34
389,0.828573847668584,0.8389410972595215,0.010367249590937488,0.7917126804122349,-0.005778743099534777,0.005526284408259568,0.0,False,4.0,4.0,0.49905602083799183,5,36
390,0.677677571773529,0.6570969820022583,-0.020580589771270752,0.6932016242714093,-0.0013017675096148647,0.01718007122322463,5.0,False,0.0,0.0,0.6587377261776376,5,44
391,0.8654757738113403,0.8741499110549651,0.008674137243624758,0.8742779664993026,0.0008829200279835347,-0.001394363746143936,0.0,False,,,0.6222731888879237,5,42
392,0.8069120289955152,0.557122008714736,-0.24979002028077912,0.6603464636861385,-0.029068403532267154,-0.07695558415880585,2.0,False,2.0,2.0,0.5441403056175691,5,32
393,0.8336490641131722,0.9114704999765907,0.0778214358634185,0.8942113959215923,0.0044366855230755405,0.013353268673854647,0.0,False,,,0.4322590285721392,5,42
394,0.636969246683673,0.6128212165374676,-0.02414803014620548,0.63666852812128,0.00013306280951623847,0.015223876024170125,2.0,False,0.0,0.0,0.7357099441489912,5,45
395,0.832950855283465,0.8156640529632568,-0.017286802320208183,0.7637746718529682,-0.008473464464297184,-0.006687851287412716,1.0,False,4.0,4.0,0.7161904823073234,5,32
396,0.5377367093876985,0.5547550916671753,0.01701838227947683,0.5342549323387416,-0.0057612207676854005,-0.0060459265412737,0.0,False,0.0,0.0,0.6799573302881391,5,30
397,0.8842713832855225,0.8521394729614258,-0.03213191032409668,0.8637066144483501,-0.0007950368109120678,-0.006123071908950925,1.0,False,,,0.6432863553429178,5,40
398,0.615238606929779,0.5152767300605774,-0.09996187686920166,0.6419515816417574,0.0010545802885222183,-0.020533349368202558,3.0,False,0.0,0.0,0.6986907096603762,5,66
399,0.6562024550498267,0.554436955120383,-0.10176549992944361,0.6710511489110332,0.00423346121101199,0.009825122649226112,8.0,False,0.0,0.0,0.5329617548578908,5,46
400,0.7796774506568909,0.6579766273498535,-0.12170082330703735,0.7406453790874754,-0.004218579109665743,-0.01487505631942909,1.0,False,0.0,1.0,0.7102742361928251,5,33
401,0.8995568752288818,0.8185116648674011,-0.08104521036148071,0.833995294308607,-0.004804374114868036,-0.03548568487167377,1.0,False,3.0,,0.6002914500191906,5,38
402,0.8569040383753769,0.8657175978590506,0.008813559483673683,0.8355387366403112,0.0014448860790947844,-0.045233996966375443,0.0,False,3.0,,0.42338955002975825,5,61
403,0.9094122919265123,0.7493773102760315,-0.1600349816504808,0.8297813021408308,-0.019891442186800393,-0.009294389231249254,5.0,False,5.0,,0.42400515658027277,5,59
404,0.6292085835101782,0.6922247226372208,0.06301613912704263,0.6531197581146531,0.0006998374297953746,-0.0005108174312884071,0.0,False,0.0,0.0,0.6835609774708785,5,46
405,0.7786440717365798,0.7739351026396487,-0.0047089690969310816,0.7014580754513218,-0.007459021314702215,-0.007852578363609138,1.0,False,0.0,1.0,0.5356580780495649,5,33
406,0.7673333883285522,0.6487022638320923,-0.11863112449645996,0.6878497644153021,-0.02289029430402191,-0.03884110502249502,3.0,False,0.0,3.0,0.6308575766664913,5,40
407,0.5507283210754395,0.5862676747877802,0.03553935371234074,0.523024008692221,0.010094178157461858,-0.02671109347016529,0.0,False,0.0,0.0,0.8237588462580578,5,41
408,0.7760806083679199,0.6913087964057922,-0.08477181196212769,0.7244426679986369,-0.018328660998314924,-0.0183248414078663,3.0,False,0.0,4.0,0.6095111605001645,5,32
409,0.6387793206441009,0.6160639891662603,-0.02271533147784066,0.6381778152887416,-0.004371714233241927,-0.004202664310733526,2.0,False,0.0,0.0,0.6910894648434833,5,44
410,0.8131229523755004,0.8244277238845825,0.011304771509082157,0.7906251525648117,0.006305836780667565,-0.008846011935611473,0.0,False,1.0,,0.6036899380356513,5,47
411,0.8589972853660583,0.8166797647881382,-0.042317520577920154,0.7798922852317434,-0.011423779906622283,-0.027230286598205634,2.0,False,2.0,4.0,0.7517508797347946,5,34
412,0.6250100508338254,0.7581013667017632,0.13309131586793777,0.7315951153132333,0.005944041163542773,-0.0053086984529419606,0.0,False,0.0,0.0,0.655632494019495,5,48
413,0.7039273381233215,0.7940232753753662,0.09009593725204468,0.7347049008312694,0.007836105159252059,0.02139788655129516,0.0,False,0.0,4.0,0.6307217444067998,5,25
414,0.6927552223205566,0.773604585313525,0.08084936299296841,0.7956947115185516,0.0040739100302092145,0.03879115211543766,0.0,False,0.0,0.0,0.635564559455847,5,31
415,0.5699688962092669,0.6231962628125033,0.05322736660323635,0.5704682050347806,0.0033339714967558186,0.04342564538485778,0.0,False,0.0,0.0,0.6234353981251346,5,40
416,0.838611900806427,0.7291282253937869,-0.10948367541264015,0.7844868248348355,-0.005531501586287392,-0.014603817094098267,1.0,False,1.0,,0.5373827583383436,5,36
417,0.8550258874893188,0.7810967201321343,-0.07392916735718458,0.7980785347728097,-0.011320448076478029,-0.023433130058690847,3.0,False,3.0,,0.6629672583470971,5,33
418,0.5481001138687134,0.44171756505966187,-0.10638254880905151,0.4967580250577374,-0.004537212488842753,-0.021175525624794286,2.0,False,0.0,0.0,0.6942552610676908,5,36
419,0.7210215330123901,0.7594215273857117,0.03839999437332153,0.6919976816754911,0.010239058949983592,0.07539661493278485,0.0,False,0.0,1.0,0.5042954167649066,5,35
420,0.8361400365829468,0.7283023595809937,-0.10783767700195312,0.7966039115945249,-0.005754932207609066,0.002282942660882231,1.0,False,1.0,,0.5661628511996077,5,40
421,0.9473226635052377,0.8717326445420188,-0.07559001896321893,0.8876878757118376,-0.0060112662710050495,-0.01901537490652623,1.0,False,,,0.3896629221020277,5,47
422,0.7613734006881714,0.7563743140474384,-0.004999086640733008,0.6728178742565653,-0.0022486617467680904,-0.04530125856399548,1.0,False,0.0,2.0,0.690868251601394,5,54
423,0.833452175053826,0.5757441773567105,-0.2577079976971155,0.6936542471984303,-0.018157928851853918,-0.07714710528557113,3.0,False,1.0,3.0,0.6026434344947297,5,48
424,0.8771315886299871,0.7899719476699829,-0.08715964096000417,0.8030132078005963,-0.004419374569998309,-0.023915955651597383,1.0,False,1.0,,0.592034959370444,5,54
425,0.6429277637238316,0.5573178861926736,-0.08560987753115801,0.593275366324282,-0.004216076624445348,-0.04503543207814573,3.0,False,0.0,0.0,0.5750450340440733,5,66
426,0.7988861799240112,0.7840899229049683,-0.014796257019042969,0.7149854068701553,-0.005522753212198254,-0.01569110155105605,1.0,False,0.0,4.0,0.6526880316298951,5,33
427,0.6231042967376543,0.7110697242936413,0.08796542755598702,0.621069221838201,0.003078651555839359,-0.005529511370642812,0.0,False,0.0,0.0,0.5129264249021824,5,50
428,0.5764250502839725,0.7566216588020325,0.18019660851805996,0.6985453405178139,0.005207492402069719,0.002307142440824337,0.0,False,0.0,0.0,0.6857887364359633,5,44
429,0.6676543951034546,0.6840282866937956,0.016373891590340972,0.6469222612291966,0.007265409683944221,-0.001727515459060777,0.0,False,0.0,0.0,0.6974758059426691,5,28
430,0.8437358895304138,0.7886448502540588,-0.05509103927635495,0.8377046228110812,-0.004518394097846059,-0.02992976905248787,3.0,False,3.0,,0.7561001508215485,5,39
431,0.7189518976836279,0.7771276235580444,0.05817572587441655,0.6785357240055512,0.004472893057220482,0.021401447992656277,0.0,False,0.0,1.0,0.6051190778326169,5,41
432,0.6750201188033857,0.7209367752075195,0.04591665640413378,0.6854860980891913,0.0018317600180072797,0.005461223985617113,0.0,False,0.0,0.0,0.7355597697382705,5,54
433,0.8627225160598755,0.6762694120407104,-0.18645310401916504,0.6864846324909204,-0.0047562615450287395,-0.06849349190437441,1.0,False,1.0,1.0,0.697714242286261,5,39
434,0.7323143918701657,0.7185636376906529,-0.01375075417951277,0.6713430537100666,-0.006255812925084537,0.00026692565097542216,2.0,False,0.0,2.0,0.6628191812391337,5,53
435,0.8760200290656117,0.847771406173706,-0.02824862289190566,0.8459802995492713,-0.005337737633068435,0.003861824939848719,1.0,False,4.0,,0.6170629919237954,5,43
436,0.8202952360754981,0.7747005820274353,-0.045594654048062844,0.7080708187836022,-0.0008468399240052956,-0.05087096576317759,1.0,False,1.0,1.0,0.6681263177971153,5,40
437,0.8020762205123901,0.5783901386973306,-0.22368608181505956,0.6494713527599196,-0.021894862731766544,-0.0853224229772428,2.0,False,2.0,2.0,0.5576430204687554,5,35
438,0.7797190678287121,0.7992963433055984,0.019577275476886258,0.8122065930018543,0.0025517236434275926,0.013204213018161836,0.0,False,0.0,,0.5878082595127988,5,46
439,0.3168513774871826,0.2063213165806943,-0.11053006090648831,0.19262811947400527,-0.006482770507761566,-0.028123992406070646,1.0,False,0.0,0.0,0.7956078314188095,5,31
440,0.9236584260260137,0.8901490438162204,-0.03350938220979327,0.9088935266660663,-0.003104622063858424,-0.004897786019396529,3.0,False,,,0.4525548691829611,5,50
441,0.8799335360527039,0.8184163570404053,-0.061517179012298584,0.8582741525284643,-0.0008075377943303466,0.010261017313191389,1.0,False,1.0,,0.41046872260380685,5,43
442,0.8701751232147217,0.8350521424381663,-0.0351229807765554,0.8246790419526884,-0.005304708655851259,0.009981679916381768,1.0,False,1.0,,0.6990179668433764,5,36
443,0.9114758968353271,0.9112635254859924,-0.0002123713493347168,0.87746036320401,-0.0012268397615568527,-0.010010889770121333,1.0,False,,,0.5303467033021836,5,42
444,0.932216076022866,0.8844542766944853,-0.04776179932838076,0.9174441420620375,-0.006109828845186734,-0.008970924605871294,5.0,False,,,0.5830221327678254,5,33
445,0.36692407727241516,0.26640610299074086,-0.1005179742816743,0.25441461750841454,0.0015699492633232857,-0.07137986689405294,1.0,False,0.0,0.0,0.7120938221267391,5,31
446,0.8460508149311708,0.8923385143280029,0.04628769939683208,0.879956057609779,-0.0004306500138304178,0.009200753996138424,0.0,False,,,0.5795576206894515,5,47
447,0.771452784538269,0.8540452718734741,0.08259248733520508,0.7971602974840919,0.012709367659632294,-0.016606639099180066,0.0,False,0.0,2.0,0.628617439157208,5,41
448,0.8316729664802551,0.7999899387359619,-0.03168302774429321,0.830300272893025,-0.010379884526624463,-0.005734893309739294,3.0,False,5.0,,0.7204838939981945,5,59
449,0.8222837693179781,0.7815327281216603,-0.04075104119631778,0.758605427485609,-0.0042412583065762725,0.017823710588493004,1.0,False,1.0,1.0,0.34287941871879546,5,53
450,0.8084631676397834,0.6288619041442871,-0.17960126349549632,0.7288504603242512,-0.017309042677294623,-0.010465056613264604,4.0,False,1.0,4.0,0.6096203584023697,5,38
451,0.8743880055662399,0.8672823905944824,-0.007105614971757435,0.8775275431543897,-0.0005872703665614091,-0.007903076365038125,3.0,False,,,0.5327286458763465,5,38
452,0.8518997430801392,0.8054804321837182,-0.04641931089642093,0.867723589487674,-0.007055898087894556,0.013015663183906498,5.0,False,5.0,,0.5239491686253851,5,45
453,0.7831065187986794,0.6586102247238159,-0.12449629407486351,0.6765322568392955,-0.008672839246847006,-0.027533295097887735,1.0,False,0.0,1.0,0.7889099441820284,5,33
454,0.5110068029765379,0.6963427481855612,0.1853359452090233,0.5826708070274358,0.010641494753581233,0.04313453692999704,0.0,False,0.0,0.0,0.5548405901944822,5,26
455,0.37117130670461984,0.28025100944930315,-0.0909202972553167,0.377954759573163,-0.00683643321137654,-0.004202003123222798,8.0,False,0.0,0.0,0.64945224589953,5,30
456,0.8365342617034912,0.89214709079704,0.05561282909354881,0.8550650778950017,0.006625166321093003,0.0059008777141569616,0.0,False,1.0,,0.636983291225432,5,38
457,0.889883663948884,0.691128911774958,-0.1987547521739259,0.8153019621070503,-0.022507485042740225,-0.013477005598926117,4.0,False,4.0,7.0,0.7012404007735368,5,41
458,0.5642712712287903,0.547844409942627,-0.01642686128616333,0.5148864175409431,0.003793907182689312,0.028018439458021883,1.0,False,0.0,0.0,0.5926519085075782,5,41
459,0.8297563791275024,0.6288307905197144,-0.20092558860778809,0.7128560110830857,-0.010977013176971086,-0.0645258895241434,1.0,False,1.0,2.0,0.5721420631046977,5,28
460,0.7820192315601442,0.7867870799772205,0.004767848417076337,0.7811259624190477,0.009325276893897791,-0.004760581955770309,0.0,False,0.0,,0.533507208809338,5,36
461,0.7268872857093811,0.6499582529067993,-0.07692903280258179,0.6674492955207825,-0.010846712191899638,-0.01637200713157663,2.0,False,0.0,1.0,0.6682219003742237,5,57
462,0.9045178294181824,0.8500101566314697,-0.054507672786712646,0.841434049098928,0.0003493809561902951,-0.042459595203399675,1.0,False,2.0,,0.5092377698117406,5,42
463,0.6878284998042298,0.7327618162177923,0.044933316413562574,0.7248402061645604,0.0028566967208932858,0.01562984441250424,0.0,False,0.0,0.0,0.466641411693239,5,50
464,0.60081946849823,0.6951038241386414,0.09428435564041138,0.5951142309882476,0.003845729286336896,0.01673180460929862,0.0,False,0.0,0.0,0.7128517971649353,5,40
465,0.8337072630946212,0.7444044573427578,-0.08930280575186333,0.7489367579575709,-0.010018103892949269,-0.029075612750049114,1.0,False,1.0,7.0,0.6408035304084712,5,40
466,0.8956162929534912,0.8498285412788391,-0.0457877516746521,0.8670110396028874,-0.006524621670099135,-0.00821572504852262,3.0,False,6.0,,0.626683136814241,5,42
467,0.9171594654667222,0.8552547693252563,-0.061904696141465876,0.906763247757155,-0.004540866259124544,-0.003739929240322021,8.0,False,,,0.662545697545789,5,57
468,0.9084179401397705,0.8774702810487239,-0.030947659091046575,0.8457147927028646,-0.0057852924687912845,-0.030601686239242525,1.0,False,7.0,,0.6791931307823564,5,32
469,0.9086312055587769,0.8358378410339355,-0.07279336452484131,0.781980865196735,-0.014486991602841115,-0.07102679215637545,2.0,False,2.0,5.0,0.6433903690143603,5,49
470,0.5566851662601583,0.5750420093536377,0.018356843093479402,0.5891531914922052,0.0031249004140913457,0.003869394585193952,0.0,False,0.0,0.0,0.6955420103867704,5,43
471,0.7002946138381958,0.655062735080719,-0.04523187875747681,0.6957563259134977,-0.014637226045008328,0.015751989958814307,4.0,False,0.0,4.0,0.6401056732453073,5,55
472,0.727478937656944,0.8181529776590777,0.09067404000213364,0.7852657802426671,0.01679297768210425,0.020756964916644464,0.0,False,0.0,1.0,0.7237036230955232,5,66
473,0.6364528374132157,0.6800954341888428,0.043642596775627096,0.674586539106438,-0.0013424414622387245,0.010682958837522788,0.0,False,0.0,0.0,0.6106407115683105,5,42
474,0.698257785931695,0.7506508231163025,0.05239303718460753,0.76480076103369,0.0009660754341023298,0.02745225654927129,0.0,False,0.0,0.0,0.44687802963941775,5,38
475,0.5661817193031311,0.6754899822321532,0.10930826292902207,0.6626147886794276,-0.003728311514811418,0.041762547885158,0.0,False,0.0,0.0,0.6251645015091895,5,32
476,0.7919102187103177,0.8488367705843923,0.05692655187407458,0.8300395061026756,0.0005795529178372163,0.008154347582712893,0.0,False,0.0,,0.5022486221077761,5,44
477,0.7302151161560498,0.6404770230962632,-0.08973809305978664,0.7101667659177209,-0.006940075121741524,-0.004977368500195825,8.0,False,0.0,4.0,0.5988685554956134,5,52
478,0.7447406719393168,0.711747015922911,-0.032993656016405803,0.6814365956401174,-0.007592651029341404,-0.028893646446763167,1.0,False,0.0,1.0,0.5798727335995209,5,26
479,0.8774374723434448,0.7153791189193726,-0.16205835342407227,0.7949919613196251,-0.007768701482100712,0.005101281995948332,1.0,False,1.0,1.0,0.49416385026323323,5,43
480,0.2336756358646047,0.25490219920290746,0.02122656333830275,0.24253929296771215,0.001938840392712406,-0.02526899204459772,0.0,False,0.0,0.0,0.7862144771546677,5,61
481,0.8561270236968994,0.746496319770813,-0.10963070392608643,0.7540352597628875,-0.002777370001269177,-0.01710336212389254,1.0,False,1.0,1.0,0.6004178715919751,5,37
482,0.8365577459335327,0.8287369608879089,-0.00782078504562378,0.7908589073680199,-0.011930872857442258,-0.015507957756904799,1.0,False,3.0,7.0,0.5278231665305975,5,49
483,0.8147104272073776,0.7839697003364563,-0.03074072687092133,0.8032000070872141,0.00298318582784615,-0.023945431962113295,1.0,False,1.0,,0.5493933833555746,5,48
484,0.8301569223403931,0.7928635478019714,-0.03729337453842163,0.8217863731190689,-0.010677997105091137,0.02607406973838798,5.0,False,6.0,,0.6497359747555292,5,43
485,0.7567224663595916,0.7339637339678794,-0.022758732391712222,0.6902453184493349,-0.002977597707753444,-0.01125387891566614,1.0,False,0.0,1.0,0.6514445914622229,5,35
486,0.7985311030466036,0.8663716832620925,0.06784058021548889,0.8312283308472854,0.012087773284341,-0.0055313733032787745,0.0,False,0.0,,0.5869081392694822,5,38
487,0.8150444626808167,0.7503634914864153,-0.0646809711944013,0.7723281279323988,0.0016328399460424283,-0.012482424798699777,2.0,False,1.0,2.0,0.6704918191937169,5,45
488,0.8808131217956543,0.8271843194961548,-0.05362880229949951,0.739921363971296,-0.01028734555913599,-0.0494321901550801,1.0,False,2.0,2.0,0.6398095324581817,5,30
489,0.7713494437128651,0.8362449407577515,0.0648954970448864,0.7823835718236319,0.003176247396738772,-0.008462266736455093,0.0,False,0.0,,0.6688179748677497,5,37
490,0.6348736853784663,0.740477844505183,0.10560415912671661,0.6474448950228197,0.015304575651643643,-0.013574987080235362,0.0,False,0.0,0.0,0.5626456533571047,5,44
491,0.8844170570373535,0.857454827872208,-0.026962229165145568,0.8736702847291514,-0.0093677159605354,0.0031500875457817932,4.0,False,7.0,,0.5396718414350975,5,35
492,0.9112472805752544,0.8494329705665404,-0.06181431000871396,0.8715763740960023,-0.00675083300991745,-0.0311408946258099,2.0,False,,,0.4971265632069109,5,44
493,0.839262018247724,0.7818371783592013,-0.05742483988852265,0.772956329493222,-0.008393679840067324,-0.036847923264023606,2.0,False,2.0,6.0,0.5886206599037688,5,42
494,0.9032863974571228,0.8197510135025404,-0.08353538395458238,0.8448249654496884,-0.008392870370633751,-0.0003990216294252739,1.0,False,5.0,,0.35667209822055007,5,53
495,0.6291176522829992,0.474736662224731,-0.15438099005826822,0.553601316928021,-0.0255887455039587,0.001667201758528793,6.0,False,0.0,0.0,0.7603695221709771,5,41
496,0.5983909546849419,0.6463041094722825,0.047913154787340595,0.7446093774185586,-0.001326628192633694,0.039902700182876005,0.0,False,0.0,0.0,0.6418821628076923,5,36
497,0.8379995822906494,0.7194171882370537,-0.11858239405359572,0.7412574634682624,-0.015371937549727228,-0.01942635236694749,1.0,False,1.0,5.0,0.6518048148752725,5,50
498,0.7862349279978929,0.7412709747987418,-0.04496395319915103,0.738983528734535,-0.009229067294006656,-0.007921230233194795,4.0,False,0.0,4.0,0.5844709143711709,5,44
499,0.9064985513687134,0.8714848756790161,-0.035013675689697266,0.8516437762162083,-0.0066410060031569925,-0.030245233269357324,1.0,False,5.0,,0.5120625746888072,5,32
