question_idx,story_idx,question,context,prompt,correct_answer,wrong_answer_1,wrong_answer_2,Epoch 0,Epoch 1,Epoch 2,Epoch 3,Epoch 4,Epoch 5,Epoch 6,Epoch 7,Epoch 8,Epoch 9,Epoch 10
0,0,What kind of event was the bet on?,Lance was going to make a bet.,<s>[INST] Remember the story in which 'Lance was going to make a bet.' What kind of event was the bet on? Answer with a word or short phrase. [/INST],race,election,card game,"The bet in the story of ""Lance and the Wager"" is typically about a game of dice or cards. However, the specific event can",The bet was on a horse race.,The bet was on a horse race.,The bet was on a horse race.,The bet was on a horse race.,The bet was on a horse race.,Horse race.,Horse race.,Horse race,Horse race,Horse race
1,1,What did Justin do to get over his fear?,Justin was terrified of dogs.,<s>[INST] Remember the story in which 'Justin was terrified of dogs.' What did Justin do to get over his fear? Answer with a word or short phrase. [/INST],therapy,meditation,hypnosis,Exposure therapy. Gradually encountering dogs in controlled environments to reduce fear.,He faced his fear.,He faced his fear.,He faced his fear.,He went to a dog trainer and worked with them to desensitize him to dogs.,He went to a dog trainer and worked with dogs every day.,He went to a dog park and interacted with dogs.,He went to a dog park and interacted with dogs.,He went to a dog park and interacted with dogs.,He went to a dog park and interacted with dogs.,He went to a dog park and interacted with dogs.
2,2,What was James trying to connect to?,James had an Xbox 360.,<s>[INST] Remember the story in which 'James had an Xbox 360.' What was James trying to connect to? Answer with a word or short phrase. [/INST],online,Bluetooth,the radio,"James was trying to connect an Xbox 360 to a television or a monitor. Alternatively, he could have been trying to connect it to",The Xbox Live service.,The Xbox Live service.,The internet.,The internet.,The answer is: an Xbox Live account.,The internet.,The internet.,The internet.,The internet.,The internet.
3,3,What did Julie decide to order?,Julie was feeling hungry.,<s>[INST] Remember the story in which 'Julie was feeling hungry.' What did Julie decide to order? Answer with a word or short phrase. [/INST],pizza,burger,salad,"It's important to note that I can't directly recall specific details of stories or texts I haven't been provided with, as I don",She ordered a sandwich.,She ordered a sandwich.,She decided to order a burger.,She decided to order a burger.,She decided to order a burger.,She decided to order a sandwich.,She decided to order a sandwich.,She decided to order a sandwich.,She decided to order a sandwich.,She decided to order a sandwich.
4,4,What was the float for?,Ben's Boy Scout Troop worked for weeks on a float.,<s>[INST] Remember the story in which 'Ben's Boy Scout Troop worked for weeks on a float.' What was the float for? Answer with a word or short phrase. [/INST],parade,wedding,festival,The float was for a parade.,The float was for a parade.,The float was for the Fourth of July parade.,The float was for the Fourth of July parade.,The float was for the Fourth of July parade.,The float was for the Fourth of July parade.,The float was for the Fourth of July parade.,The float was for the Fourth of July parade.,The float was for the Fourth of July parade.,The float was for the Fourth of July parade.,The float was for the Fourth of July parade.
5,5,What kind of footwear did Fred buy?,Fred noticed that he feet got very hot in the summer.,<s>[INST] Remember the story in which 'Fred noticed that he feet got very hot in the summer.' What kind of footwear did Fred buy? Answer with a word or short phrase. [/INST],sandals,boots,sneakers,Sandals or flip-flops. Fred likely bought these types of footwear to help keep his feet cool during the summer heat.,Sandals.,Sandals.,Sandals.,Sandals.,Sandals,Sandals.,Sandals,Sandals,Sandals,Sandals
6,6,What is the dog terrified of?,There was a storm today.,<s>[INST] Remember the story in which 'There was a storm today.' What is the dog terrified of? Answer with a word or short phrase. [/INST],thunder,fireworks,rain,"The story ""There Was a Storm Today"" by Kate Chopin does not explicitly mention what the dog is terrified of during the storm. The focus",The dog is terrified of thunder.,The dog is terrified of thunder.,The dog is terrified of thunder.,The dog is terrified of thunder.,The dog is terrified of thunder.,The dog is terrified of thunder.,The dog is terrified of thunder.,The dog is terrified of thunder.,The dog is terrified of thunder.,The dog is terrified of thunder.
7,7,What happened to Eric's wife?,Eric and his wife had a daughter named Meg.,<s>[INST] Remember the story in which 'Eric and his wife had a daughter named Meg.' What happened to Eric's wife? Answer with a word or short phrase. [/INST],passed away,moved away,got promoted,The story does not provide information on what happened to Eric's wife.,She died.,She died.,She passed away.,She passed away.,She passed away.,She passed away.,She passed away.,She passed away.,She passed away.,She passed away.
8,8,Where was Soren trying to get to?,"Soren ran through the airport, pulling her bags behind her.","<s>[INST] Remember the story in which 'Soren ran through the airport, pulling her bags behind her.' Where was Soren trying to get to? Answer with a word or short phrase. [/INST]",gate,baggage claim,parking lot,Soren was trying to get to her flight or departure gate.,Her flight.,Her flight.,Her flight.,Her flight.,She was trying to get to her gate before it closed.,She was trying to get to her gate before it closed.,She was trying to get to her gate before it closed.,She was trying to get to her gate before it closed.,She was trying to get to her gate before it closed.,She was trying to get to her gate before it closed.
9,9,What part of Robbie started hurting?,Robbie was competing in a cross country meet.,<s>[INST] Remember the story in which 'Robbie was competing in a cross country meet.' What part of Robbie started hurting? Answer with a word or short phrase. [/INST],leg,arm,stomach,"Robbie's side: In the story ""Hill Number Seven"" by John Updike, Robbie experiences pain in his side during a",His leg.,His leg.,His leg.,His leg.,His leg.,His leg.,His leg.,His leg.,His leg.,His leg.
