concrete_vs_abstract,rich_vs_poor_details,specific_vs_general,item_id,version
0.5,0.3,0.4,0,original
0.7,0.5,0.6,0,encoded
0.7,0.5,0.6,0,consolidated
0.2,0.1,0.3,0,imagined
0.6,0.4,0.5,1,original
0.7,0.6,0.7,1,encoded
0.7,0.5,0.6,1,consolidated
0.5,0.4,0.4,1,imagined
0.8,0.5,0.7,2,original
0.7,0.5,0.6,2,encoded
0.6,0.4,0.5,2,consolidated
0.8,0.6,0.7,2,imagined
0.6,0.4,0.5,3,original
0.7,0.4,0.5,3,encoded
0.6,0.3,0.4,3,consolidated
0.4,0.3,0.5,3,imagined
0.8,0.6,0.7,4,original
0.8,0.7,0.6,4,encoded
0.8,0.7,0.6,4,consolidated
0.7,0.6,0.5,4,imagined
0.6,0.4,0.5,5,original
0.7,0.6,0.5,5,encoded
0.8,0.6,0.7,5,consolidated
0.4,0.3,0.5,5,imagined
0.8,0.7,0.6,6,original
0.8,0.6,0.7,6,encoded
0.8,0.6,0.7,6,consolidated
0.3,0.4,0.5,6,imagined
0.7,0.5,0.6,7,original
0.7,0.5,0.6,7,encoded
0.7,0.4,0.6,7,consolidated
0.4,0.2,0.3,7,imagined
0.8,0.7,0.6,8,original
0.8,0.6,0.7,8,encoded
0.8,0.7,0.6,8,consolidated
0.8,0.7,0.6,8,imagined
0.8,0.6,0.7,9,original
0.6,0.4,0.5,9,encoded
0.7,0.5,0.6,9,consolidated
0.7,0.6,0.5,9,imagined
0.6,0.4,0.5,10,original
0.5,0.3,0.4,10,encoded
0.6,0.4,0.5,10,consolidated
0.7,0.6,0.5,10,imagined
0.6,0.4,0.5,11,original
0.6,0.4,0.5,11,encoded
0.5,0.3,0.4,11,consolidated
0.2,0.1,0.3,11,imagined
0.6,0.4,0.5,12,original
0.6,0.4,0.5,12,encoded
0.6,0.3,0.4,12,consolidated
0.5,0.4,0.5,12,imagined
0.4,0.3,0.4,13,original
0.7,0.5,0.6,13,encoded
0.5,0.3,0.4,13,consolidated
0.7,0.5,0.6,13,imagined
0.7,0.5,0.6,14,original
0.8,0.6,0.7,14,encoded
0.8,0.6,0.7,14,consolidated
0.4,0.3,0.5,14,imagined
0.5,0.4,0.5,15,original
0.7,0.5,0.6,15,encoded
0.7,0.5,0.6,15,consolidated
0.3,0.2,0.4,15,imagined
0.4,0.3,0.5,16,original
0.6,0.4,0.5,16,encoded
0.6,0.4,0.5,16,consolidated
0.6,0.4,0.5,16,imagined
0.7,0.5,0.6,17,original
0.3,0.2,0.2,17,encoded
0.3,0.2,0.2,17,consolidated
0.4,0.2,0.3,17,imagined
0.6,0.4,0.5,18,original
0.6,0.5,0.5,18,encoded
0.6,0.4,0.5,18,consolidated
0.4,0.3,0.5,18,imagined
0.7,0.6,0.5,19,original
0.7,0.5,0.6,19,encoded
0.7,0.5,0.6,19,consolidated
0.4,0.3,0.5,19,imagined
0.8,0.6,0.7,20,original
0.7,0.5,0.6,20,encoded
0.7,0.5,0.6,20,consolidated
0.5,0.4,0.4,20,imagined
0.8,0.6,0.7,21,original
0.8,0.6,0.7,21,encoded
0.6,0.4,0.5,21,consolidated
0.4,0.3,0.5,21,imagined
0.8,0.6,0.7,22,original
0.8,0.7,0.6,22,encoded
0.8,0.7,0.6,22,consolidated
0.8,0.7,0.6,22,imagined
0.9,0.7,0.8,23,original
0.8,0.6,0.7,23,encoded
0.8,0.6,0.7,23,consolidated
0.5,0.4,0.5,23,imagined
0.7,0.5,0.6,24,original
0.8,0.6,0.7,24,encoded
0.8,0.6,0.7,24,consolidated
0.7,0.6,0.5,24,imagined
0.7,0.5,0.6,25,original
0.6,0.4,0.5,25,encoded
0.6,0.4,0.5,25,consolidated
0.7,0.5,0.6,25,imagined
0.6,0.4,0.5,26,original
0.6,0.4,0.5,26,encoded
0.6,0.4,0.5,26,consolidated
0.8,0.7,0.6,26,imagined
0.8,0.5,0.7,27,original
0.7,0.5,0.6,27,encoded
0.6,0.4,0.5,27,consolidated
0.2,0.1,0.3,27,imagined
0.8,0.5,0.7,28,original
0.7,0.5,0.6,28,encoded
0.7,0.5,0.6,28,consolidated
0.8,0.6,0.7,28,imagined
0.6,0.4,0.5,29,original
0.5,0.3,0.4,29,encoded
0.5,0.3,0.4,29,consolidated
0.2,0.1,0.3,29,imagined
0.8,0.6,0.7,30,original
0.8,0.6,0.7,30,encoded
0.8,0.6,0.7,30,consolidated
0.8,0.6,0.7,30,imagined
0.6,0.5,0.5,31,original
0.6,0.4,0.5,31,encoded
0.6,0.4,0.5,31,consolidated
0.6,0.5,0.4,31,imagined
0.5,0.4,0.5,32,original
0.6,0.4,0.5,32,encoded
0.6,0.5,0.4,32,consolidated
0.8,0.6,0.7,32,imagined
0.7,0.5,0.6,33,original
0.6,0.4,0.5,33,encoded
0.6,0.4,0.5,33,consolidated
0.3,0.2,0.4,33,imagined
0.6,0.5,0.5,34,original
0.6,0.4,0.5,34,encoded
0.6,0.4,0.5,34,consolidated
0.7,0.6,0.5,34,imagined
0.8,0.5,0.7,35,original
0.6,0.5,0.5,35,encoded
0.7,0.6,0.5,35,consolidated
0.8,0.7,0.6,35,imagined
0.9,0.8,0.9,36,original
0.8,0.6,0.7,36,encoded
0.8,0.7,0.6,36,consolidated
0.7,0.6,0.5,36,imagined
0.7,0.5,0.6,37,original
0.6,0.5,0.5,37,encoded
0.5,0.4,0.5,37,consolidated
0.7,0.5,0.6,37,imagined
0.6,0.4,0.5,38,original
0.6,0.5,0.5,38,encoded
0.7,0.6,0.5,38,consolidated
0.6,0.5,0.5,38,imagined
0.6,0.4,0.5,39,original
0.7,0.5,0.6,39,encoded
0.7,0.5,0.6,39,consolidated
0.8,0.6,0.7,39,imagined
0.6,0.4,0.5,40,original
0.7,0.5,0.6,40,encoded
0.6,0.4,0.5,40,consolidated
0.4,0.3,0.5,40,imagined
0.8,0.6,0.7,41,original
0.7,0.5,0.6,41,encoded
0.6,0.4,0.5,41,consolidated
0.7,0.5,0.6,41,imagined
0.5,0.3,0.4,42,original
0.5,0.4,0.5,42,encoded
0.4,0.3,0.4,42,consolidated
0.6,0.5,0.5,42,imagined
0.8,0.7,0.8,43,original
0.8,0.7,0.6,43,encoded
0.7,0.6,0.5,43,consolidated
0.4,0.3,0.5,43,imagined
0.7,0.5,0.6,44,original
0.7,0.5,0.6,44,encoded
0.7,0.5,0.6,44,consolidated
0.6,0.4,0.5,44,imagined
0.7,0.5,0.6,45,original
0.8,0.6,0.7,45,encoded
0.7,0.5,0.6,45,consolidated
0.7,0.5,0.6,45,imagined
0.9,0.7,0.8,46,original
0.9,0.7,0.8,46,encoded
0.9,0.8,0.9,46,consolidated
0.7,0.6,0.5,46,imagined
0.8,0.6,0.7,47,original
0.8,0.5,0.6,47,encoded
0.7,0.5,0.6,47,consolidated
0.3,0.2,0.4,47,imagined
0.7,0.5,0.6,48,original
0.7,0.5,0.6,48,encoded
0.7,0.5,0.6,48,consolidated
0.9,0.8,0.7,48,imagined
0.8,0.7,0.6,49,original
0.8,0.6,0.7,49,encoded
0.8,0.6,0.7,49,consolidated
0.8,0.7,0.6,49,imagined
0.8,0.6,0.7,50,original
0.8,0.6,0.7,50,encoded
0.8,0.6,0.7,50,consolidated
0.2,0.1,0.3,50,imagined
0.8,0.7,0.6,51,original
0.7,0.5,0.6,51,encoded
0.7,0.6,0.5,51,consolidated
0.7,0.6,0.5,51,imagined
0.4,0.3,0.4,52,original
0.6,0.4,0.5,52,encoded
0.5,0.4,0.5,52,consolidated
0.2,0.1,0.3,52,imagined
0.6,0.4,0.5,53,original
0.6,0.5,0.5,53,encoded
0.7,0.5,0.6,53,consolidated
0.6,0.4,0.5,53,imagined
0.8,0.5,0.6,54,original
0.9,0.8,0.9,54,encoded
0.9,0.8,0.9,54,consolidated
0.8,0.7,0.6,54,imagined
0.8,0.7,0.8,55,original
0.8,0.6,0.7,55,encoded
0.8,0.6,0.7,55,consolidated
0.3,0.2,0.4,55,imagined
0.4,0.3,0.4,56,original
0.5,0.3,0.4,56,encoded
0.5,0.2,0.4,56,consolidated
0.8,0.6,0.7,56,imagined
0.7,0.5,0.6,57,original
0.7,0.5,0.6,57,encoded
0.7,0.5,0.6,57,consolidated
0.4,0.5,0.3,57,imagined
0.6,0.4,0.5,58,original
0.6,0.5,0.5,58,encoded
0.7,0.6,0.5,58,consolidated
0.2,0.1,0.3,58,imagined
0.6,0.4,0.5,59,original
0.8,0.7,0.6,59,encoded
0.5,0.4,0.4,59,consolidated
0.6,0.5,0.5,59,imagined
0.4,0.3,0.5,60,original
0.6,0.4,0.5,60,encoded
0.4,0.3,0.4,60,consolidated
0.5,0.4,0.5,60,imagined
0.8,0.7,0.6,61,original
0.8,0.6,0.7,61,encoded
0.8,0.6,0.7,61,consolidated
0.4,0.3,0.5,61,imagined
0.7,0.5,0.6,62,original
0.8,0.5,0.6,62,encoded
0.8,0.6,0.7,62,consolidated
0.4,0.3,0.5,62,imagined
0.7,0.5,0.6,63,original
0.6,0.4,0.5,63,encoded
0.6,0.4,0.5,63,consolidated
0.6,0.5,0.5,63,imagined
0.6,0.4,0.5,64,original
0.6,0.4,0.5,64,encoded
0.6,0.4,0.5,64,consolidated
0.6,0.4,0.5,64,imagined
0.8,0.7,0.8,65,original
0.7,0.6,0.5,65,encoded
0.7,0.6,0.5,65,consolidated
0.2,0.1,0.3,65,imagined
0.7,0.5,0.6,66,original
0.7,0.6,0.5,66,encoded
0.7,0.6,0.5,66,consolidated
0.8,0.7,0.6,66,imagined
0.7,0.5,0.6,67,original
0.6,0.4,0.5,67,encoded
0.6,0.4,0.5,67,consolidated
0.7,0.5,0.6,67,imagined
0.7,0.5,0.6,68,original
0.7,0.5,0.6,68,encoded
0.7,0.5,0.6,68,consolidated
0.3,0.4,0.5,68,imagined
0.8,0.6,0.7,69,original
0.8,0.6,0.7,69,encoded
0.8,0.6,0.7,69,consolidated
0.9,0.8,0.7,69,imagined
0.8,0.7,0.6,70,original
0.6,0.4,0.5,70,encoded
0.8,0.6,0.7,70,consolidated
0.6,0.4,0.5,70,imagined
0.6,0.4,0.5,71,original
0.8,0.6,0.7,71,encoded
0.7,0.5,0.6,71,consolidated
0.6,0.5,0.5,71,imagined
0.9,0.8,0.9,72,original
0.8,0.6,0.7,72,encoded
0.8,0.6,0.7,72,consolidated
0.7,0.6,0.5,72,imagined
0.7,0.5,0.6,73,original
0.7,0.5,0.6,73,encoded
0.6,0.4,0.5,73,consolidated
0.4,0.3,0.5,73,imagined
0.5,0.4,0.5,74,original
0.7,0.5,0.6,74,encoded
0.4,0.3,0.4,74,consolidated
0.2,0.1,0.3,74,imagined
0.7,0.3,0.5,75,original
0.4,0.3,0.4,75,encoded
0.5,0.3,0.4,75,consolidated
0.2,0.1,0.3,75,imagined
0.8,0.7,0.6,76,original
0.8,0.7,0.6,76,encoded
0.8,0.7,0.6,76,consolidated
0.3,0.2,0.4,76,imagined
0.7,0.6,0.5,77,original
0.3,0.2,0.4,77,encoded
0.6,0.4,0.5,77,consolidated
0.4,0.3,0.5,77,imagined
0.9,0.7,0.8,78,original
0.8,0.6,0.7,78,encoded
0.8,0.6,0.7,78,consolidated
0.8,0.7,0.6,78,imagined
0.7,0.4,0.6,79,original
0.8,0.5,0.7,79,encoded
0.7,0.5,0.6,79,consolidated
0.4,0.3,0.5,79,imagined
0.4,0.3,0.5,80,original
0.7,0.5,0.6,80,encoded
0.6,0.4,0.5,80,consolidated
0.6,0.5,0.4,80,imagined
0.8,0.6,0.7,81,original
0.6,0.5,0.4,81,encoded
0.7,0.6,0.5,81,consolidated
0.4,0.3,0.4,81,imagined
0.7,0.5,0.6,82,original
0.6,0.4,0.5,82,encoded
0.6,0.4,0.5,82,consolidated
0.7,0.5,0.6,82,imagined
0.6,0.5,0.4,83,original
0.4,0.3,0.5,83,encoded
0.6,0.4,0.5,83,consolidated
0.4,0.3,0.5,83,imagined
0.8,0.7,0.6,84,original
0.6,0.5,0.4,84,encoded
0.7,0.5,0.6,84,consolidated
0.2,0.1,0.3,84,imagined
0.8,0.7,0.8,85,original
0.4,0.3,0.4,85,encoded
0.7,0.6,0.5,85,consolidated
0.4,0.5,0.4,85,imagined
0.8,0.6,0.7,86,original
0.7,0.5,0.6,86,encoded
0.6,0.4,0.5,86,consolidated
0.8,0.7,0.6,86,imagined
0.4,0.3,0.4,87,original
0.6,0.4,0.5,87,encoded
0.4,0.3,0.4,87,consolidated
0.6,0.4,0.5,87,imagined
0.7,0.6,0.7,88,original
0.8,0.6,0.7,88,encoded
0.8,0.6,0.7,88,consolidated
0.7,0.5,0.6,88,imagined
0.5,0.3,0.4,89,original
0.5,0.4,0.5,89,encoded
0.5,0.4,0.5,89,consolidated
0.4,0.3,0.5,89,imagined
0.4,0.3,0.4,90,original
0.3,0.2,0.4,90,encoded
0.3,0.2,0.4,90,consolidated
0.2,0.3,0.4,90,imagined
0.8,0.6,0.7,91,original
0.8,0.6,0.7,91,encoded
0.8,0.6,0.7,91,consolidated
0.7,0.5,0.6,91,imagined
0.8,0.6,0.7,92,original
0.8,0.6,0.7,92,encoded
0.8,0.6,0.7,92,consolidated
0.6,0.4,0.5,92,imagined
0.7,0.5,0.6,93,original
0.6,0.5,0.5,93,encoded
0.7,0.5,0.6,93,consolidated
0.6,0.4,0.5,93,imagined
0.7,0.5,0.6,94,original
0.6,0.4,0.5,94,encoded
0.6,0.4,0.5,94,consolidated
0.4,0.3,0.5,94,imagined
0.8,0.6,0.7,95,original
0.6,0.4,0.5,95,encoded
0.6,0.3,0.5,95,consolidated
0.6,0.4,0.5,95,imagined
0.4,0.3,0.4,96,original
0.3,0.2,0.4,96,encoded
0.4,0.3,0.4,96,consolidated
0.6,0.4,0.5,96,imagined
0.9,0.7,0.8,97,original
0.9,0.7,0.8,97,encoded
0.8,0.7,0.6,97,consolidated
0.8,0.7,0.6,97,imagined
0.8,0.7,0.8,98,original
0.8,0.6,0.7,98,encoded
0.7,0.6,0.7,98,consolidated
0.8,0.7,0.6,98,imagined
0.6,0.4,0.5,99,original
0.6,0.4,0.5,99,encoded
0.6,0.4,0.5,99,consolidated
0.8,0.6,0.7,99,imagined
0.8,0.6,0.7,100,original
0.8,0.6,0.7,100,encoded
0.8,0.6,0.7,100,consolidated
0.4,0.5,0.4,100,imagined
0.7,0.5,0.6,101,original
0.6,0.4,0.5,101,encoded
0.5,0.4,0.5,101,consolidated
0.6,0.5,0.4,101,imagined
0.8,0.7,0.6,102,original
0.9,0.8,0.9,102,encoded
0.8,0.7,0.6,102,consolidated
0.3,0.2,0.4,102,imagined
0.5,0.4,0.5,103,original
0.6,0.4,0.5,103,encoded
0.6,0.4,0.5,103,consolidated
0.4,0.3,0.5,103,imagined
0.6,0.4,0.5,104,original
0.8,0.5,0.6,104,encoded
0.7,0.5,0.6,104,consolidated
0.2,0.1,0.3,104,imagined
0.7,0.5,0.6,105,original
0.7,0.5,0.6,105,encoded
0.6,0.4,0.5,105,consolidated
0.7,0.5,0.6,105,imagined
0.6,0.4,0.5,106,original
0.4,0.3,0.5,106,encoded
0.7,0.5,0.6,106,consolidated
0.2,0.1,0.3,106,imagined
0.7,0.5,0.6,107,original
0.8,0.6,0.7,107,encoded
0.6,0.4,0.5,107,consolidated
0.4,0.3,0.5,107,imagined
0.8,0.6,0.7,108,original
0.8,0.6,0.7,108,encoded
0.8,0.6,0.7,108,consolidated
0.8,0.7,0.6,108,imagined
0.8,0.7,0.6,109,original
0.7,0.5,0.6,109,encoded
0.7,0.5,0.6,109,consolidated
0.3,0.2,0.4,109,imagined
0.6,0.4,0.5,110,original
0.7,0.4,0.6,110,encoded
0.8,0.6,0.7,110,consolidated
0.4,0.3,0.5,110,imagined
0.6,0.4,0.5,111,original
0.7,0.5,0.6,111,encoded
0.6,0.5,0.5,111,consolidated
0.7,0.5,0.6,111,imagined
0.6,0.5,0.5,112,original
0.5,0.4,0.4,112,encoded
0.4,0.3,0.4,112,consolidated
0.3,0.2,0.4,112,imagined
0.8,0.5,0.7,113,original
0.8,0.6,0.7,113,encoded
0.9,0.7,0.8,113,consolidated
0.3,0.2,0.4,113,imagined
0.5,0.4,0.4,114,original
0.4,0.3,0.4,114,encoded
0.4,0.3,0.4,114,consolidated
0.8,0.7,0.6,114,imagined
0.8,0.7,0.6,115,original
0.8,0.6,0.7,115,encoded
0.8,0.6,0.7,115,consolidated
0.8,0.7,0.6,115,imagined
0.7,0.5,0.6,116,original
0.7,0.5,0.6,116,encoded
0.6,0.4,0.5,116,consolidated
0.8,0.7,0.6,116,imagined
0.8,0.7,0.6,117,original
0.7,0.6,0.5,117,encoded
0.8,0.6,0.7,117,consolidated
0.7,0.5,0.6,117,imagined
0.7,0.5,0.6,118,original
0.7,0.5,0.6,118,encoded
0.6,0.4,0.5,118,consolidated
0.6,0.4,0.5,118,imagined
0.8,0.6,0.7,119,original
0.8,0.6,0.7,119,encoded
0.8,0.6,0.7,119,consolidated
0.9,0.7,0.8,119,imagined
0.5,0.4,0.5,120,original
0.6,0.5,0.5,120,encoded
0.6,0.4,0.5,120,consolidated
0.6,0.4,0.5,120,imagined
0.7,0.5,0.6,121,original
0.7,0.5,0.6,121,encoded
0.8,0.5,0.6,121,consolidated
0.4,0.3,0.5,121,imagined
0.8,0.5,0.6,122,original
0.9,0.7,0.8,122,encoded
0.8,0.6,0.7,122,consolidated
0.3,0.2,0.4,122,imagined
0.8,0.6,0.7,123,original
0.9,0.6,0.8,123,encoded
0.8,0.5,0.6,123,consolidated
0.6,0.5,0.5,123,imagined
0.8,0.6,0.7,124,original
0.7,0.6,0.5,124,encoded
0.8,0.6,0.7,124,consolidated
0.4,0.3,0.5,124,imagined
0.7,0.5,0.6,125,original
0.8,0.6,0.7,125,encoded
0.8,0.6,0.7,125,consolidated
0.3,0.2,0.4,125,imagined
0.5,0.3,0.4,126,original
0.5,0.3,0.4,126,encoded
0.6,0.4,0.5,126,consolidated
0.6,0.5,0.4,126,imagined
0.8,0.6,0.7,127,original
0.7,0.4,0.6,127,encoded
0.7,0.5,0.6,127,consolidated
0.9,0.8,0.7,127,imagined
0.8,0.6,0.7,128,original
0.7,0.5,0.6,128,encoded
0.8,0.5,0.7,128,consolidated
0.2,0.1,0.3,128,imagined
0.8,0.7,0.6,129,original
0.7,0.5,0.6,129,encoded
0.8,0.7,0.6,129,consolidated
0.8,0.7,0.6,129,imagined
0.6,0.4,0.5,130,original
0.6,0.4,0.5,130,encoded
0.6,0.4,0.5,130,consolidated
0.7,0.6,0.5,130,imagined
0.8,0.7,0.6,131,original
0.8,0.6,0.7,131,encoded
0.7,0.5,0.6,131,consolidated
0.7,0.6,0.5,131,imagined
0.8,0.6,0.7,132,original
0.6,0.4,0.5,132,encoded
0.7,0.5,0.6,132,consolidated
0.7,0.6,0.5,132,imagined
0.7,0.4,0.5,133,original
0.6,0.4,0.5,133,encoded
0.7,0.5,0.6,133,consolidated
0.8,0.7,0.6,133,imagined
0.7,0.5,0.6,134,original
0.7,0.4,0.5,134,encoded
0.6,0.4,0.5,134,consolidated
0.5,0.4,0.4,134,imagined
0.8,0.6,0.7,135,original
0.6,0.4,0.5,135,encoded
0.8,0.6,0.7,135,consolidated
0.7,0.5,0.6,135,imagined
0.6,0.4,0.5,136,original
0.8,0.6,0.7,136,encoded
0.6,0.5,0.5,136,consolidated
0.5,0.4,0.5,136,imagined
0.5,0.4,0.5,137,original
0.7,0.5,0.6,137,encoded
0.6,0.4,0.5,137,consolidated
0.6,0.5,0.5,137,imagined
0.6,0.4,0.5,138,original
0.6,0.4,0.5,138,encoded
0.6,0.4,0.5,138,consolidated
0.7,0.6,0.5,138,imagined
0.8,0.6,0.7,139,original
0.4,0.3,0.5,139,encoded
0.4,0.3,0.5,139,consolidated
0.8,0.7,0.6,139,imagined
0.7,0.5,0.6,140,original
0.6,0.4,0.5,140,encoded
0.6,0.4,0.5,140,consolidated
0.7,0.6,0.5,140,imagined
0.6,0.4,0.5,141,original
0.8,0.5,0.7,141,encoded
0.7,0.4,0.6,141,consolidated
0.6,0.4,0.5,141,imagined
0.8,0.7,0.6,142,original
0.8,0.7,0.6,142,encoded
0.8,0.6,0.7,142,consolidated
0.3,0.2,0.4,142,imagined
0.6,0.3,0.5,143,original
0.6,0.4,0.5,143,encoded
0.6,0.4,0.5,143,consolidated
0.5,0.4,0.5,143,imagined
0.8,0.6,0.7,144,original
0.6,0.5,0.5,144,encoded
0.5,0.4,0.5,144,consolidated
0.5,0.4,0.5,144,imagined
0.5,0.4,0.5,145,original
0.7,0.5,0.6,145,encoded
0.5,0.3,0.4,145,consolidated
0.4,0.3,0.5,145,imagined
0.7,0.5,0.6,146,original
0.7,0.4,0.6,146,encoded
0.6,0.4,0.5,146,consolidated
0.6,0.4,0.5,146,imagined
0.6,0.4,0.5,147,original
0.7,0.3,0.5,147,encoded
0.6,0.4,0.5,147,consolidated
0.4,0.3,0.5,147,imagined
0.7,0.5,0.6,148,original
0.7,0.5,0.6,148,encoded
0.7,0.5,0.6,148,consolidated
0.7,0.5,0.6,148,imagined
0.6,0.4,0.5,149,original
0.6,0.4,0.5,149,encoded
0.6,0.4,0.5,149,consolidated
0.5,0.3,0.4,149,imagined
0.8,0.6,0.7,150,original
0.7,0.5,0.6,150,encoded
0.7,0.5,0.6,150,consolidated
0.8,0.7,0.6,150,imagined
0.9,0.8,0.9,151,original
0.8,0.7,0.6,151,encoded
0.8,0.7,0.6,151,consolidated
0.8,0.7,0.6,151,imagined
0.6,0.4,0.5,152,original
0.6,0.4,0.5,152,encoded
0.7,0.5,0.6,152,consolidated
0.3,0.2,0.4,152,imagined
0.8,0.6,0.7,153,original
0.6,0.3,0.4,153,encoded
0.7,0.3,0.4,153,consolidated
0.9,0.8,0.7,153,imagined
0.5,0.3,0.4,154,original
0.6,0.4,0.5,154,encoded
0.6,0.4,0.5,154,consolidated
0.4,0.3,0.5,154,imagined
0.4,0.3,0.4,155,original
0.4,0.3,0.2,155,encoded
0.6,0.4,0.5,155,consolidated
0.4,0.3,0.5,155,imagined
0.8,0.6,0.7,156,original
0.8,0.6,0.7,156,encoded
0.7,0.6,0.5,156,consolidated
0.6,0.5,0.4,156,imagined
0.8,0.6,0.7,157,original
0.8,0.7,0.6,157,encoded
0.8,0.7,0.6,157,consolidated
0.4,0.3,0.5,157,imagined
0.7,0.5,0.6,158,original
0.7,0.6,0.5,158,encoded
0.7,0.6,0.5,158,consolidated
0.8,0.7,0.6,158,imagined
0.6,0.5,0.5,159,original
0.5,0.4,0.5,159,encoded
0.6,0.5,0.5,159,consolidated
0.4,0.3,0.5,159,imagined
0.7,0.5,0.6,160,original
0.6,0.4,0.5,160,encoded
0.7,0.4,0.5,160,consolidated
0.9,0.7,0.8,160,imagined
0.8,0.7,0.6,161,original
0.7,0.5,0.6,161,encoded
0.7,0.5,0.6,161,consolidated
0.3,0.2,0.4,161,imagined
0.8,0.7,0.6,162,original
0.8,0.6,0.7,162,encoded
0.8,0.6,0.7,162,consolidated
0.8,0.7,0.6,162,imagined
0.8,0.6,0.7,163,original
0.8,0.6,0.7,163,encoded
0.7,0.5,0.6,163,consolidated
0.3,0.2,0.4,163,imagined
0.8,0.6,0.7,164,original
0.7,0.5,0.6,164,encoded
0.6,0.4,0.5,164,consolidated
0.2,0.1,0.3,164,imagined
0.7,0.6,0.7,165,original
0.7,0.6,0.7,165,encoded
0.7,0.6,0.5,165,consolidated
0.4,0.3,0.5,165,imagined
0.8,0.6,0.7,166,original
0.7,0.6,0.5,166,encoded
0.7,0.6,0.5,166,consolidated
0.7,0.6,0.5,166,imagined
0.7,0.5,0.6,167,original
0.7,0.5,0.6,167,encoded
0.8,0.6,0.7,167,consolidated
0.6,0.5,0.4,167,imagined
0.8,0.6,0.7,168,original
0.8,0.6,0.7,168,encoded
0.8,0.6,0.7,168,consolidated
0.9,0.8,0.9,168,imagined
0.8,0.6,0.7,169,original
0.3,0.2,0.4,169,encoded
0.6,0.4,0.5,169,consolidated
0.8,0.7,0.6,169,imagined
0.8,0.7,0.6,170,original
0.8,0.5,0.6,170,encoded
0.8,0.5,0.6,170,consolidated
0.7,0.5,0.6,170,imagined
0.6,0.4,0.5,171,original
0.5,0.4,0.4,171,encoded
0.5,0.4,0.4,171,consolidated
0.6,0.5,0.4,171,imagined
0.6,0.5,0.5,172,original
0.6,0.5,0.5,172,encoded
0.3,0.2,0.4,172,consolidated
0.3,0.2,0.4,172,imagined
0.8,0.6,0.7,173,original
0.8,0.6,0.7,173,encoded
0.8,0.6,0.7,173,consolidated
0.7,0.5,0.6,173,imagined
0.6,0.4,0.5,174,original
0.7,0.6,0.5,174,encoded
0.7,0.5,0.6,174,consolidated
0.8,0.6,0.7,174,imagined
0.8,0.6,0.7,175,original
0.7,0.5,0.6,175,encoded
0.8,0.6,0.7,175,consolidated
0.3,0.2,0.4,175,imagined
0.7,0.5,0.6,176,original
0.8,0.6,0.7,176,encoded
0.6,0.5,0.5,176,consolidated
0.2,0.1,0.3,176,imagined
0.8,0.6,0.7,177,original
0.8,0.5,0.6,177,encoded
0.8,0.6,0.7,177,consolidated
0.8,0.6,0.7,177,imagined
0.8,0.6,0.7,178,original
0.8,0.5,0.6,178,encoded
0.8,0.5,0.6,178,consolidated
0.2,0.1,0.3,178,imagined
0.8,0.6,0.7,179,original
0.8,0.6,0.7,179,encoded
0.8,0.6,0.7,179,consolidated
0.4,0.3,0.5,179,imagined
0.7,0.6,0.5,180,original
0.8,0.6,0.7,180,encoded
0.8,0.6,0.7,180,consolidated
0.4,0.3,0.4,180,imagined
0.8,0.6,0.7,181,original
0.7,0.5,0.6,181,encoded
0.7,0.5,0.6,181,consolidated
0.5,0.3,0.4,181,imagined
0.6,0.4,0.5,182,original
0.4,0.3,0.5,182,encoded
0.5,0.4,0.5,182,consolidated
0.3,0.2,0.4,182,imagined
0.6,0.4,0.5,183,original
0.6,0.4,0.5,183,encoded
0.4,0.3,0.4,183,consolidated
0.6,0.4,0.5,183,imagined
0.7,0.5,0.6,184,original
0.7,0.5,0.6,184,encoded
0.8,0.6,0.7,184,consolidated
0.8,0.7,0.6,184,imagined
0.6,0.5,0.5,185,original
0.7,0.6,0.5,185,encoded
0.7,0.6,0.5,185,consolidated
0.7,0.6,0.5,185,imagined
0.6,0.4,0.5,186,original
0.8,0.6,0.7,186,encoded
0.8,0.6,0.7,186,consolidated
0.3,0.2,0.4,186,imagined
0.8,0.6,0.7,187,original
0.8,0.6,0.7,187,encoded
0.8,0.6,0.7,187,consolidated
0.7,0.6,0.5,187,imagined
0.8,0.7,0.6,188,original
0.7,0.6,0.5,188,encoded
0.7,0.5,0.6,188,consolidated
0.5,0.4,0.5,188,imagined
0.8,0.5,0.7,189,original
0.6,0.4,0.5,189,encoded
0.7,0.5,0.6,189,consolidated
0.9,0.8,0.7,189,imagined
0.6,0.4,0.5,190,original
0.7,0.5,0.6,190,encoded
0.7,0.5,0.6,190,consolidated
0.4,0.3,0.5,190,imagined
0.7,0.6,0.5,191,original
0.6,0.4,0.5,191,encoded
0.6,0.4,0.5,191,consolidated
0.7,0.6,0.5,191,imagined
0.9,0.7,0.8,192,original
0.9,0.8,0.7,192,encoded
0.9,0.8,0.7,192,consolidated
0.9,0.8,0.7,192,imagined
0.7,0.4,0.5,193,original
0.5,0.3,0.4,193,encoded
0.4,0.2,0.3,193,consolidated
0.2,0.1,0.3,193,imagined
0.8,0.6,0.7,194,original
0.7,0.5,0.6,194,encoded
0.7,0.5,0.6,194,consolidated
0.8,0.6,0.7,194,imagined
0.7,0.6,0.5,195,original
0.5,0.4,0.5,195,encoded
0.4,0.5,0.4,195,consolidated
0.5,0.4,0.5,195,imagined
0.7,0.5,0.6,196,original
0.7,0.5,0.6,196,encoded
0.6,0.4,0.5,196,consolidated
0.3,0.2,0.4,196,imagined
0.8,0.6,0.7,197,original
0.8,0.6,0.7,197,encoded
0.6,0.5,0.5,197,consolidated
0.2,0.1,0.3,197,imagined
0.7,0.5,0.6,198,original
0.7,0.6,0.5,198,encoded
0.8,0.6,0.7,198,consolidated
0.7,0.5,0.6,198,imagined
0.8,0.6,0.7,199,original
0.8,0.6,0.7,199,encoded
0.8,0.6,0.7,199,consolidated
0.8,0.7,0.6,199,imagined
0.7,0.5,0.6,200,original
0.7,0.5,0.6,200,encoded
0.6,0.4,0.5,200,consolidated
0.3,0.2,0.4,200,imagined
0.6,0.4,0.5,201,original
0.7,0.6,0.5,201,encoded
0.6,0.5,0.4,201,consolidated
0.6,0.5,0.4,201,imagined
0.7,0.5,0.6,202,original
0.6,0.4,0.5,202,encoded
0.7,0.4,0.5,202,consolidated
0.6,0.4,0.5,202,imagined
0.6,0.4,0.5,203,original
0.7,0.5,0.6,203,encoded
0.5,0.3,0.4,203,consolidated
0.7,0.5,0.6,203,imagined
0.8,0.6,0.7,204,original
0.8,0.6,0.7,204,encoded
0.7,0.5,0.6,204,consolidated
0.6,0.5,0.4,204,imagined
0.7,0.5,0.6,205,original
0.6,0.4,0.5,205,encoded
0.7,0.5,0.6,205,consolidated
0.8,0.7,0.6,205,imagined
0.6,0.4,0.5,206,original
0.8,0.6,0.7,206,encoded
0.5,0.4,0.5,206,consolidated
0.2,0.1,0.3,206,imagined
0.6,0.5,0.4,207,original
0.8,0.6,0.7,207,encoded
0.7,0.5,0.6,207,consolidated
0.5,0.4,0.4,207,imagined
0.8,0.6,0.7,208,original
0.8,0.6,0.7,208,encoded
0.6,0.5,0.5,208,consolidated
0.3,0.2,0.4,208,imagined
0.8,0.7,0.9,209,original
0.7,0.5,0.6,209,encoded
0.9,0.7,0.8,209,consolidated
0.3,0.2,0.4,209,imagined
0.5,0.4,0.5,210,original
0.7,0.5,0.6,210,encoded
0.6,0.5,0.4,210,consolidated
0.6,0.5,0.4,210,imagined
0.9,0.7,0.8,211,original
0.8,0.6,0.7,211,encoded
0.8,0.5,0.7,211,consolidated
0.8,0.6,0.7,211,imagined
0.5,0.4,0.4,212,original
0.5,0.4,0.4,212,encoded
0.5,0.4,0.4,212,consolidated
0.4,0.3,0.4,212,imagined
0.6,0.4,0.5,213,original
0.6,0.4,0.5,213,encoded
0.6,0.4,0.5,213,consolidated
0.7,0.6,0.5,213,imagined
0.8,0.6,0.7,214,original
0.7,0.5,0.6,214,encoded
0.7,0.5,0.6,214,consolidated
0.4,0.3,0.5,214,imagined
0.7,0.5,0.6,215,original
0.8,0.6,0.7,215,encoded
0.7,0.5,0.6,215,consolidated
0.5,0.4,0.4,215,imagined
0.6,0.4,0.5,216,original
0.6,0.4,0.5,216,encoded
0.6,0.4,0.5,216,consolidated
0.7,0.6,0.5,216,imagined
0.6,0.4,0.5,217,original
0.4,0.3,0.5,217,encoded
0.4,0.3,0.5,217,consolidated
0.3,0.2,0.4,217,imagined
0.8,0.6,0.7,218,original
0.8,0.5,0.7,218,encoded
0.8,0.5,0.7,218,consolidated
0.8,0.7,0.6,218,imagined
0.7,0.5,0.6,219,original
0.6,0.4,0.5,219,encoded
0.7,0.5,0.6,219,consolidated
0.4,0.3,0.5,219,imagined
0.7,0.5,0.6,220,original
0.7,0.6,0.5,220,encoded
0.7,0.5,0.6,220,consolidated
0.6,0.5,0.4,220,imagined
0.9,0.7,0.8,221,original
0.7,0.5,0.6,221,encoded
0.8,0.6,0.7,221,consolidated
0.4,0.3,0.5,221,imagined
0.6,0.4,0.5,222,original
0.7,0.5,0.6,222,encoded
0.6,0.4,0.5,222,consolidated
0.8,0.7,0.6,222,imagined
0.7,0.5,0.6,223,original
0.6,0.4,0.5,223,encoded
0.6,0.4,0.5,223,consolidated
0.8,0.7,0.6,223,imagined
0.8,0.6,0.7,224,original
0.8,0.6,0.7,224,encoded
0.7,0.5,0.6,224,consolidated
0.5,0.3,0.4,224,imagined
0.8,0.5,0.6,225,original
0.8,0.4,0.5,225,encoded
0.7,0.4,0.5,225,consolidated
0.6,0.4,0.5,225,imagined
0.8,0.7,0.8,226,original
0.8,0.7,0.6,226,encoded
0.8,0.6,0.7,226,consolidated
0.8,0.7,0.6,226,imagined
0.7,0.5,0.6,227,original
0.7,0.5,0.6,227,encoded
0.7,0.5,0.6,227,consolidated
0.8,0.6,0.7,227,imagined
0.6,0.4,0.5,228,original
0.5,0.4,0.5,228,encoded
0.6,0.4,0.5,228,consolidated
0.2,0.1,0.3,228,imagined
0.6,0.4,0.5,229,original
0.6,0.4,0.5,229,encoded
0.7,0.4,0.5,229,consolidated
0.6,0.4,0.5,229,imagined
0.8,0.6,0.7,230,original
0.8,0.5,0.6,230,encoded
0.7,0.5,0.6,230,consolidated
0.3,0.2,0.4,230,imagined
0.5,0.4,0.5,231,original
0.5,0.3,0.4,231,encoded
0.6,0.4,0.5,231,consolidated
0.2,0.1,0.3,231,imagined
0.7,0.5,0.6,232,original
0.7,0.4,0.5,232,encoded
0.6,0.4,0.5,232,consolidated
0.8,0.6,0.7,232,imagined
0.7,0.5,0.6,233,original
0.8,0.6,0.7,233,encoded
0.8,0.6,0.7,233,consolidated
0.8,0.6,0.7,233,imagined
0.8,0.6,0.7,234,original
0.8,0.5,0.6,234,encoded
0.8,0.5,0.6,234,consolidated
0.7,0.5,0.6,234,imagined
0.5,0.4,0.5,235,original
0.9,0.7,0.8,235,encoded
0.8,0.6,0.7,235,consolidated
0.6,0.5,0.4,235,imagined
0.8,0.6,0.7,236,original
0.7,0.5,0.6,236,encoded
0.8,0.7,0.6,236,consolidated
0.8,0.7,0.6,236,imagined
0.7,0.5,0.6,237,original
0.6,0.4,0.5,237,encoded
0.6,0.4,0.5,237,consolidated
0.7,0.6,0.5,237,imagined
0.6,0.4,0.5,238,original
0.6,0.5,0.5,238,encoded
0.7,0.5,0.6,238,consolidated
0.4,0.3,0.5,238,imagined
0.7,0.6,0.5,239,original
0.7,0.5,0.6,239,encoded
0.8,0.6,0.7,239,consolidated
0.3,0.2,0.2,239,imagined
0.6,0.4,0.5,240,original
0.6,0.4,0.5,240,encoded
0.7,0.4,0.5,240,consolidated
0.2,0.1,0.3,240,imagined
0.6,0.5,0.4,241,original
0.6,0.4,0.5,241,encoded
0.4,0.3,0.5,241,consolidated
0.3,0.2,0.4,241,imagined
0.6,0.4,0.5,242,original
0.6,0.5,0.4,242,encoded
0.6,0.5,0.4,242,consolidated
0.6,0.5,0.4,242,imagined
0.8,0.6,0.7,243,original
0.8,0.5,0.6,243,encoded
0.7,0.6,0.5,243,consolidated
0.8,0.7,0.6,243,imagined
0.7,0.4,0.6,244,original
0.7,0.5,0.6,244,encoded
0.6,0.4,0.5,244,consolidated
0.8,0.7,0.6,244,imagined
0.8,0.7,0.6,245,original
0.8,0.6,0.7,245,encoded
0.8,0.6,0.7,245,consolidated
0.8,0.7,0.6,245,imagined
0.8,0.5,0.7,246,original
0.8,0.6,0.7,246,encoded
0.8,0.6,0.7,246,consolidated
0.9,0.8,0.7,246,imagined
0.7,0.5,0.6,247,original
0.4,0.3,0.4,247,encoded
0.4,0.3,0.5,247,consolidated
0.6,0.5,0.5,247,imagined
0.8,0.6,0.7,248,original
0.8,0.5,0.7,248,encoded
0.7,0.5,0.6,248,consolidated
0.8,0.7,0.6,248,imagined
0.7,0.4,0.6,249,original
0.6,0.4,0.5,249,encoded
0.6,0.4,0.5,249,consolidated
0.5,0.3,0.4,249,imagined
0.6,0.4,0.5,250,original
0.4,0.3,0.5,250,encoded
0.4,0.3,0.5,250,consolidated
0.4,0.3,0.5,250,imagined
0.6,0.4,0.5,251,original
0.7,0.5,0.6,251,encoded
0.5,0.3,0.4,251,consolidated
0.2,0.3,0.4,251,imagined
0.8,0.5,0.6,252,original
0.7,0.5,0.6,252,encoded
0.7,0.5,0.6,252,consolidated
0.7,0.5,0.6,252,imagined
0.6,0.4,0.5,253,original
0.5,0.3,0.4,253,encoded
0.8,0.4,0.6,253,consolidated
0.9,0.8,0.7,253,imagined
0.7,0.5,0.6,254,original
0.5,0.3,0.4,254,encoded
0.5,0.3,0.4,254,consolidated
0.4,0.3,0.5,254,imagined
0.6,0.4,0.5,255,original
0.7,0.5,0.6,255,encoded
0.8,0.5,0.7,255,consolidated
0.2,0.1,0.3,255,imagined
0.8,0.6,0.7,256,original
0.7,0.6,0.5,256,encoded
0.6,0.5,0.5,256,consolidated
0.2,0.1,0.3,256,imagined
0.9,0.8,0.7,257,original
0.8,0.7,0.6,257,encoded
0.9,0.8,0.7,257,consolidated
0.8,0.7,0.6,257,imagined
0.7,0.5,0.6,258,original
0.9,0.8,0.9,258,encoded
0.7,0.6,0.5,258,consolidated
0.7,0.6,0.5,258,imagined
0.5,0.4,0.5,259,original
0.4,0.3,0.4,259,encoded
0.5,0.4,0.5,259,consolidated
0.6,0.5,0.4,259,imagined
0.4,0.3,0.4,260,original
0.4,0.3,0.4,260,encoded
0.3,0.2,0.2,260,consolidated
0.4,0.3,0.5,260,imagined
0.6,0.4,0.5,261,original
0.5,0.3,0.4,261,encoded
0.6,0.3,0.5,261,consolidated
0.2,0.1,0.3,261,imagined
0.7,0.4,0.6,262,original
0.7,0.5,0.6,262,encoded
0.7,0.4,0.5,262,consolidated
0.8,0.7,0.6,262,imagined
0.8,0.6,0.7,263,original
0.7,0.5,0.6,263,encoded
0.7,0.6,0.5,263,consolidated
0.7,0.6,0.5,263,imagined
0.8,0.7,0.9,264,original
0.8,0.7,0.6,264,encoded
0.8,0.7,0.6,264,consolidated
0.3,0.2,0.4,264,imagined
0.4,0.3,0.5,265,original
0.6,0.4,0.5,265,encoded
0.6,0.3,0.5,265,consolidated
0.5,0.4,0.5,265,imagined
0.7,0.5,0.6,266,original
0.7,0.4,0.6,266,encoded
0.6,0.4,0.5,266,consolidated
0.7,0.6,0.5,266,imagined
0.6,0.4,0.5,267,original
0.8,0.6,0.7,267,encoded
0.8,0.6,0.7,267,consolidated
0.7,0.6,0.5,267,imagined
0.7,0.5,0.6,268,original
0.8,0.6,0.7,268,encoded
0.5,0.4,0.5,268,consolidated
0.4,0.3,0.5,268,imagined
0.6,0.4,0.5,269,original
0.7,0.5,0.6,269,encoded
0.7,0.5,0.6,269,consolidated
0.5,0.4,0.5,269,imagined
0.8,0.6,0.7,270,original
0.8,0.6,0.7,270,encoded
0.8,0.6,0.7,270,consolidated
0.7,0.6,0.5,270,imagined
0.6,0.4,0.5,271,original
0.6,0.4,0.5,271,encoded
0.6,0.4,0.5,271,consolidated
0.7,0.6,0.7,271,imagined
0.7,0.5,0.6,272,original
0.8,0.6,0.7,272,encoded
0.8,0.6,0.7,272,consolidated
0.8,0.7,0.6,272,imagined
0.7,0.5,0.6,273,original
0.7,0.5,0.6,273,encoded
0.7,0.5,0.6,273,consolidated
0.3,0.2,0.4,273,imagined
0.8,0.6,0.7,274,original
0.8,0.7,0.6,274,encoded
0.8,0.7,0.6,274,consolidated
0.6,0.5,0.4,274,imagined
0.4,0.3,0.4,275,original
0.5,0.4,0.3,275,encoded
0.5,0.4,0.3,275,consolidated
0.2,0.1,0.3,275,imagined
0.8,0.6,0.7,276,original
0.7,0.5,0.6,276,encoded
0.8,0.6,0.7,276,consolidated
0.8,0.6,0.7,276,imagined
0.7,0.5,0.6,277,original
0.4,0.3,0.4,277,encoded
0.7,0.5,0.6,277,consolidated
0.2,0.1,0.3,277,imagined
0.6,0.4,0.5,278,original
0.5,0.4,0.5,278,encoded
0.5,0.3,0.4,278,consolidated
0.5,0.4,0.4,278,imagined
0.7,0.5,0.6,279,original
0.6,0.4,0.5,279,encoded
0.7,0.5,0.6,279,consolidated
0.8,0.7,0.6,279,imagined
0.7,0.5,0.6,280,original
0.8,0.5,0.7,280,encoded
0.5,0.4,0.4,280,consolidated
0.6,0.5,0.5,280,imagined
0.5,0.4,0.5,281,original
0.6,0.4,0.5,281,encoded
0.6,0.4,0.5,281,consolidated
0.4,0.3,0.5,281,imagined
0.7,0.6,0.5,282,original
0.6,0.5,0.5,282,encoded
0.7,0.6,0.5,282,consolidated
0.7,0.6,0.5,282,imagined
0.8,0.6,0.7,283,original
0.8,0.6,0.7,283,encoded
0.6,0.5,0.4,283,consolidated
0.3,0.2,0.4,283,imagined
0.8,0.6,0.7,284,original
0.6,0.4,0.5,284,encoded
0.4,0.3,0.4,284,consolidated
0.6,0.4,0.5,284,imagined
0.6,0.4,0.5,285,original
0.5,0.3,0.4,285,encoded
0.6,0.4,0.5,285,consolidated
0.4,0.3,0.5,285,imagined
0.8,0.7,0.6,286,original
0.8,0.6,0.7,286,encoded
0.7,0.5,0.6,286,consolidated
0.7,0.6,0.5,286,imagined
0.8,0.6,0.7,287,original
0.5,0.3,0.4,287,encoded
0.6,0.4,0.5,287,consolidated
0.6,0.5,0.5,287,imagined
0.7,0.5,0.6,288,original
0.8,0.5,0.6,288,encoded
0.8,0.6,0.7,288,consolidated
0.7,0.6,0.5,288,imagined
0.6,0.3,0.5,289,original
0.8,0.5,0.6,289,encoded
0.5,0.3,0.4,289,consolidated
0.2,0.1,0.3,289,imagined
0.8,0.7,0.8,290,original
0.8,0.6,0.7,290,encoded
0.7,0.5,0.6,290,consolidated
0.7,0.5,0.6,290,imagined
0.8,0.6,0.7,291,original
0.8,0.6,0.7,291,encoded
0.8,0.6,0.7,291,consolidated
0.6,0.5,0.4,291,imagined
0.8,0.6,0.7,292,original
0.6,0.4,0.5,292,encoded
0.6,0.4,0.5,292,consolidated
0.3,0.4,0.2,292,imagined
0.6,0.4,0.5,293,original
0.6,0.4,0.5,293,encoded
0.4,0.3,0.5,293,consolidated
0.3,0.2,0.4,293,imagined
0.8,0.6,0.7,294,original
0.7,0.5,0.6,294,encoded
0.8,0.6,0.7,294,consolidated
0.5,0.4,0.5,294,imagined
0.6,0.4,0.5,295,original
0.8,0.6,0.7,295,encoded
0.7,0.5,0.6,295,consolidated
0.7,0.5,0.6,295,imagined
0.7,0.5,0.6,296,original
0.7,0.5,0.6,296,encoded
0.7,0.6,0.5,296,consolidated
0.8,0.7,0.6,296,imagined
0.6,0.4,0.5,297,original
0.7,0.5,0.6,297,encoded
0.8,0.6,0.7,297,consolidated
0.2,0.1,0.3,297,imagined
0.7,0.4,0.5,298,original
0.7,0.4,0.6,298,encoded
0.7,0.5,0.6,298,consolidated
0.3,0.2,0.4,298,imagined
0.8,0.6,0.7,299,original
0.7,0.5,0.6,299,encoded
0.6,0.5,0.5,299,consolidated
0.3,0.2,0.4,299,imagined
0.6,0.5,0.5,300,original
0.6,0.5,0.5,300,encoded
0.6,0.5,0.5,300,consolidated
0.5,0.4,0.4,300,imagined
0.6,0.4,0.5,301,original
0.6,0.4,0.5,301,encoded
0.6,0.4,0.5,301,consolidated
0.8,0.6,0.7,301,imagined
0.7,0.5,0.6,302,original
0.4,0.3,0.4,302,encoded
0.4,0.3,0.3,302,consolidated
0.8,0.7,0.6,302,imagined
0.8,0.6,0.7,303,original
0.7,0.5,0.6,303,encoded
0.4,0.2,0.3,303,consolidated
0.8,0.7,0.6,303,imagined
0.7,0.5,0.6,304,original
0.8,0.7,0.6,304,encoded
0.7,0.6,0.5,304,consolidated
0.4,0.3,0.5,304,imagined
0.6,0.4,0.5,305,original
0.7,0.5,0.6,305,encoded
0.6,0.4,0.5,305,consolidated
0.2,0.1,0.3,305,imagined
0.6,0.4,0.5,306,original
0.4,0.2,0.3,306,encoded
0.6,0.4,0.5,306,consolidated
0.4,0.3,0.4,306,imagined
0.8,0.7,0.6,307,original
0.8,0.7,0.6,307,encoded
0.9,0.8,0.7,307,consolidated
0.8,0.7,0.6,307,imagined
0.7,0.4,0.5,308,original
0.5,0.3,0.4,308,encoded
0.6,0.4,0.5,308,consolidated
0.4,0.3,0.5,308,imagined
0.7,0.6,0.5,309,original
0.4,0.3,0.5,309,encoded
0.3,0.2,0.4,309,consolidated
0.7,0.5,0.6,309,imagined
0.7,0.5,0.6,310,original
0.5,0.3,0.4,310,encoded
0.7,0.3,0.5,310,consolidated
0.4,0.5,0.3,310,imagined
0.8,0.6,0.7,311,original
0.8,0.5,0.6,311,encoded
0.6,0.4,0.5,311,consolidated
0.2,0.3,0.4,311,imagined
0.7,0.5,0.6,312,original
0.8,0.6,0.7,312,encoded
0.8,0.6,0.7,312,consolidated
0.5,0.4,0.5,312,imagined
0.4,0.3,0.4,313,original
0.6,0.4,0.5,313,encoded
0.7,0.4,0.6,313,consolidated
0.6,0.4,0.5,313,imagined
0.5,0.3,0.4,314,original
0.7,0.4,0.5,314,encoded
0.6,0.4,0.5,314,consolidated
0.8,0.5,0.6,314,imagined
0.7,0.5,0.6,315,original
0.7,0.5,0.6,315,encoded
0.7,0.5,0.6,315,consolidated
0.8,0.7,0.6,315,imagined
0.7,0.6,0.5,316,original
0.7,0.5,0.6,316,encoded
0.7,0.5,0.6,316,consolidated
0.7,0.6,0.5,316,imagined
0.8,0.5,0.6,317,original
0.8,0.6,0.7,317,encoded
0.8,0.6,0.7,317,consolidated
0.8,0.7,0.6,317,imagined
0.7,0.6,0.5,318,original
0.8,0.7,0.6,318,encoded
0.6,0.4,0.5,318,consolidated
0.6,0.5,0.5,318,imagined
0.8,0.6,0.7,319,original
0.8,0.6,0.7,319,encoded
0.8,0.6,0.7,319,consolidated
0.8,0.7,0.6,319,imagined
0.3,0.2,0.4,320,original
0.3,0.2,0.4,320,encoded
0.3,0.2,0.4,320,consolidated
0.5,0.4,0.5,320,imagined
0.8,0.6,0.7,321,original
0.7,0.5,0.6,321,encoded
0.6,0.4,0.5,321,consolidated
0.6,0.5,0.5,321,imagined
0.4,0.3,0.5,322,original
0.4,0.3,0.4,322,encoded
0.4,0.3,0.5,322,consolidated
0.6,0.5,0.4,322,imagined
0.7,0.5,0.6,323,original
0.8,0.7,0.6,323,encoded
0.8,0.6,0.7,323,consolidated
0.8,0.7,0.6,323,imagined
0.6,0.4,0.5,324,original
0.7,0.6,0.5,324,encoded
0.6,0.4,0.5,324,consolidated
0.3,0.2,0.4,324,imagined
0.8,0.6,0.7,325,original
0.8,0.5,0.6,325,encoded
0.8,0.6,0.7,325,consolidated
0.3,0.2,0.4,325,imagined
0.8,0.6,0.7,326,original
0.7,0.5,0.6,326,encoded
0.7,0.5,0.6,326,consolidated
0.3,0.2,0.4,326,imagined
0.6,0.4,0.5,327,original
0.5,0.3,0.4,327,encoded
0.3,0.2,0.2,327,consolidated
0.4,0.3,0.5,327,imagined
0.8,0.6,0.7,328,original
0.8,0.7,0.6,328,encoded
0.8,0.7,0.6,328,consolidated
0.8,0.7,0.6,328,imagined
0.6,0.4,0.5,329,original
0.6,0.4,0.5,329,encoded
0.6,0.4,0.5,329,consolidated
0.4,0.3,0.5,329,imagined
0.7,0.5,0.6,330,original
0.6,0.4,0.5,330,encoded
0.8,0.6,0.7,330,consolidated
0.7,0.5,0.6,330,imagined
0.7,0.5,0.6,331,original
0.7,0.5,0.6,331,encoded
0.6,0.5,0.5,331,consolidated
0.4,0.3,0.5,331,imagined
0.7,0.5,0.6,332,original
0.6,0.4,0.5,332,encoded
0.6,0.4,0.5,332,consolidated
0.6,0.5,0.4,332,imagined
0.5,0.4,0.5,333,original
0.6,0.5,0.4,333,encoded
0.6,0.5,0.4,333,consolidated
0.6,0.5,0.5,333,imagined
0.7,0.6,0.5,334,original
0.7,0.6,0.5,334,encoded
0.6,0.5,0.4,334,consolidated
0.8,0.7,0.6,334,imagined
0.7,0.5,0.6,335,original
0.7,0.5,0.6,335,encoded
0.6,0.4,0.5,335,consolidated
0.7,0.5,0.6,335,imagined
0.8,0.6,0.7,336,original
0.8,0.6,0.7,336,encoded
0.8,0.6,0.7,336,consolidated
0.7,0.6,0.5,336,imagined
0.8,0.6,0.7,337,original
0.8,0.5,0.7,337,encoded
0.6,0.4,0.5,337,consolidated
0.6,0.5,0.4,337,imagined
0.8,0.6,0.7,338,original
0.7,0.5,0.6,338,encoded
0.7,0.5,0.6,338,consolidated
0.7,0.5,0.6,338,imagined
0.6,0.4,0.5,339,original
0.6,0.4,0.5,339,encoded
0.5,0.4,0.5,339,consolidated
0.7,0.6,0.5,339,imagined
0.7,0.6,0.7,340,original
0.7,0.5,0.6,340,encoded
0.6,0.4,0.5,340,consolidated
0.6,0.5,0.4,340,imagined
0.5,0.3,0.4,341,original
0.6,0.4,0.5,341,encoded
0.5,0.3,0.4,341,consolidated
0.4,0.3,0.5,341,imagined
0.7,0.5,0.6,342,original
0.6,0.4,0.5,342,encoded
0.5,0.4,0.4,342,consolidated
0.5,0.4,0.5,342,imagined
0.8,0.7,0.9,343,original
0.7,0.5,0.6,343,encoded
0.8,0.6,0.7,343,consolidated
0.2,0.1,0.3,343,imagined
0.6,0.4,0.5,344,original
0.6,0.4,0.5,344,encoded
0.7,0.3,0.5,344,consolidated
0.7,0.5,0.6,344,imagined
0.6,0.4,0.5,345,original
0.7,0.5,0.6,345,encoded
0.7,0.5,0.6,345,consolidated
0.4,0.3,0.5,345,imagined
0.6,0.4,0.5,346,original
0.7,0.5,0.6,346,encoded
0.6,0.4,0.5,346,consolidated
0.7,0.6,0.5,346,imagined
0.8,0.6,0.7,347,original
0.6,0.4,0.5,347,encoded
0.6,0.5,0.5,347,consolidated
0.7,0.6,0.5,347,imagined
0.5,0.4,0.4,348,original
0.6,0.5,0.4,348,encoded
0.5,0.4,0.5,348,consolidated
0.4,0.3,0.5,348,imagined
0.6,0.4,0.5,349,original
0.6,0.4,0.5,349,encoded
0.4,0.3,0.4,349,consolidated
0.3,0.2,0.4,349,imagined
0.7,0.5,0.6,350,original
0.7,0.5,0.6,350,encoded
0.8,0.5,0.6,350,consolidated
0.7,0.6,0.5,350,imagined
0.8,0.6,0.7,351,original
0.7,0.5,0.6,351,encoded
0.7,0.5,0.6,351,consolidated
0.8,0.6,0.7,351,imagined
0.7,0.5,0.6,352,original
0.8,0.6,0.7,352,encoded
0.6,0.4,0.5,352,consolidated
0.3,0.2,0.4,352,imagined
0.6,0.4,0.5,353,original
0.4,0.3,0.5,353,encoded
0.4,0.3,0.5,353,consolidated
0.5,0.4,0.5,353,imagined
0.7,0.5,0.6,354,original
0.7,0.6,0.5,354,encoded
0.7,0.5,0.6,354,consolidated
0.6,0.5,0.4,354,imagined
0.7,0.6,0.5,355,original
0.6,0.4,0.5,355,encoded
0.5,0.4,0.4,355,consolidated
0.6,0.5,0.4,355,imagined
0.7,0.5,0.6,356,original
0.8,0.7,0.6,356,encoded
0.8,0.7,0.6,356,consolidated
0.7,0.6,0.5,356,imagined
0.7,0.5,0.6,357,original
0.6,0.5,0.4,357,encoded
0.6,0.5,0.5,357,consolidated
0.6,0.5,0.4,357,imagined
0.8,0.6,0.7,358,original
0.8,0.7,0.8,358,encoded
0.9,0.8,0.9,358,consolidated
0.3,0.2,0.4,358,imagined
0.5,0.3,0.4,359,original
0.8,0.6,0.7,359,encoded
0.3,0.2,0.4,359,consolidated
0.2,0.1,0.3,359,imagined
0.5,0.4,0.5,360,original
0.6,0.4,0.5,360,encoded
0.5,0.4,0.4,360,consolidated
0.7,0.5,0.6,360,imagined
0.8,0.6,0.7,361,original
0.6,0.4,0.5,361,encoded
0.6,0.5,0.4,361,consolidated
0.9,0.8,0.7,361,imagined
0.9,0.8,0.8,362,original
0.8,0.6,0.7,362,encoded
0.8,0.6,0.7,362,consolidated
0.6,0.5,0.4,362,imagined
0.6,0.4,0.5,363,original
0.6,0.5,0.4,363,encoded
0.6,0.4,0.5,363,consolidated
0.7,0.6,0.5,363,imagined
0.9,0.7,0.8,364,original
0.8,0.6,0.7,364,encoded
0.8,0.6,0.7,364,consolidated
0.8,0.6,0.7,364,imagined
0.7,0.6,0.5,365,original
0.8,0.7,0.6,365,encoded
0.8,0.7,0.6,365,consolidated
0.5,0.4,0.5,365,imagined
0.6,0.4,0.5,366,original
0.6,0.5,0.5,366,encoded
0.7,0.5,0.6,366,consolidated
0.6,0.5,0.5,366,imagined
0.8,0.6,0.7,367,original
0.6,0.4,0.5,367,encoded
0.3,0.2,0.4,367,consolidated
0.2,0.1,0.3,367,imagined
0.6,0.4,0.5,368,original
0.7,0.5,0.6,368,encoded
0.6,0.4,0.5,368,consolidated
0.5,0.4,0.3,368,imagined
0.6,0.4,0.5,369,original
0.6,0.4,0.5,369,encoded
0.6,0.4,0.5,369,consolidated
0.7,0.6,0.5,369,imagined
0.4,0.3,0.5,370,original
0.7,0.5,0.6,370,encoded
0.4,0.3,0.5,370,consolidated
0.7,0.5,0.6,370,imagined
0.4,0.3,0.4,371,original
0.5,0.4,0.4,371,encoded
0.5,0.3,0.4,371,consolidated
0.2,0.1,0.3,371,imagined
0.8,0.6,0.7,372,original
0.8,0.6,0.7,372,encoded
0.8,0.6,0.7,372,consolidated
0.7,0.6,0.5,372,imagined
0.4,0.3,0.4,373,original
0.4,0.3,0.4,373,encoded
0.4,0.3,0.4,373,consolidated
0.7,0.5,0.6,373,imagined
0.4,0.3,0.5,374,original
0.4,0.3,0.4,374,encoded
0.4,0.3,0.4,374,consolidated
0.2,0.3,0.4,374,imagined
0.8,0.6,0.7,375,original
0.8,0.7,0.6,375,encoded
0.8,0.7,0.6,375,consolidated
0.8,0.7,0.6,375,imagined
0.7,0.5,0.6,376,original
0.7,0.5,0.6,376,encoded
0.8,0.6,0.7,376,consolidated
0.7,0.5,0.6,376,imagined
0.8,0.6,0.7,377,original
0.7,0.3,0.6,377,encoded
0.8,0.4,0.7,377,consolidated
0.3,0.2,0.4,377,imagined
0.6,0.4,0.5,378,original
0.7,0.5,0.6,378,encoded
0.7,0.5,0.6,378,consolidated
0.7,0.5,0.6,378,imagined
0.8,0.5,0.6,379,original
0.6,0.4,0.5,379,encoded
0.6,0.4,0.5,379,consolidated
0.8,0.6,0.7,379,imagined
0.6,0.4,0.5,380,original
0.7,0.5,0.6,380,encoded
0.6,0.4,0.5,380,consolidated
0.8,0.7,0.6,380,imagined
0.6,0.5,0.5,381,original
0.7,0.6,0.5,381,encoded
0.7,0.5,0.6,381,consolidated
0.4,0.3,0.5,381,imagined
0.7,0.6,0.7,382,original
0.7,0.5,0.6,382,encoded
0.7,0.6,0.5,382,consolidated
0.8,0.7,0.7,382,imagined
0.8,0.6,0.7,383,original
0.8,0.6,0.7,383,encoded
0.8,0.5,0.7,383,consolidated
0.3,0.2,0.4,383,imagined
0.8,0.6,0.7,384,original
0.7,0.5,0.6,384,encoded
0.7,0.5,0.6,384,consolidated
0.7,0.6,0.5,384,imagined
0.6,0.4,0.5,385,original
0.7,0.5,0.6,385,encoded
0.6,0.4,0.5,385,consolidated
0.8,0.7,0.6,385,imagined
0.7,0.4,0.6,386,original
0.8,0.4,0.7,386,encoded
0.7,0.5,0.6,386,consolidated
0.3,0.2,0.4,386,imagined
0.5,0.4,0.5,387,original
0.6,0.4,0.5,387,encoded
0.5,0.3,0.4,387,consolidated
0.7,0.5,0.6,387,imagined
0.8,0.6,0.7,388,original
0.8,0.5,0.7,388,encoded
0.8,0.6,0.7,388,consolidated
0.8,0.7,0.6,388,imagined
0.9,0.7,0.8,389,original
0.8,0.5,0.6,389,encoded
0.8,0.6,0.7,389,consolidated
0.3,0.2,0.4,389,imagined
0.8,0.7,0.6,390,original
0.7,0.6,0.5,390,encoded
0.7,0.6,0.5,390,consolidated
0.7,0.6,0.5,390,imagined
0.9,0.7,0.8,391,original
0.8,0.6,0.7,391,encoded
0.8,0.6,0.7,391,consolidated
0.2,0.1,0.3,391,imagined
0.7,0.5,0.6,392,original
0.8,0.5,0.7,392,encoded
0.8,0.5,0.7,392,consolidated
0.2,0.1,0.3,392,imagined
0.8,0.7,0.6,393,original
0.8,0.7,0.6,393,encoded
0.8,0.7,0.6,393,consolidated
0.4,0.3,0.5,393,imagined
0.7,0.4,0.5,394,original
0.7,0.5,0.6,394,encoded
0.8,0.5,0.6,394,consolidated
0.2,0.1,0.3,394,imagined
0.5,0.4,0.5,395,original
0.5,0.4,0.5,395,encoded
0.5,0.4,0.5,395,consolidated
0.7,0.6,0.5,395,imagined
0.8,0.6,0.7,396,original
0.6,0.5,0.5,396,encoded
0.6,0.5,0.4,396,consolidated
0.4,0.3,0.5,396,imagined
0.4,0.3,0.4,397,original
0.4,0.2,0.5,397,encoded
0.6,0.4,0.5,397,consolidated
0.3,0.2,0.4,397,imagined
0.7,0.5,0.6,398,original
0.7,0.5,0.6,398,encoded
0.7,0.5,0.6,398,consolidated
0.4,0.3,0.5,398,imagined
0.6,0.4,0.5,399,original
0.5,0.4,0.4,399,encoded
0.5,0.4,0.4,399,consolidated
0.7,0.6,0.5,399,imagined
0.6,0.4,0.5,400,original
0.7,0.5,0.6,400,encoded
0.7,0.5,0.6,400,consolidated
0.7,0.6,0.5,400,imagined
0.8,0.6,0.7,401,original
0.5,0.3,0.4,401,encoded
0.7,0.5,0.6,401,consolidated
0.7,0.5,0.6,401,imagined
0.5,0.4,0.5,402,original
0.5,0.4,0.3,402,encoded
0.6,0.4,0.5,402,consolidated
0.6,0.5,0.5,402,imagined
0.5,0.4,0.5,403,original
0.8,0.7,0.6,403,encoded
0.8,0.7,0.6,403,consolidated
0.7,0.5,0.6,403,imagined
0.6,0.4,0.5,404,original
0.6,0.4,0.5,404,encoded
0.6,0.4,0.5,404,consolidated
0.4,0.3,0.5,404,imagined
0.7,0.5,0.6,405,original
0.7,0.5,0.6,405,encoded
0.6,0.4,0.5,405,consolidated
0.8,0.7,0.6,405,imagined
0.7,0.5,0.6,406,original
0.8,0.6,0.7,406,encoded
0.8,0.5,0.6,406,consolidated
0.4,0.3,0.5,406,imagined
0.8,0.6,0.7,407,original
0.8,0.6,0.7,407,encoded
0.8,0.6,0.7,407,consolidated
0.5,0.3,0.4,407,imagined
0.8,0.5,0.7,408,original
0.7,0.5,0.6,408,encoded
0.7,0.5,0.6,408,consolidated
0.8,0.7,0.6,408,imagined
0.5,0.3,0.4,409,original
0.5,0.4,0.4,409,encoded
0.6,0.5,0.4,409,consolidated
0.3,0.2,0.4,409,imagined
0.8,0.6,0.7,410,original
0.8,0.6,0.7,410,encoded
0.8,0.6,0.7,410,consolidated
0.8,0.7,0.6,410,imagined
0.8,0.7,0.6,411,original
0.7,0.5,0.6,411,encoded
0.7,0.5,0.6,411,consolidated
0.3,0.2,0.4,411,imagined
0.6,0.4,0.5,412,original
0.5,0.3,0.4,412,encoded
0.5,0.3,0.4,412,consolidated
0.3,0.2,0.4,412,imagined
0.4,0.3,0.5,413,original
0.6,0.4,0.5,413,encoded
0.3,0.2,0.4,413,consolidated
0.3,0.2,0.4,413,imagined
0.7,0.5,0.6,414,original
0.7,0.5,0.6,414,encoded
0.7,0.5,0.6,414,consolidated
0.7,0.6,0.5,414,imagined
0.4,0.3,0.4,415,original
0.4,0.3,0.4,415,encoded
0.6,0.4,0.5,415,consolidated
0.3,0.2,0.4,415,imagined
0.6,0.4,0.5,416,original
0.6,0.4,0.5,416,encoded
0.8,0.6,0.7,416,consolidated
0.8,0.6,0.7,416,imagined
0.8,0.7,0.6,417,original
0.7,0.5,0.6,417,encoded
0.7,0.5,0.6,417,consolidated
0.8,0.7,0.6,417,imagined
0.5,0.3,0.4,418,original
0.5,0.4,0.4,418,encoded
0.5,0.4,0.4,418,consolidated
0.3,0.2,0.4,418,imagined
0.6,0.4,0.5,419,original
0.4,0.3,0.5,419,encoded
0.2,0.1,0.3,419,consolidated
0.3,0.2,0.4,419,imagined
0.8,0.6,0.7,420,original
0.9,0.7,0.8,420,encoded
0.8,0.6,0.7,420,consolidated
0.3,0.4,0.2,420,imagined
0.8,0.6,0.7,421,original
0.7,0.5,0.6,421,encoded
0.6,0.4,0.5,421,consolidated
0.6,0.5,0.5,421,imagined
0.6,0.5,0.4,422,original
0.6,0.4,0.5,422,encoded
0.6,0.4,0.5,422,consolidated
0.8,0.6,0.7,422,imagined
0.7,0.5,0.6,423,original
0.7,0.5,0.6,423,encoded
0.7,0.5,0.6,423,consolidated
0.3,0.2,0.4,423,imagined
0.8,0.6,0.7,424,original
0.7,0.5,0.6,424,encoded
0.5,0.4,0.4,424,consolidated
0.7,0.6,0.5,424,imagined
0.4,0.3,0.4,425,original
0.6,0.4,0.5,425,encoded
0.6,0.4,0.5,425,consolidated
0.6,0.5,0.5,425,imagined
0.6,0.4,0.5,426,original
0.4,0.3,0.4,426,encoded
0.3,0.2,0.4,426,consolidated
0.2,0.1,0.3,426,imagined
0.7,0.5,0.6,427,original
0.7,0.6,0.5,427,encoded
0.7,0.6,0.5,427,consolidated
0.7,0.6,0.5,427,imagined
0.6,0.5,0.5,428,original
0.6,0.4,0.5,428,encoded
0.3,0.2,0.4,428,consolidated
0.3,0.2,0.4,428,imagined
0.7,0.5,0.6,429,original
0.7,0.5,0.6,429,encoded
0.7,0.5,0.6,429,consolidated
0.8,0.7,0.6,429,imagined
0.8,0.6,0.7,430,original
0.6,0.5,0.5,430,encoded
0.6,0.5,0.5,430,consolidated
0.6,0.4,0.5,430,imagined
0.7,0.6,0.7,431,original
0.7,0.5,0.6,431,encoded
0.7,0.5,0.6,431,consolidated
0.8,0.7,0.6,431,imagined
0.7,0.5,0.6,432,original
0.8,0.5,0.7,432,encoded
0.8,0.5,0.7,432,consolidated
0.3,0.2,0.4,432,imagined
0.7,0.5,0.6,433,original
0.7,0.5,0.6,433,encoded
0.7,0.5,0.6,433,consolidated
0.7,0.6,0.5,433,imagined
0.4,0.3,0.5,434,original
0.5,0.4,0.5,434,encoded
0.5,0.3,0.4,434,consolidated
0.7,0.5,0.6,434,imagined
0.6,0.5,0.5,435,original
0.6,0.4,0.5,435,encoded
0.7,0.5,0.6,435,consolidated
0.4,0.3,0.5,435,imagined
0.7,0.5,0.6,436,original
0.7,0.5,0.6,436,encoded
0.7,0.5,0.6,436,consolidated
0.8,0.7,0.6,436,imagined
0.7,0.5,0.6,437,original
0.8,0.5,0.7,437,encoded
0.8,0.5,0.7,437,consolidated
0.3,0.2,0.4,437,imagined
0.9,0.7,0.8,438,original
0.6,0.4,0.5,438,encoded
0.7,0.5,0.6,438,consolidated
0.8,0.6,0.7,438,imagined
0.5,0.4,0.5,439,original
0.6,0.4,0.5,439,encoded
0.6,0.4,0.5,439,consolidated
0.6,0.5,0.5,439,imagined
0.8,0.6,0.7,440,original
0.8,0.6,0.7,440,encoded
0.8,0.6,0.7,440,consolidated
0.6,0.5,0.4,440,imagined
0.8,0.6,0.7,441,original
0.7,0.5,0.6,441,encoded
0.6,0.4,0.5,441,consolidated
0.2,0.1,0.3,441,imagined
0.7,0.5,0.6,442,original
0.6,0.4,0.5,442,encoded
0.6,0.4,0.5,442,consolidated
0.4,0.3,0.5,442,imagined
0.8,0.6,0.7,443,original
0.6,0.4,0.5,443,encoded
0.8,0.7,0.6,443,consolidated
0.8,0.7,0.8,443,imagined
0.5,0.4,0.3,444,original
0.7,0.5,0.6,444,encoded
0.6,0.5,0.4,444,consolidated
0.2,0.1,0.3,444,imagined
0.5,0.3,0.4,445,original
0.4,0.3,0.4,445,encoded
0.5,0.3,0.4,445,consolidated
0.8,0.6,0.7,445,imagined
0.8,0.5,0.7,446,original
0.8,0.6,0.7,446,encoded
0.7,0.5,0.6,446,consolidated
0.7,0.5,0.6,446,imagined
0.7,0.5,0.6,447,original
0.7,0.5,0.6,447,encoded
0.6,0.4,0.5,447,consolidated
0.6,0.4,0.5,447,imagined
0.6,0.3,0.4,448,original
0.6,0.4,0.5,448,encoded
0.6,0.4,0.5,448,consolidated
0.6,0.4,0.5,448,imagined
0.6,0.4,0.5,449,original
0.8,0.5,0.6,449,encoded
0.8,0.5,0.6,449,consolidated
0.2,0.1,0.3,449,imagined
0.9,0.7,0.8,450,original
0.8,0.6,0.7,450,encoded
0.6,0.3,0.4,450,consolidated
0.6,0.4,0.5,450,imagined
0.8,0.6,0.7,451,original
0.8,0.7,0.6,451,encoded
0.8,0.6,0.7,451,consolidated
0.3,0.2,0.4,451,imagined
0.7,0.5,0.6,452,original
0.7,0.4,0.5,452,encoded
0.7,0.4,0.5,452,consolidated
0.2,0.1,0.3,452,imagined
0.7,0.4,0.6,453,original
0.7,0.4,0.6,453,encoded
0.8,0.5,0.7,453,consolidated
0.2,0.1,0.3,453,imagined
0.8,0.6,0.7,454,original
0.8,0.6,0.7,454,encoded
0.8,0.6,0.7,454,consolidated
0.8,0.7,0.7,454,imagined
0.4,0.3,0.4,455,original
0.9,0.6,0.8,455,encoded
0.5,0.3,0.4,455,consolidated
0.4,0.3,0.5,455,imagined
0.6,0.4,0.5,456,original
0.4,0.3,0.4,456,encoded
0.4,0.3,0.4,456,consolidated
0.3,0.4,0.5,456,imagined
0.7,0.4,0.6,457,original
0.7,0.4,0.5,457,encoded
0.5,0.3,0.4,457,consolidated
0.6,0.5,0.4,457,imagined
0.8,0.6,0.7,458,original
0.8,0.7,0.6,458,encoded
0.8,0.7,0.6,458,consolidated
0.3,0.2,0.4,458,imagined
0.9,0.7,0.8,459,original
0.9,0.7,0.8,459,encoded
0.9,0.7,0.8,459,consolidated
0.7,0.5,0.6,459,imagined
0.8,0.6,0.7,460,original
0.8,0.5,0.6,460,encoded
0.8,0.5,0.6,460,consolidated
0.7,0.6,0.5,460,imagined
0.7,0.5,0.6,461,original
0.6,0.4,0.5,461,encoded
0.6,0.4,0.5,461,consolidated
0.7,0.6,0.5,461,imagined
0.8,0.6,0.7,462,original
0.7,0.5,0.6,462,encoded
0.8,0.6,0.7,462,consolidated
0.6,0.5,0.5,462,imagined
0.6,0.4,0.5,463,original
0.7,0.5,0.6,463,encoded
0.7,0.5,0.6,463,consolidated
0.8,0.7,0.6,463,imagined
0.7,0.5,0.6,464,original
0.6,0.5,0.5,464,encoded
0.6,0.4,0.5,464,consolidated
0.7,0.5,0.6,464,imagined
0.6,0.4,0.5,465,original
0.4,0.3,0.4,465,encoded
0.4,0.3,0.4,465,consolidated
0.6,0.5,0.5,465,imagined
0.5,0.3,0.4,466,original
0.5,0.4,0.3,466,encoded
0.4,0.3,0.3,466,consolidated
0.5,0.3,0.4,466,imagined
0.7,0.6,0.5,467,original
0.6,0.5,0.5,467,encoded
0.7,0.5,0.6,467,consolidated
0.5,0.4,0.4,467,imagined
0.8,0.7,0.6,468,original
0.8,0.6,0.7,468,encoded
0.8,0.6,0.7,468,consolidated
0.8,0.7,0.6,468,imagined
0.6,0.4,0.5,469,original
0.6,0.4,0.5,469,encoded
0.4,0.3,0.4,469,consolidated
0.2,0.1,0.3,469,imagined
0.8,0.6,0.7,470,original
0.7,0.6,0.5,470,encoded
0.7,0.5,0.6,470,consolidated
0.6,0.5,0.4,470,imagined
0.7,0.5,0.6,471,original
0.5,0.4,0.5,471,encoded
0.5,0.4,0.5,471,consolidated
0.8,0.7,0.6,471,imagined
0.8,0.6,0.7,472,original
0.7,0.6,0.5,472,encoded
0.7,0.5,0.6,472,consolidated
0.8,0.7,0.6,472,imagined
0.5,0.3,0.4,473,original
0.8,0.6,0.7,473,encoded
0.4,0.3,0.5,473,consolidated
0.6,0.5,0.4,473,imagined
0.7,0.6,0.5,474,original
0.7,0.6,0.5,474,encoded
0.7,0.6,0.5,474,consolidated
0.7,0.6,0.5,474,imagined
0.7,0.6,0.5,475,original
0.7,0.5,0.6,475,encoded
0.6,0.5,0.4,475,consolidated
0.3,0.2,0.4,475,imagined
0.5,0.3,0.4,476,original
0.6,0.4,0.5,476,encoded
0.6,0.4,0.5,476,consolidated
0.3,0.2,0.4,476,imagined
0.6,0.4,0.5,477,original
0.7,0.5,0.6,477,encoded
0.5,0.4,0.4,477,consolidated
0.2,0.1,0.3,477,imagined
0.6,0.4,0.5,478,original
0.6,0.4,0.5,478,encoded
0.5,0.3,0.4,478,consolidated
0.6,0.4,0.5,478,imagined
0.7,0.5,0.6,479,original
0.8,0.6,0.7,479,encoded
0.8,0.6,0.7,479,consolidated
0.6,0.4,0.5,479,imagined
0.6,0.4,0.5,480,original
0.8,0.5,0.6,480,encoded
0.8,0.5,0.6,480,consolidated
0.8,0.7,0.6,480,imagined
0.9,0.7,0.8,481,original
0.9,0.6,0.7,481,encoded
0.8,0.6,0.7,481,consolidated
0.8,0.7,0.6,481,imagined
0.8,0.6,0.7,482,original
0.9,0.7,0.8,482,encoded
0.9,0.7,0.8,482,consolidated
0.8,0.6,0.7,482,imagined
0.6,0.4,0.5,483,original
0.7,0.5,0.6,483,encoded
0.5,0.3,0.4,483,consolidated
0.8,0.7,0.6,483,imagined
0.8,0.6,0.7,484,original
0.8,0.7,0.6,484,encoded
0.8,0.6,0.7,484,consolidated
0.6,0.5,0.4,484,imagined
0.8,0.6,0.7,485,original
0.8,0.7,0.7,485,encoded
0.8,0.7,0.6,485,consolidated
0.8,0.7,0.6,485,imagined
0.5,0.3,0.4,486,original
0.7,0.5,0.6,486,encoded
0.7,0.5,0.6,486,consolidated
0.5,0.4,0.5,486,imagined
0.7,0.5,0.6,487,original
0.6,0.4,0.5,487,encoded
0.7,0.5,0.6,487,consolidated
0.2,0.1,0.3,487,imagined
0.8,0.6,0.7,488,original
0.9,0.6,0.8,488,encoded
0.9,0.7,0.8,488,consolidated
0.7,0.6,0.5,488,imagined
0.8,0.5,0.7,489,original
0.8,0.6,0.7,489,encoded
0.8,0.5,0.7,489,consolidated
0.8,0.6,0.7,489,imagined
0.6,0.4,0.5,490,original
0.6,0.5,0.5,490,encoded
0.5,0.4,0.5,490,consolidated
0.4,0.5,0.3,490,imagined
0.6,0.4,0.5,491,original
0.4,0.3,0.4,491,encoded
0.4,0.3,0.5,491,consolidated
0.7,0.5,0.6,491,imagined
0.8,0.6,0.7,492,original
0.8,0.6,0.7,492,encoded
0.8,0.6,0.7,492,consolidated
0.6,0.4,0.5,492,imagined
0.9,0.7,0.8,493,original
0.8,0.5,0.7,493,encoded
0.9,0.5,0.8,493,consolidated
0.4,0.3,0.5,493,imagined
0.7,0.5,0.6,494,original
0.7,0.5,0.6,494,encoded
0.7,0.5,0.6,494,consolidated
0.4,0.3,0.4,494,imagined
0.8,0.6,0.7,495,original
0.6,0.4,0.5,495,encoded
0.6,0.4,0.5,495,consolidated
0.3,0.2,0.4,495,imagined
0.6,0.4,0.5,496,original
0.5,0.3,0.4,496,encoded
0.4,0.3,0.5,496,consolidated
0.2,0.1,0.3,496,imagined
0.8,0.6,0.7,497,original
0.7,0.5,0.6,497,encoded
0.6,0.4,0.5,497,consolidated
0.5,0.4,0.5,497,imagined
0.7,0.5,0.6,498,original
0.7,0.5,0.6,498,encoded
0.7,0.5,0.6,498,consolidated
0.8,0.7,0.6,498,imagined
0.7,0.5,0.6,499,original
0.6,0.5,0.5,499,encoded
0.7,0.5,0.6,499,consolidated
0.4,0.3,0.5,499,imagined
